-- phpMyAdmin SQL Dump
-- version 4.7.4
-- https://www.phpmyadmin.net/
--
-- Host: 127.0.0.1
-- Generation Time: 23 Apr 2018 pada 03.54
-- Versi Server: 10.1.28-MariaDB
-- PHP Version: 7.0.24

SET SQL_MODE = "NO_AUTO_VALUE_ON_ZERO";
SET AUTOCOMMIT = 0;
START TRANSACTION;
SET time_zone = "+00:00";


/*!40101 SET @OLD_CHARACTER_SET_CLIENT=@@CHARACTER_SET_CLIENT */;
/*!40101 SET @OLD_CHARACTER_SET_RESULTS=@@CHARACTER_SET_RESULTS */;
/*!40101 SET @OLD_COLLATION_CONNECTION=@@COLLATION_CONNECTION */;
/*!40101 SET NAMES utf8mb4 */;

--
-- Database: `ppic`
--
CREATE DATABASE IF NOT EXISTS `ppic` DEFAULT CHARACTER SET latin1 COLLATE latin1_swedish_ci;
USE `ppic`;

-- --------------------------------------------------------

--
-- Struktur dari tabel `a_group`
--

CREATE TABLE `a_group` (
  `a_group_id` int(1) UNSIGNED NOT NULL,
  `a_group_level` int(1) UNSIGNED NOT NULL,
  `a_group_menu` int(1) UNSIGNED NOT NULL,
  `a_group_status` tinyint(1) UNSIGNED NOT NULL
) ENGINE=InnoDB DEFAULT CHARSET=latin1;

--
-- Dumping data untuk tabel `a_group`
--

INSERT INTO `a_group` (`a_group_id`, `a_group_level`, `a_group_menu`, `a_group_status`) VALUES
(1, 1, 1, 1),
(2, 1, 2, 1),
(3, 1, 3, 1),
(4, 1, 4, 1),
(5, 1, 5, 1),
(6, 1, 6, 1),
(7, 1, 7, 1),
(8, 1, 8, 1),
(9, 1, 9, 1),
(10, 1, 10, 1),
(11, 1, 28, 1),
(12, 1, 35, 1),
(13, 1, 36, 1),
(14, 1, 37, 1),
(15, 1, 38, 1),
(16, 1, 39, 1),
(17, 1, 40, 1),
(18, 1, 41, 1),
(19, 1, 42, 1),
(43, 6, 1, 1),
(44, 6, 2, 1),
(45, 6, 3, 1),
(46, 6, 4, 1),
(47, 6, 5, 1),
(48, 6, 6, 1),
(49, 6, 7, 0),
(50, 6, 8, 1),
(51, 6, 9, 1),
(52, 6, 10, 1),
(53, 6, 28, 1),
(54, 6, 35, 1),
(55, 6, 36, 1),
(56, 6, 37, 1),
(57, 6, 38, 0),
(58, 6, 39, 1),
(59, 6, 40, 1),
(60, 6, 41, 1),
(61, 6, 42, 1),
(62, 7, 1, 0),
(63, 7, 2, 1),
(64, 7, 3, 1),
(65, 7, 4, 0),
(66, 7, 5, 0),
(67, 7, 6, 0),
(68, 7, 7, 0),
(69, 7, 8, 0),
(70, 7, 9, 0),
(71, 7, 10, 0),
(72, 7, 28, 0),
(73, 7, 35, 0),
(74, 7, 36, 0),
(75, 7, 37, 1),
(76, 7, 38, 0),
(77, 7, 39, 1),
(78, 7, 40, 0),
(79, 7, 41, 0),
(80, 7, 42, 0),
(96, 1, 51, 1),
(97, 6, 51, 1),
(98, 7, 51, 0),
(99, 1, 52, 1),
(100, 6, 52, 1),
(101, 7, 52, 0),
(102, 1, 53, 1),
(103, 6, 53, 0),
(104, 7, 53, 0),
(105, 1, 54, 1),
(106, 6, 54, 0),
(107, 7, 54, 0),
(108, 1, 55, 1),
(109, 6, 55, 0),
(110, 7, 55, 0),
(111, 1, 56, 1),
(112, 6, 56, 0),
(113, 7, 56, 0),
(114, 1, 57, 1),
(115, 6, 57, 0),
(116, 7, 57, 0);

-- --------------------------------------------------------

--
-- Struktur dari tabel `a_level`
--

CREATE TABLE `a_level` (
  `a_level_id` int(1) UNSIGNED NOT NULL,
  `a_level_name` varchar(100) NOT NULL
) ENGINE=InnoDB DEFAULT CHARSET=latin1;

--
-- Dumping data untuk tabel `a_level`
--

INSERT INTO `a_level` (`a_level_id`, `a_level_name`) VALUES
(1, 'Administrator'),
(6, 'Supervisor'),
(7, 'User');

-- --------------------------------------------------------

--
-- Struktur dari tabel `a_menu`
--

CREATE TABLE `a_menu` (
  `a_menu_id` int(1) UNSIGNED NOT NULL,
  `a_menu_name` varchar(255) NOT NULL,
  `a_menu_parentId` int(1) UNSIGNED NOT NULL,
  `a_menu_uri` varchar(255) NOT NULL,
  `a_menu_iconCls` varchar(255) NOT NULL,
  `a_menu_type` enum('dialog','messager','tabs','window') NOT NULL
) ENGINE=InnoDB DEFAULT CHARSET=latin1 COMMENT='Admin Menu';

--
-- Dumping data untuk tabel `a_menu`
--

INSERT INTO `a_menu` (`a_menu_id`, `a_menu_name`, `a_menu_parentId`, `a_menu_uri`, `a_menu_iconCls`, `a_menu_type`) VALUES
(1, 'Master', 0, '', 'icon-master', ''),
(2, 'Transaksi', 0, '', 'icon-transaksi', ''),
(3, 'Report', 0, '', 'icon-print', ''),
(4, 'Admin', 0, '', 'icon-admin', ''),
(5, 'Setting', 0, '', 'icon-setup', ''),
(6, 'Admin User', 4, 'admin/user', 'icon-man', 'tabs'),
(7, 'Admin Menu', 4, 'admin/menu', 'icon-menu', 'tabs'),
(8, 'General', 5, '', 'icon-general', 'dialog'),
(9, 'Master Customer', 1, 'master/customer', 'icon-master', 'tabs'),
(10, 'Master Item', 1, 'master/item', 'icon-master', 'tabs'),
(28, 'Master Vendor', 1, 'master/vendor', 'icon-master', 'tabs'),
(35, 'Master Kategori Proses', 1, 'master/proccat', 'icon-master', 'tabs'),
(36, 'Master Wire, Tools & Washer', 1, 'master/wtw', 'icon-master', 'tabs'),
(37, 'Transaksi PO', 2, 'transaksi/po', 'icon-transaksi', 'tabs'),
(38, 'Admin Group', 4, 'admin/group', 'icon-user', 'tabs'),
(39, 'Report Hasil Produksi Excel', 3, 'report/prodexcel', 'icon-print', 'dialog'),
(40, 'Master Computer', 1, 'master/computer', 'icon-master', 'tabs'),
(41, 'Master Machine', 1, 'master/machine', 'icon-master', 'tabs'),
(42, 'Master Marking', 1, 'master/marking', 'icon-master', 'tabs'),
(51, 'Inquiry', 0, '', 'icon-inquiry', ''),
(52, 'Inquiry Mutasi WIP', 51, 'inquiry/mutasi', 'icon-search-2', 'dialog'),
(53, 'Master Operator', 1, 'master/operator', 'icon-master', 'tabs'),
(54, 'Inquiry Rekapitulasi', 51, 'inquiry/rekap', 'icon-search-2', 'dialog'),
(55, 'Cetak Kartu', 3, 'report/kartuorder', 'icon-print', 'dialog'),
(56, 'Transaksi Subcount OUT', 2, 'transaksi/subout', 'icon-transaksi', 'tabs'),
(57, 'Transaksi Subcount IN', 2, 'transaksi/subin', 'icon-transaksi', 'tabs');

-- --------------------------------------------------------

--
-- Struktur dari tabel `a_user`
--

CREATE TABLE `a_user` (
  `a_user_id` int(1) NOT NULL,
  `a_user_name` varchar(100) CHARACTER SET latin1 COLLATE latin1_general_cs NOT NULL,
  `a_user_username` varchar(100) CHARACTER SET latin1 COLLATE latin1_general_cs NOT NULL,
  `a_user_password` varchar(100) NOT NULL,
  `a_user_level` int(1) UNSIGNED NOT NULL
) ENGINE=InnoDB DEFAULT CHARSET=latin1 COMMENT='Master User';

--
-- Dumping data untuk tabel `a_user`
--

INSERT INTO `a_user` (`a_user_id`, `a_user_name`, `a_user_username`, `a_user_password`, `a_user_level`) VALUES
(1, 'Agus Setiawan', 'agus', 'c4ca4238a0b923820dcc509a6f75849b', 1),
(2, 'Karyadi', 'kkyadi', 'c4ca4238a0b923820dcc509a6f75849b', 7),
(3, 'Operator', 'operator', 'c4ca4238a0b923820dcc509a6f75849b', 7),
(4, 'Feri Panzer', 'feri', 'c4ca4238a0b923820dcc509a6f75849b', 6);

-- --------------------------------------------------------

--
-- Struktur dari tabel `menu`
--

CREATE TABLE `menu` (
  `id` int(1) NOT NULL,
  `name` varchar(255) NOT NULL,
  `parentId` int(1) NOT NULL,
  `uri` varchar(255) NOT NULL,
  `allowed` varchar(255) NOT NULL,
  `iconCls` varchar(255) NOT NULL,
  `type` enum('dialog','messager','tabs','window') NOT NULL
) ENGINE=InnoDB DEFAULT CHARSET=latin1 COMMENT='Admin Menu';

--
-- Dumping data untuk tabel `menu`
--

INSERT INTO `menu` (`id`, `name`, `parentId`, `uri`, `allowed`, `iconCls`, `type`) VALUES
(1, 'Master', 0, '', '+1+2+', 'icon-master', ''),
(2, 'Transaksi', 0, '', '+1+2+3+', 'icon-transaksi', ''),
(3, 'Report', 0, '', '+1+', 'icon-print', ''),
(4, 'Admin', 0, '', '+1+', 'icon-admin', ''),
(5, 'Setting', 0, '', '+1+', 'icon-setup', ''),
(6, 'Admin User', 4, 'admin/user', '+1+', 'icon-user', 'tabs'),
(7, 'Admin Menu', 4, 'admin/menu', '+1+', 'icon-menu', 'tabs'),
(8, 'General', 5, '', '+1+', 'icon-general', 'dialog'),
(9, 'Master Karyawan', 1, 'master/karyawan', '+1+2+', 'icon-master', 'tabs'),
(10, 'Master Departemen', 1, 'master/departemen', '+1+2+', 'icon-master', 'tabs'),
(12, 'Permohonan Izin', 2, 'transaksi/izin', '+1+2+', 'icon-transaksi', 'tabs'),
(13, 'Permintaan Cuti', 2, 'transaksi/cuti', '+1+2+', 'icon-transaksi', 'tabs'),
(14, 'Pinjam Kendaraan', 2, 'transaksi/pjken', '+1+2+', 'icon-transaksi', 'tabs'),
(15, 'Bon Permintaan Barang', 2, 'transaksi/bpb', '+1+2+', 'icon-transaksi', 'tabs'),
(17, 'Daftar Keterlambatan', 2, 'transaksi/terlambat', '+1+2+', 'icon-transaksi', 'tabs'),
(18, 'Absensi Manual', 2, 'transaksi/absenman', '+1+2+', 'icon-transaksi', 'tabs'),
(19, 'Dinas Luar', 2, 'transaksi/dl', '+1+2+', 'icon-transaksi', 'tabs'),
(22, 'Master Mobil', 1, 'master/mobil', '+1+2+', 'icon-master', 'tabs'),
(23, 'Master Cuti', 1, 'master/cuti', '+1+2+', 'icon-master', 'tabs');

-- --------------------------------------------------------

--
-- Struktur dari tabel `m_bom`
--

CREATE TABLE `m_bom` (
  `m_bom_id` int(1) UNSIGNED NOT NULL,
  `m_bom_item` int(1) UNSIGNED NOT NULL,
  `m_bom_qty` decimal(11,2) UNSIGNED NOT NULL
) ENGINE=InnoDB DEFAULT CHARSET=latin1;

--
-- Dumping data untuk tabel `m_bom`
--

INSERT INTO `m_bom` (`m_bom_id`, `m_bom_item`, `m_bom_qty`) VALUES
(10000002, 81010001, '22.00'),
(10000002, 67000026, '232.00'),
(10000001, 81010001, '10334.00'),
(10000001, 67000026, '45.00'),
(10000001, 54634, '3.00'),
(10000001, 33, '67.00'),
(10000002, 80010001, '1.54'),
(10000002, 54634, '2.00'),
(10000002, 67000027, '1.00'),
(10000001, 80110007, '0.78'),
(20000476, 80010208, '3.08'),
(20000477, 80010208, '3.08'),
(10000007, 81010001, '10334.00'),
(10000007, 67000026, '45.00'),
(10000007, 54634, '3.00'),
(10000007, 33, '67.00'),
(10000007, 80110007, '0.78'),
(10000009, 80010208, '3.08'),
(10000005, 81010001, '22.00'),
(10000005, 67000026, '232.00'),
(10000005, 80010001, '1.54'),
(10000005, 54634, '2.00'),
(10000005, 67000027, '1.00');

-- --------------------------------------------------------

--
-- Struktur dari tabel `m_computer`
--

CREATE TABLE `m_computer` (
  `m_computer_id` int(1) UNSIGNED NOT NULL,
  `m_computer_name` varchar(50) NOT NULL,
  `m_computer_ip` varchar(45) NOT NULL,
  `m_computer_process_cat` tinyint(1) UNSIGNED NOT NULL
) ENGINE=InnoDB DEFAULT CHARSET=latin1;

--
-- Dumping data untuk tabel `m_computer`
--

INSERT INTO `m_computer` (`m_computer_id`, `m_computer_name`, `m_computer_ip`, `m_computer_process_cat`) VALUES
(1, 'HL1', '::1', 16),
(2, 'SL1', '453454', 30),
(3, 'TR1', '192.168.0.161', 5),
(14, 'RL1', '10.3.4.6', 27),
(15, 'fdfg', '192.168.0.9', 16),
(16, 'ggv', '192.168.0.85', 16),
(17, 'HL3', '192.168.0.47', 16),
(18, 'RL6', '192.168.0.48', 27),
(19, 'asd', '192.168.0.251', 30),
(20, 'note2', '192.168.4.100', 16),
(21, 'fu', '10.1.1.4', 5),
(22, 'FU1', '10.1.1.6', 15),
(23, 'PL1', '10.3.4.2', 19);

-- --------------------------------------------------------

--
-- Struktur dari tabel `m_cust`
--

CREATE TABLE `m_cust` (
  `m_cust_id` varchar(5) NOT NULL,
  `m_cust_name` varchar(50) NOT NULL
) ENGINE=InnoDB DEFAULT CHARSET=latin1;

--
-- Dumping data untuk tabel `m_cust`
--

INSERT INTO `m_cust` (`m_cust_id`, `m_cust_name`) VALUES
('00001', 'PT. APM ARMADA AUTOPART'),
('00002', 'PT. TIGA BERLIAN ELEKTRIK'),
('00003', 'PT. ASTRA  OTOPARTS'),
('00004', 'PT. AST INDONESIA'),
('00005', 'PT. CHITOSE INDONESIA Mfg.'),
('00006', 'PT. DAE SOUNG ELECTRIC COMPONENTS'),
('00007', 'PT. DAIHWA INDUSTRIAL'),
('00008', 'PT. ELEMOTOR MENIDES INDONESIA'),
('00009', 'PT. ROKI INDONESIA'),
('00010', 'PT. HARTONO / PT. PLYSINDO'),
('00011', 'PT. HARTONO ISTANA TEKNOLOGI KUDUS'),
('00012', 'PT. HARTONO ISTANA TEKNOLOGI SAYUNG'),
('00013', 'PT. ICHIKOH INDUSTRIES'),
('00014', 'PT. IHARA MANUFACTURING INDONESIA'),
('00015', 'PT. INDONESIA NIPPON SEIKI'),
('00016', 'PT. INTIPOLYMETAL'),
('00017', 'PT. INDO SAFETY SENTOSA INDUSTRI'),
('00018', 'PT. SUZUKI INDOMOBIL MOTOR (TAMBUN)'),
('00019', 'PT. GEUM CHEON'),
('00020', 'PT. SUZUKI INDOMOBIL MOTOR (CAKUNG)'),
('00021', 'PT. INDONESIA STANLEY ELECTRIC'),
('00022', 'PT. JAYA VICTORI'),
('00023', 'PT. KEINTECH ELC.IND'),
('00024', 'PT. ADYA WANSA'),
('00025', 'PT. KIRIN GRIYA INDONESIA'),
('00026', 'PT. KAWASAKI MOTOR INDONESIA'),
('00027', 'PT. LGE AC'),
('00028', 'PT. LGE KULKAS'),
('00029', 'PT. LGE TV'),
('00030', 'PT. MASPION'),
('00031', 'PT. PANASONIC ELECTRONIC WORK GOBEL'),
('00032', 'PT. GALIH SEKAR SAKTI'),
('00033', 'PT. MECOINDO'),
('00034', 'PT. MEIWA INDONESIA'),
('00035', 'PT. METBELOSA'),
('00036', 'PT. YAMAHA MOTOR ELECTRONICS INDONESIA (YEID)'),
('00037', 'PT. MITSUBA INDONESIA'),
('00038', 'PT. MITSUBISHI KRAMAYUDHA MOTORS'),
('00039', 'PT. SHARP YASONTA AUDIO'),
('00040', 'PT. MINDA ASEAN AUTOMOTIVE'),
('00041', 'PT. PANASONIC AC'),
('00042', 'PT. PANASONIC FAN'),
('00043', 'PT. PROGRES TOYO INDONESIA'),
('00044', 'PT. PANASONIC REF'),
('00045', 'PT. PANASONIC TV'),
('00046', 'PT. PANASONIC WH / HU'),
('00047', 'PT. PANASONIC WP'),
('00048', 'PT. OCHIAI MENARA INDONESIA'),
('00049', 'PT. PAMINDO TANGERANG'),
('00050', 'PT. PANGGUNG ELECTRIC'),
('00051', 'PT. PEMBINA GALINDRA ELECTRIC'),
('00052', 'PT. PROFESINDO JAYA INTI'),
('00053', 'PT. SANDEN INDONESIA'),
('00054', 'PT. SANYO INDONESIA COMPRESSOR'),
('00055', 'PT. SEJIN'),
('00056', 'PT. SHINDENGEN INDONESIA'),
('00057', 'PT. SANYO INDONESIA - REF'),
('00058', 'PT. SHINTO KOGYO INDONESIA'),
('00059', 'PT. SHOWPLA INDONESIA'),
('00060', 'PT. FCC INDONESIA'),
('00061', 'PT. SANYO INDUSTRI IND - WM'),
('00062', 'PT. SANYO INDUTRI IND  - WP'),
('00063', 'PT. SHARP ELECTRONICS INDONESIA (HA)'),
('00064', 'PT. DHARMA POLY METAL'),
('00065', 'PT. SHARP ELECTRONICS INDONESIA (TV)'),
('00066', 'PT. TOYO DENSO INDONESIA'),
('00067', 'PT. SAMWON CUPPER TUBE'),
('00068', 'PT. PANASONIC MC'),
('00069', 'PT. TOA GALVA INDUSTRIES SP2'),
('00070', 'PT. TOYODA GOSEI SAFETY SISTEM'),
('00071', 'PT. TSUANG HINE INDUSTRIAL'),
('00072', 'PT. SEBASTIAN JAYA METAL'),
('00073', 'PT. UTAMA RAYA MOTOR'),
('00074', 'PT. INDO VDO INSTRUMENT'),
('00075', 'PT. PANCA MOTOR'),
('00076', 'PT. YANMAR DIESEL INDONESIA'),
('00077', 'PT. YAMAHA INDONESIA MOTOR'),
('00078', 'PT. YKK ALUMICO INDONESIA'),
('00079', 'PT. YASUNLI ABADI UTAMA PLASTIK'),
('00080', 'PT. PARAMOUNT BED IND.'),
('00081', 'PT. ORIENTAL KYOWA INDONESIA'),
('00082', 'PT. YAMAHA ELECTRONIC Mfg. IND'),
('00083', 'PT. SHIN HEUNG INDONESIA'),
('00084', 'PT. METINDO ERA SAKTI'),
('00085', 'PT. YASUFUKU INDONESIA'),
('00086', 'PT. ASALTA MANDIRI AGUNG'),
('00087', 'PT. WIRACANA'),
('00088', 'PT. FOSTER ELECTRIC'),
('00089', 'PT. DAIHATSU MOTOR'),
('00090', 'PT. IRC INDAC'),
('00091', 'PT. B.S INDONESIA'),
('00092', 'PT. YAMAHA MOTOR NUANSA INDONESIA'),
('00093', 'PT. HONDA LOCK INDONESIA'),
('00094', 'PT. POSMI STEEL INDONESIA'),
('00095', 'PT. GUNA SENAPUTRA SEJAHTERA'),
('00096', 'PT. HANS PLATINDO'),
('00097', 'PT. EXEDY INDONESIA'),
('00098', 'PT. CHANDRA NUGRAH CEMERLANG'),
('00099', 'PT. TRIMITRA CITRA HASTA'),
('00100', 'PT. GARPAN TRI ASKINDO'),
('00101', 'PT. DAYA KARSA'),
('00102', 'PT. ASAHI DENSO INDONESIA'),
('00103', 'PT. ARISA MANDIRI PRATAMA'),
('00104', 'PT. KYORAKU BLOWMOLDING INDONESIA'),
('00105', 'PT. TS TECH'),
('00106', 'PT. MELCO INDAH'),
('00107', 'PT. SARI PEKAYON NUSANTARA'),
('00108', 'PT. HUTAMA KREASI'),
('00109', 'PT. CITRA BANDUNG LAKSANA'),
('00110', 'PT. MING HORNG INDUSTRI'),
('00111', 'PT. KRAMA YUDHA TIGA BERLIAN'),
('00112', 'PT. MOVING TECH'),
('00113', 'PT. CHAOLONG'),
('00114', 'PT. FUJI MEIWA'),
('00115', 'PT. ELEKTRON  PARTS TECHNOLOGI INDONESIA'),
('00116', 'PT. CHEMCO HARAPAN NUSANTARA'),
('00117', 'PT. MURADON BERLIAN SAKTI'),
('00118', 'PT. PRICOL SURYA'),
('00119', 'PT. ASIA HODA INDONESIA'),
('00120', 'PT. MIKUNI INDONESIA'),
('00121', 'PT. USRA TAMPI INDONESIA'),
('00122', 'PT. SANWA PRESSWORK INDONESIA'),
('00123', 'PT. TRI MENTARI NIAGA'),
('00124', 'PT. HINO MOTOR MANUFACTURING INDONESIA'),
('00125', 'PT. FUJI SEAT INDONESIA'),
('00126', 'PT. LESTARI TEKHNIK'),
('00127', 'PT. CHANDRA NUGERAH  CIPTA'),
('00128', 'PT. PADMA SOODE INDONESIA'),
('00129', 'PT. GALINDRA MULTI CIPTA'),
('00130', 'PT. PAMINDO TIGA T'),
('00131', 'PT. EXEDY MOTORCYCLE INDONESIA'),
('00132', 'PT. TAKAGI SARI MULTI UTAMA'),
('00133', 'PT. TOYOTA BOSHOKU INDONESIA'),
('00134', 'PT. RAHMAT PERDANA ADI METAL'),
('00135', 'PT. KUBOTA'),
('00136', 'PT. SETIA GUNA SEJATI'),
('00137', 'PT. MEKAR ARMADA JAYA'),
('00138', 'PT. PERMA PLASINDO'),
('00139', 'PT. MUSASHI'),
('00140', 'PT. SUZUKI INDOMOBIL MOTOR (4W)'),
('00141', 'PT. EAGLE INDUSTRI INDONESIA'),
('00142', 'PT. YAMAHA MUSIC MANUFACTURING ASIA'),
('00143', 'PT. KATOLEC INDONESIA'),
('00144', 'PT. TAIYO TOSHIN INDONESIA'),
('00145', 'PT. ISUZU ASTRA MOTOR'),
('00146', 'PT. RAGAM KARYA MANDIRI'),
('00147', 'PT. NANDYA K'),
('00148', 'PT. SANGIL INDONESIA'),
('00149', 'PT. SHARP ELECTRIC INDONESIA (WM)'),
('00150', 'PT. TOYOPLAST MANUFACTURING INDONESIA'),
('00151', 'PT. SINAR PRIMA PLASTISINDO'),
('00152', 'PT. TOA GALINDRA ELEKTRIK'),
('00153', 'PT. METALINDO MULTI DINAMIKA MANDIRI'),
('00154', 'PT. EKA  TRADISI'),
('00155', 'PT. INTI PLASTIK ANEKA KARET'),
('00156', 'PT. JUAHN INDONESIA'),
('00157', 'PT. TECHNO PLAST'),
('00158', 'PT. GEMALA KEMPA DAYA'),
('00159', 'PT. ARMADA JHONSON CONTROL'),
('00160', 'PT. MARAFUJI KENZAI IND.'),
('00161', 'PT. INDONESIA EPSON INDUSTRY'),
('00162', 'PT. AKEBONO BRAKE ASTRA INDONESIA'),
('00163', 'PT. CAHAYA MANDALA'),
('00164', 'PT. SAGATEKNINDO SEJATI'),
('00165', 'PT. SHARP SEMICONDUCTOR INDONESIA'),
('00166', 'PT. YAMAHA INNDONESIA'),
('00167', 'PT. SORAYA INTERINDO'),
('00168', 'PT. TASHIMA DAYA SENTOSA'),
('00169', 'PT. INDONESIA THAI SUMMIT'),
('00170', 'PT. BONECOM TRICOM'),
('00171', 'PT. EXEDY VIETNAM CO. LTD'),
('00172', 'PT. ARTA UTAMA PLASINDO'),
('00173', 'PT. TRI SAUDARA SENTOSA INDUSTRI'),
('00174', 'PT. KIYOKUNI INDONESIA'),
('00175', 'PT. INDONESIA MATSUYA'),
('00176', 'PT. MAKOTO JAYA ABADI'),
('00177', 'PT. TRADISI MANUFACTURING INDONESIA'),
('00178', 'PT. MURAMOTO ELEKTRONIKA INDONESIA'),
('00179', 'PT. FUKOKU TOKAI RUBER INDONESIA'),
('00180', 'PT. BATARA INDAH'),
('00181', 'PT. CITRA NUGRAHA KARYA'),
('00182', 'PT. EPS INDONESIA'),
('00183', 'PT. SARI TAKAGI ELOK PRODUK'),
('00184', 'PT. INDOTECH METAL NUSANTARA'),
('00185', 'PT. SUPER SINAR ABADI'),
('00186', 'PT. TRI JAYA UNION'),
('00187', 'PT. PANA CIPTA SENAN COMPONEN'),
('00188', 'PT. EXEDY MOTORCYCLE  THAILAND'),
('00189', 'PT. OLGA SARANA'),
('00190', 'PT. SINAR ALUM SARANA'),
('00191', 'PT. KEPSONIC'),
('00192', 'PT. PRIMA COMPONEN INDONESIA'),
('00193', 'PT. JERLIN  KENCANA SAKTI'),
('00194', 'PT. SUBUR DJAYA TEGUH'),
('00195', 'PT. PARKER METAL TREATMENT IND'),
('00196', 'PT. MEIWA KOGYO INDONESIA'),
('00197', 'PT. JTEKT INDONESIA'),
('00198', 'PT. PATCO ELEKTRONIK TEKNOLOGI'),
('00199', 'PT. BANDA TAMA DWI JAYA PUTRA'),
('00200', 'PT. YANMAR ARGICULTULAR.M'),
('00201', 'PT. Panasonic Elektric Works Mitra Indonesia'),
('00202', 'PT. TSC MANUFAKTURING'),
('00203', 'PT. KEIHIN INDONESIA'),
('00204', 'PT. ORIENTAL MANUFACTURING INDONESIA'),
('00205', 'PT. GLOBAL DIMENSI METALINDO'),
('00206', 'PT. JIDECO INDONESIA'),
('00207', 'PT. WIKA INTRADE'),
('00208', 'PT. ANUGRAH BIMETALINDO'),
('00209', 'PT. FAJAR CAHAYA'),
('00210', 'PT. YOSKA PRIMA INTI'),
('00211', 'PT. KAYABA INDONESIA'),
('00212', 'PT. SURYA CIPTA METAL MANDIRI'),
('00213', 'PT. BANDRO ENGINERING GEMILANG SEMESTA'),
('00214', 'PT. HASURA  MITRA GEMILANG'),
('00215', 'PT. HAIER ELECTRICAL APPLIANCES INDONESIA'),
('00216', 'PT. ASTRA DAIHATSU MOTOR'),
('00217', 'PT. ASTRA KOMPONEN INDONESIA'),
('00218', 'PT. DENSO INDONESIA'),
('00219', 'PT. BAHAGIA SEJAHTERA METALINDO'),
('00220', 'PT. MULTI RETAILINDO'),
('00221', 'PT. ADHI WIJAYA CITRA'),
('00222', 'PT. CIPTA PERDANA LANCAR'),
('00223', 'PT. NIRMALA TIRTA PUTRA'),
('00224', 'PT. SPARTA GUNA SENTOSA'),
('00225', 'PT. SANKEIKID MANUTEC'),
('00226', 'PT. PANASONIC MANUFACTURING INDONESIA (PC)'),
('00227', 'PT. KARYA BAHANA UNIGRAM'),
('00228', 'PT. STAR MUSTIKA PLASTMETAL'),
('00229', 'PT. VEGA MANDIRI'),
('00230', 'PT. CONTINENTAL AUTOMOTIVE COMPONENTS MALAYSIA SDN'),
('00231', 'PT. MULTI KARYA SINAR DINAMIKA'),
('00232', 'PT. MINDA TRADING'),
('00233', 'PT. INDONESIA KOITO'),
('00234', 'PT. ALPINDO MITRA BAJA'),
('00235', 'PT. NISSEN CHEMITEC INDONESIA'),
('00236', 'PT. YUDISTIRA KOMPONEN'),
('00237', 'PT. TENMA'),
('00238', 'PT. AISIN INDONESIA'),
('00239', 'PT. MAH SING INDONESIA'),
('00240', 'PT. KARYA HIDUP SENTOSA'),
('00241', 'PT. BERTINDO JAYA RAYA'),
('00242', 'PT. YKT GEAR INDONESIA'),
('00243', 'PT. INTI TEHNIK SEJAHTERA'),
('00244', 'PT. DELA CEMARA INDAH'),
('00245', 'PT. KASAI TECK'),
('00246', 'PT. SINAR BERLIAN CHEMINDO'),
('00247', 'PT. RODA NADA KARYA'),
('1', 'ddd); DROP TABLE test;--'),
('112', 'dd'),
('56', '; DROP TABLE test;--');

-- --------------------------------------------------------

--
-- Struktur dari tabel `m_item`
--

CREATE TABLE `m_item` (
  `m_item_id` int(1) UNSIGNED NOT NULL,
  `m_item_name` varchar(50) NOT NULL,
  `m_item_net_weight` decimal(5,2) UNSIGNED NOT NULL,
  `m_item_ext_id` int(1) UNSIGNED NOT NULL,
  `m_item_qty_box` decimal(7,0) UNSIGNED NOT NULL,
  `m_item_note` text NOT NULL,
  `m_item_mark` tinyint(1) UNSIGNED NOT NULL DEFAULT '1',
  `m_item_baking` tinyint(1) UNSIGNED NOT NULL,
  `m_item_bom_stat` tinyint(1) UNSIGNED NOT NULL,
  `m_item_route_stat` tinyint(1) UNSIGNED NOT NULL
) ENGINE=InnoDB DEFAULT CHARSET=latin1;

--
-- Dumping data untuk tabel `m_item`
--

INSERT INTO `m_item` (`m_item_id`, `m_item_name`, `m_item_net_weight`, `m_item_ext_id`, `m_item_qty_box`, `m_item_note`, `m_item_mark`, `m_item_baking`, `m_item_bom_stat`, `m_item_route_stat`) VALUES
(10000001, 'BMK 3 X 6.5 NI ±', '0.63', 18000004, '35000', 'LIHAT GAMBAR : S-1K3004\r\nLIHAT\r\nTESTTEST TEST\r\nTEST 2 TEST 2\r\nBARIS 5', 2, 1, 1, 1),
(10000002, 'BMK 4 X 8 NI -', '4.00', 10000002, '50000', 'hARAP dI bAKAR\r\nkARUNGIN aja Kalo Perlu\r\nHrc yang lunak', 1, 1, 1, 0),
(10000003, 'BMK 6 X 10 NI -', '0.00', 0, '0', '', 1, 0, 1, 0),
(10000004, 'BMK 6 X 12.5 BC -', '0.00', 0, '0', '', 1, 0, 0, 1),
(10000005, 'BMN 3 X 4.3 NI D6T0.5', '0.00', 0, '0', 'a', 1, 0, 0, 0),
(10000006, 'BMN 4 X 6 NI D8T0.8', '0.00', 0, '0', '', 1, 0, 0, 0),
(10000007, 'BMN 4 X 8 NI D8T0.8', '0.00', 0, '0', '', 1, 0, 0, 0),
(10000008, 'BMN 4 X 12 NI D8T0.8', '0.00', 0, '0', '', 1, 0, 0, 0),
(10000009, 'BMP 3 X 4.3 NI ?', '0.00', 0, '0', '', 1, 0, 0, 0),
(10000010, 'BMP 4 X 6 BC', '0.00', 0, '0', '', 1, 0, 0, 0),
(10000011, 'SMB 3 X 6 MC', '0.00', 0, '0', '', 1, 0, 0, 0),
(10000012, 'SMB 3 X 6 ZK', '0.00', 0, '0', '', 1, 0, 0, 0),
(10000013, 'SMB 3 X 8 MC', '0.00', 0, '0', '', 1, 0, 0, 0),
(10000014, 'SMB 3 X 8 ZK', '0.00', 0, '0', '', 1, 0, 0, 0),
(10000015, 'SMB 3 X 10 MC', '0.00', 0, '0', '', 1, 0, 0, 0),
(10000016, 'SMB 3 X 10 ZK', '0.00', 0, '0', '', 1, 0, 0, 0),
(10000017, 'SMB 3 X 12 MC', '0.00', 0, '0', '', 1, 0, 0, 0),
(10000018, 'SMB 3 X 20 MC', '0.00', 0, '0', '', 1, 0, 0, 0),
(10000019, 'SMB 3.5 X 7.2 MC ? BLANK 1.6', '0.00', 0, '0', '', 1, 0, 0, 0),
(10000020, 'SMB 4 X 6 MC ?', '0.00', 0, '0', '', 1, 0, 0, 0),
(10000021, 'SMB 4 X 6 ZK ?', '0.00', 0, '0', '', 1, 0, 0, 0),
(10000022, 'SMB 4 X 8 MC', '0.00', 0, '0', '', 1, 0, 0, 0),
(10000023, 'SMB 4 X 10 MC', '0.00', 0, '0', '', 1, 0, 0, 0),
(10000024, 'SMB 4 X 10 NI', '0.00', 0, '0', '', 1, 0, 0, 0),
(10000025, 'SMB 4 X 12 ZK', '0.00', 0, '0', '', 1, 0, 0, 0),
(10000026, 'SMB 4 X 15 MC', '0.00', 0, '0', '', 1, 0, 0, 0),
(10000027, 'SMB 4 X 16 MC PZ', '0.00', 0, '0', '', 1, 0, 0, 0),
(10000028, 'SMB 4 X 20 MC', '0.00', 0, '0', '', 1, 0, 0, 0),
(10000029, 'SMB 5 X 10 ZK', '0.00', 0, '0', '', 1, 0, 0, 0),
(10000030, 'SMB 5 X 25 MC', '0.00', 0, '0', '', 1, 0, 0, 0),
(10000031, 'SMB 6 X 8 GR', '0.00', 0, '0', '', 1, 0, 0, 0),
(10000032, 'SMB 6 X 16 GR', '0.00', 0, '0', '', 1, 0, 0, 0),
(10000033, 'SMB 6 X 16 ZK', '0.00', 0, '0', '', 1, 0, 0, 0),
(10000034, 'SMF 3 X 6 NI', '0.00', 0, '0', '', 1, 0, 0, 0),
(10000035, 'SMF 4 X 12 MC', '0.00', 0, '0', '', 1, 0, 0, 0),
(10000036, 'SMF 5 X 12 MC', '0.00', 0, '0', '', 1, 0, 0, 0),
(10000037, 'SMF 5 X 12 UC', '0.00', 0, '0', '', 1, 0, 0, 0),
(10000038, 'SMF 5 X 12 ZK', '0.00', 0, '0', '', 1, 0, 0, 0),
(10000039, 'SMF 5 X 30 UC', '0.00', 0, '0', '', 1, 0, 0, 0),
(10000040, 'SMF 6 X 12 UC', '0.00', 0, '0', '', 1, 0, 0, 0),
(10000041, 'SMF 6 X 15 UC D10', '0.00', 0, '0', '', 1, 0, 0, 0),
(10000042, 'SMF 6 X 15 NI D10', '0.00', 0, '0', '', 1, 0, 0, 0),
(10000043, 'SMF 6 X 20 GR', '0.00', 0, '0', '', 1, 0, 0, 0),
(10000044, 'SMF 6 X 20 UC', '0.00', 0, '0', '', 1, 0, 0, 0),
(10000045, 'SMF 6 X 30-24 GR', '0.00', 0, '0', '', 1, 0, 0, 0),
(10000046, 'SMH 4 X 8 MC UPSET', '0.00', 0, '0', '', 1, 0, 0, 0),
(10000047, 'SMH 4 X 12 MC +', '0.00', 0, '0', '', 1, 0, 0, 0),
(10000048, 'SMH 4 X 18 MC TRIMING', '0.00', 0, '0', '', 1, 0, 0, 0),
(10000049, 'SMH 4 X 20 MC TRIMING', '0.00', 0, '0', '', 1, 0, 0, 0),
(10000050, 'SMH 6 X 14 UC +', '0.00', 0, '0', '', 1, 0, 0, 0),
(10000051, 'SMH 6 X 15 MC G4', '0.00', 0, '0', '', 1, 0, 0, 0),
(10000052, 'SMH 6 X 15 UC G4', '0.00', 0, '40000', '', 1, 0, 0, 0),
(10000053, 'SMH 6 X 20 UC G4', '0.00', 0, '0', '', 1, 0, 0, 0),
(10000054, 'SMH 6 X 22 MC 45KT', '0.00', 0, '0', '', 1, 0, 0, 0),
(10000055, 'SMH 6 X 30 MC', '0.00', 0, '0', '', 1, 0, 0, 0),
(10000056, 'SMH 6 X 45 MC G4', '0.00', 0, '0', '', 1, 0, 0, 0),
(10000057, 'SMH 6 X 55 MC G4', '0.00', 0, '0', '', 1, 0, 0, 0),
(10000058, 'SMH 8 X 15 MC TR G4 K13', '0.00', 0, '0', '', 1, 0, 0, 0),
(10000059, 'SMH 8 X 15 ZK TR G4 K13', '0.00', 0, '0', '', 1, 0, 0, 0),
(10000060, 'SMH 8 X 20 MC TR G4 K13', '0.00', 0, '0', '', 1, 0, 0, 0),
(10000061, 'SMH 8 X 20 NI TR G4 K13', '0.00', 0, '0', '', 1, 0, 0, 0),
(10000062, 'SMH 8 X 20 ZK TR G4 K13', '0.00', 0, '0', '', 1, 0, 0, 0),
(10000063, 'SMH 8 X 25 MC TR G4 K12', '0.00', 0, '0', '', 1, 0, 0, 0),
(10000064, 'SMH 8 X 60-18 MC3 G4 K12', '0.00', 0, '0', '', 1, 0, 0, 0),
(10000065, 'SMH 8 X 25 ZK TR G4 K13', '0.00', 0, '0', '', 1, 0, 0, 0),
(10000066, 'SMH 8 X 30 UC TR G4 K13', '0.00', 0, '0', '', 1, 0, 0, 0),
(10000067, 'SMH 8 X 35 UC TR G4 K13', '0.00', 0, '0', '', 1, 0, 0, 0),
(10000068, 'SMH 8 X 45 MC TR G4 K12', '0.00', 0, '0', '', 1, 0, 0, 0),
(10000069, 'SMH 8 X 45 UC TR G4 K13', '0.00', 0, '0', '', 1, 0, 0, 0),
(10000070, 'SMH 8 X 60 MC TR G4 K12', '0.00', 0, '0', '', 1, 0, 0, 0),
(10000071, 'SMK 3 X 8.2 MC -', '0.00', 0, '0', '', 1, 0, 0, 0),
(10000072, 'SMK 5 X #10-24X37.7 UC', '0.00', 0, '0', '', 1, 0, 0, 0),
(10000073, 'SMK 5 X 12 MC -', '0.00', 0, '0', '', 1, 0, 0, 0),
(10000074, 'SMK 5 X 50 KZ', '0.00', 0, '0', '', 1, 0, 0, 0),
(10000075, 'SMK 5 X M5X37.7 MC', '0.00', 0, '0', '', 1, 0, 0, 0),
(10000076, 'SMK 6 X 14 KZ', '0.00', 0, '0', '', 1, 0, 0, 0),
(10000077, 'SMKS 3 X 25 ZK', '0.00', 0, '0', '', 1, 0, 0, 0),
(10000078, 'SMN 3 X 6 NI D8T0.5', '0.00', 0, '0', '', 1, 0, 0, 0),
(10000079, 'SMN 3 X 8 MC D8T0.5', '0.00', 0, '50000', 'as', 1, 0, 0, 0),
(10000080, 'SMN 3 X 8 ZK D8T0.5', '0.00', 0, '0', '', 1, 0, 0, 0),
(10000081, 'SMN 3 X 10 ZK D8T0.5', '0.00', 0, '0', '', 1, 0, 0, 0),
(10000082, 'SMN 3 X 12 MC D8T0.5', '0.00', 0, '0', '', 1, 0, 0, 0),
(10000083, 'SMN 3 X 16 ZK D8T0.5', '0.00', 0, '0', '', 1, 0, 0, 0),
(10000084, 'SMN 4 X 6 MC ? D8T0.8', '0.00', 0, '0', '', 1, 0, 0, 0),
(10000085, 'SMN 4 X 6 MC D9T0.8', '0.00', 0, '0', '', 1, 0, 0, 0),
(10000086, 'SMN 4 X 8 MC ? D8T0.8', '0.00', 0, '0', '', 1, 0, 0, 0),
(10000087, 'SMN 4 X 8 MC D9T0.8', '0.00', 0, '0', '', 1, 0, 0, 0),
(10000088, 'SMN 4 X 10 MC D9T0.8', '0.00', 0, '0', '', 1, 0, 0, 0),
(10000089, 'SMN 5 X 8 ZK D12T1.1', '0.00', 0, '0', '', 1, 0, 0, 0),
(10000090, 'SMO #10-3 X 1 3/8 UC UNF', '0.00', 0, '0', '', 1, 0, 0, 0),
(10000091, 'SMO 3 X 13.5 MC ?', '0.00', 0, '0', '', 1, 0, 0, 0),
(10000092, 'SMO 3 X 17.4-4 UC ?', '0.00', 0, '0', '', 1, 0, 0, 0),
(10000093, 'SMO 4 X 18 ZK', '0.00', 0, '0', '', 1, 0, 0, 0),
(10000094, 'SMO 6 X 100-25 ZK', '0.00', 0, '0', '', 1, 0, 0, 0),
(10000095, 'SMO 6 X 110-25 ZK', '0.00', 0, '0', '', 1, 0, 0, 0),
(10000096, 'SMP 2.3 X 6 ZK', '0.00', 0, '0', '', 1, 0, 0, 0),
(10000097, 'SMP 2.6 X 4 MC', '0.00', 0, '0', '', 1, 0, 0, 0),
(10000098, 'SMP 3 X 4 NI ?', '0.00', 0, '0', '', 1, 0, 0, 0),
(10000099, 'SMP 3 X 5 ZK', '0.00', 0, '0', '', 1, 0, 0, 0),
(10000100, 'SMP 3 X 6 MC', '0.00', 0, '0', '', 1, 0, 0, 0),
(10000101, 'SMP 3 X 6 UC', '0.00', 0, '0', '', 1, 0, 0, 0),
(10000102, 'SMP 3 X 6 ZK', '0.00', 0, '0', '', 1, 0, 0, 0),
(10000103, 'SMP 3 X 6 NI ?', '0.00', 0, '0', '', 1, 0, 0, 0),
(10000104, 'SMP 3 X 8 MC', '0.00', 0, '0', '', 1, 0, 0, 0),
(10000105, 'SMP 3 X 8 UC', '0.00', 0, '0', '', 1, 0, 0, 0),
(10000106, 'SMP 3 X 8 ZK', '0.00', 0, '0', '', 1, 0, 0, 0),
(10000107, 'SMP 3 X 10 MC', '0.00', 0, '0', '', 1, 0, 0, 0),
(10000108, 'SMP 3 X 10 ZK', '0.00', 0, '0', '', 1, 0, 0, 0),
(10000109, 'SMP 3 X 14 MC', '0.00', 0, '0', '', 1, 0, 0, 0),
(10000110, 'SMP 3 X 15.5 MC ? 12A', '0.00', 0, '0', '', 1, 0, 0, 0),
(10000111, 'SMP 3.5 X 7.2 MC ? D7', '0.00', 0, '0', '', 1, 0, 0, 0),
(10000112, 'SMP 3.5 X 10 ZK', '0.00', 0, '0', '', 1, 0, 0, 0),
(10000113, 'SMP 4 X 5 MC', '0.00', 0, '0', '', 1, 0, 0, 0),
(10000114, 'SMP 4 X 6 GR', '0.00', 0, '0', '', 1, 0, 0, 0),
(10000115, 'SMP 4 X 6 MC', '0.00', 0, '0', '', 1, 0, 0, 0),
(10000116, 'SMP 4 X 6 NI', '0.00', 0, '0', '', 1, 0, 0, 0),
(10000117, 'SMP 4 X 7 NI ? D5.5', '0.00', 0, '0', '', 1, 0, 0, 0),
(10000118, 'SMP 4 X 8 MC', '0.00', 0, '0', '', 1, 0, 0, 0),
(10000119, 'SMP 4 X 8 NI', '0.00', 0, '0', '', 1, 0, 0, 0),
(10000120, 'SMP 4 X 12 MC', '0.00', 0, '0', '', 1, 0, 0, 0),
(10000121, 'SMP 4 X 12 UC', '0.00', 0, '0', '', 1, 0, 0, 0),
(10000122, 'SMP 4 X 12 ZK', '0.00', 0, '0', '', 1, 0, 0, 0),
(10000123, 'SMP 4 X 12 MC ? D5.5', '0.00', 0, '0', '', 1, 0, 0, 0),
(10000124, 'SMP 4 X 15 MC', '0.00', 0, '0', '', 1, 0, 0, 0),
(10000125, 'SMP 4 X 15 UC', '0.00', 0, '0', '', 1, 0, 0, 0),
(10000126, 'SMP 4 X 16 MC', '0.00', 0, '0', '', 1, 0, 0, 0),
(10000127, 'SMP 4 X 18 MC', '0.00', 0, '0', '', 1, 0, 0, 0),
(10000128, 'SMP 4 X 20 MC', '0.00', 0, '0', '', 1, 0, 0, 0),
(10000129, 'SMP 4 X 25 MC', '0.00', 0, '0', '', 1, 0, 0, 0),
(10000130, 'SMP 4 X 34.2 MC', '0.00', 0, '0', '', 1, 0, 0, 0),
(10000131, 'SMP 4 X 40 MC', '0.00', 0, '0', '', 1, 0, 0, 0),
(10000132, 'SMP 5 X 6 MC', '0.00', 0, '0', '', 1, 0, 0, 0),
(10000133, 'SMP 5 X 6 ZK', '0.00', 0, '0', '', 1, 0, 0, 0),
(10000134, 'SMP 5 X 8 MC', '0.00', 0, '0', '', 1, 0, 0, 0),
(10000135, 'SMP 5 X 8 ZK', '0.00', 0, '0', '', 1, 0, 0, 0),
(10000136, 'SMP 5 X 10 MC', '0.00', 0, '0', '', 1, 0, 0, 0),
(10000137, 'SMP 5 X 10 UC', '0.00', 0, '0', '', 1, 0, 0, 0),
(10000138, 'SMP 5 X 10 ZK', '0.00', 0, '0', '', 1, 0, 0, 0),
(10000139, 'SMP 5 X 12 MC', '0.00', 0, '0', '', 1, 0, 0, 0),
(10000140, 'SMP 5 X 12 ZK', '0.00', 0, '0', '', 1, 0, 0, 0),
(10000141, 'SMP 5 X 15 MC', '0.00', 0, '0', '', 1, 0, 0, 0),
(10000142, 'SMP 5 X 15 ZK', '0.00', 0, '0', '', 1, 0, 0, 0),
(10000143, 'SMP 5 X 16 UC', '0.00', 0, '0', '', 1, 0, 0, 0),
(10000144, 'SMP 5 X 20 MC', '0.00', 0, '0', '', 1, 0, 0, 0),
(10000145, 'SMP 5 X 20 UC', '0.00', 0, '0', '', 1, 0, 0, 0),
(10000146, 'SMP 5 X 20 ZK', '0.00', 0, '0', '', 1, 0, 0, 0),
(10000147, 'SMP 5 X 25 ZK', '0.00', 0, '0', '', 1, 0, 0, 0),
(10000148, 'SMP 5 X 30 ZK', '0.00', 0, '0', '', 1, 0, 0, 0),
(10000149, 'SMP 5 X 35 ZK', '0.00', 0, '0', '', 1, 0, 0, 0),
(10000150, 'SMP 5 X 40 ZK', '0.00', 0, '0', '', 1, 0, 0, 0),
(10000151, 'SMP 5 X 45 ZK', '0.00', 0, '0', '', 1, 0, 0, 0),
(10000152, 'SMP 5 X 50 ZK', '0.00', 0, '0', '', 1, 0, 0, 0),
(10000153, 'SMP 5 X M5X18 MC LEFT', '0.00', 0, '0', '', 1, 0, 0, 0),
(10000154, 'SMP 6 X 8 GR', '0.00', 0, '0', '', 1, 0, 0, 0),
(10000155, 'SMP 6 X 8 ZK', '0.00', 0, '0', '', 1, 0, 0, 0),
(10000156, 'SMP 6 X 10 GR', '0.00', 0, '0', '', 1, 0, 0, 0),
(10000157, 'SMP 6 X 10 UC', '0.00', 0, '0', '', 1, 0, 0, 0),
(10000158, 'SMP 6 X 10 ZK', '0.00', 0, '0', '', 1, 0, 0, 0),
(10000159, 'SMP 6 X 12 UC ?', '0.00', 0, '0', '', 1, 0, 0, 0),
(10000160, 'SMP 6 X 15 UC', '0.00', 0, '0', '', 1, 0, 0, 0),
(10000161, 'SMP 6 X 40-25 GR', '0.00', 0, '0', '', 1, 0, 0, 0),
(10000162, 'SMP 6 X 60-25 GR', '0.00', 0, '0', '', 1, 0, 0, 0),
(10000163, 'SMQ 8 X 65-53 UC', '0.00', 0, '0', '', 1, 0, 0, 0),
(10000164, 'SMT 4 X 6 GR', '0.00', 0, '0', '', 1, 0, 0, 0),
(10000165, 'SMT 4 X 6 MC', '0.00', 0, '0', '', 1, 0, 0, 0),
(10000166, 'SMT 4 X 8 MC', '0.00', 0, '0', '', 1, 0, 0, 0),
(10000167, 'SMT 4 X 10 MC', '0.00', 0, '0', '', 1, 0, 0, 0),
(10000168, 'SMT 4 X 10 UC', '0.00', 0, '0', '', 1, 0, 0, 0),
(10000169, 'SMT 4 X 10 ZK', '0.00', 0, '0', '', 1, 0, 0, 0),
(10000170, 'SMT 4 X 12 MC', '0.00', 0, '0', '', 1, 0, 0, 0),
(10000171, 'UMT 4 X 12 SUS', '0.00', 0, '0', '', 1, 0, 0, 0),
(10000172, 'SMT 4 X 12 UC', '0.00', 0, '0', '', 1, 0, 0, 0),
(10000173, 'SMT 4 X 12 ZK', '0.00', 0, '0', '', 1, 0, 0, 0),
(10000174, 'SMT 4 X 16 MC', '0.00', 0, '0', '', 1, 0, 0, 0),
(10000175, 'SMT 4 X 18 MC', '0.00', 0, '0', '', 1, 0, 0, 0),
(10000176, 'SMT 4 X 20 MC', '0.00', 0, '0', '', 1, 0, 0, 0),
(10000177, 'SMT 4 X 35 MC', '0.00', 0, '0', '', 1, 0, 0, 0),
(10000178, 'SMT 5 X 7 NI', '0.00', 0, '0', '', 1, 0, 0, 0),
(10000179, 'SMT 5 X 8 ZK', '0.00', 0, '0', '', 1, 0, 0, 0),
(10000180, 'SMT 5 X 10 GR', '0.00', 0, '0', '', 1, 0, 0, 0),
(10000181, 'SMT 5 X 12 GR', '0.00', 0, '0', '', 1, 0, 0, 0),
(10000182, 'SMT 5 X 16 GR', '0.00', 0, '0', '', 1, 0, 0, 0),
(10000183, 'SMT 5 X 16 MC', '0.00', 0, '0', '', 1, 0, 0, 0),
(10000184, 'SMT 5 X 20 ZK', '0.00', 0, '0', '', 1, 0, 0, 0),
(10000185, 'SMT 6 X 8 ZK', '0.00', 0, '0', '', 1, 0, 0, 0),
(10000186, 'SMT 6 X 10 UC', '0.00', 0, '0', '', 1, 0, 0, 0),
(10000187, 'SMT 6 X 12 GR', '0.00', 0, '0', '', 1, 0, 0, 0),
(10000188, 'SMT 6 X 12 NC', '0.00', 0, '0', '', 1, 0, 0, 0),
(10000189, 'SMT 6 X 16 GR', '0.00', 0, '0', '', 1, 0, 0, 0),
(10000191, 'SMT 6 X 30-25 GR', '0.00', 0, '0', '', 1, 0, 0, 0),
(10000192, 'SMT 6 X 40-25 GR', '0.00', 0, '0', '', 1, 0, 0, 0),
(10000193, 'SMT 6 X 40-27 NI', '0.00', 0, '0', '', 1, 0, 0, 0),
(10000194, 'SMT 6 X 45-25 GR', '0.00', 0, '0', '', 1, 0, 0, 0),
(10000195, 'SMT W/S 4 X 8 MC', '0.00', 0, '0', '', 1, 0, 0, 0),
(10000196, 'SMX 6 X 25 GR D16T1.2', '0.00', 0, '0', '', 1, 0, 0, 0),
(10000197, 'SMX W/S 6 X 30 HO ?', '0.00', 0, '0', '', 1, 0, 0, 0),
(10000198, 'SMX W/S 6 X 40 HO ?', '0.00', 0, '0', '', 1, 0, 0, 0),
(10000199, 'UMB 4 X 8 SUS', '0.00', 0, '0', '', 1, 0, 0, 0),
(10000201, 'UMB 4 X 10 SUS', '0.00', 0, '0', '', 1, 0, 0, 0),
(10000202, 'UMB 4 X 12 SUS', '0.00', 0, '0', '', 1, 0, 0, 0),
(10000203, 'UMB 5 X 10 SUS', '0.00', 0, '0', '', 1, 0, 0, 0),
(10000204, 'UMB 5 X 12 SUS', '0.00', 0, '0', '', 1, 0, 0, 0),
(10000205, 'UMB 5 X 15 SUS', '0.00', 0, '0', '', 1, 0, 0, 0),
(10000206, 'UMB 6 X 8 SUS', '0.00', 0, '0', '', 1, 0, 0, 0),
(10000207, 'UMB 6 X 10 SUS', '0.00', 0, '0', '', 1, 0, 0, 0),
(10000208, 'UMB 6 X 16 SUS', '0.00', 0, '0', '', 1, 0, 0, 0),
(10000209, 'UMF 4 X 6 SUS D6', '0.00', 0, '0', '', 1, 0, 0, 0),
(10000210, 'UMF 4 X 8 SUS D7', '0.00', 0, '0', '', 1, 0, 0, 0),
(10000211, 'UMF 4 X 8 SUS D8', '0.00', 0, '0', '', 1, 0, 0, 0),
(10000212, 'UMF 4 X 10 SUS D7', '0.00', 0, '0', '', 1, 0, 0, 0),
(10000213, 'UMF 4 X 10 SUS D8', '0.00', 0, '0', '', 1, 0, 0, 0),
(10000214, 'UMF 4 X 12 SUS D8', '0.00', 0, '0', '', 1, 0, 0, 0),
(10000215, 'UMF 4 X 15 SUS D8', '0.00', 0, '0', '', 1, 0, 0, 0),
(10000216, 'UMF 4 X 20 SUS D7', '0.00', 0, '0', '', 1, 0, 0, 0),
(10000217, 'UMF 4 X 20 SUS D8', '0.00', 0, '0', '', 1, 0, 0, 0),
(10000218, 'UMF 4 X 25 SUS D8', '0.00', 0, '0', '', 1, 0, 0, 0),
(10000219, 'UMF 4 X 35 SUS D8', '0.00', 0, '0', '', 1, 0, 0, 0),
(10000220, 'UMF 5 X 30 SUS', '0.00', 0, '0', '', 1, 0, 0, 0),
(10000221, 'UMP 4 X 12 SUS', '0.00', 0, '0', '', 1, 0, 0, 0),
(10000222, 'UMR 4 X 6 SUS', '0.00', 0, '0', '', 1, 0, 0, 0),
(10000223, 'UMR 4 X 8 SUS', '0.00', 0, '0', '', 1, 0, 0, 0),
(10000224, 'UMR 4 X 10 SUS', '0.00', 0, '0', '', 1, 0, 0, 0),
(10000225, 'UMR 4 X 15 SUS', '0.00', 0, '0', '', 1, 0, 0, 0),
(10000226, 'UMR 4 X 20 SUS', '0.00', 0, '0', '', 1, 0, 0, 0),
(10000227, 'UMR 4 X 35 SUS', '0.00', 0, '0', '', 1, 0, 0, 0),
(10000228, 'UMT 4 X 14 SUS', '0.00', 0, '0', '', 1, 0, 0, 0),
(10000229, 'UMT 5 X 6 SUS', '0.00', 0, '0', '', 1, 0, 0, 0),
(10000230, 'UMT 5 X 12 SUS BP', '0.00', 0, '0', '', 1, 0, 0, 0),
(10000231, 'WELD BOLT 5 X 20 KZ', '0.00', 0, '0', '', 1, 0, 0, 0),
(10000232, 'WELD BOLT 6 X 16 KZ TOP', '0.00', 0, '0', '', 1, 0, 0, 0),
(10000233, 'WELD BOLT 8 X 16 KZ D18', '0.00', 0, '0', '', 1, 0, 0, 0),
(10000234, 'SMK 6 X 10 MC -', '0.00', 0, '0', '', 1, 0, 0, 0),
(10000235, 'SMT 6.5 X M5X12.8 UC', '0.00', 0, '0', '', 1, 0, 0, 0),
(10000236, 'SMP 4 X 35 UC', '0.00', 0, '0', '', 1, 0, 0, 0),
(10000237, 'SMB 5 X 20 ZK', '0.00', 0, '0', '', 1, 0, 0, 0),
(10000238, 'SMW 8 X 12 MC G4 KMI', '0.00', 0, '0', '', 1, 0, 0, 0),
(10000239, 'SMW #8-32 X 9 ZK + D8.5', '0.00', 0, '0', '', 1, 0, 0, 0),
(10000240, 'UMT 4 X 8 SUS', '0.00', 0, '0', '', 1, 0, 0, 0),
(10000241, 'UMT 6 X 8 SUS', '0.00', 0, '0', '', 1, 0, 0, 0),
(10000242, 'SMW # 10-24 X 13 NI + D10 SPC', '0.00', 0, '0', '', 1, 0, 0, 0),
(10000243, 'SMP 4 X 12 MC ?', '0.00', 0, '0', '', 1, 0, 0, 0),
(10000244, 'SMB 3 X 8 MC AST', '0.00', 0, '0', '', 1, 0, 0, 0),
(10000245, 'SMB 3 X 10 ZK AST', '0.00', 0, '0', '', 1, 0, 0, 0),
(10000246, 'SMP 4 X 6 MCB', '0.00', 0, '0', '', 1, 0, 0, 0),
(10000247, 'SMP 3 X 5 MC', '0.00', 0, '0', '', 1, 0, 0, 0),
(10000248, 'UMH 8 X 15 SUS TR K13', '0.00', 0, '0', '', 1, 0, 0, 0),
(10000249, 'SMH 6.3 X 5X28-14 UC', '0.00', 0, '0', '', 1, 0, 0, 0),
(10000250, 'SMKS 6 X M6X34-10 ZK', '0.00', 0, '0', '', 1, 0, 0, 0),
(10000251, 'SMP 6 X 12 UC', '0.00', 0, '0', '', 1, 0, 0, 0),
(10000252, 'UMT 5 X 16 SUS BP', '0.00', 0, '0', '', 1, 0, 0, 0),
(10000253, 'BMK W/S 4 X 10 BC -', '0.00', 0, '0', '', 1, 0, 0, 0),
(10000254, 'SMP 5 X 35-20 UC', '0.00', 0, '0', '', 1, 0, 0, 0),
(10000255, 'UMF 5 X 12 SUS', '0.00', 0, '0', '', 1, 0, 0, 0),
(10000256, 'SMN 4 X 8 MC D8T0.8', '0.00', 0, '0', '', 1, 0, 0, 0),
(10000257, 'SMB 6 X 12 GR', '0.00', 0, '0', '', 1, 0, 0, 0),
(10000258, 'SMP 2.6 X 6 MC', '0.00', 0, '0', '', 1, 0, 0, 0),
(10000260, 'SMP 5 X 16 GR', '0.00', 0, '0', '', 1, 0, 0, 0),
(10000261, 'SMP 5 X 8 GR', '0.00', 0, '0', '', 1, 0, 0, 0),
(10000262, 'SMTS 4 X 10 MC 2PT', '0.00', 0, '0', '', 1, 0, 0, 0),
(10000263, 'SMF 6 X 16 UC', '0.00', 0, '0', '', 1, 0, 0, 0),
(10000264, 'SMB 4 X 23 MC PZ', '0.00', 0, '0', '', 1, 0, 0, 0),
(10000265, 'SMP 5 X 8 UC', '0.00', 0, '0', '', 1, 0, 0, 0),
(10000266, 'SMP 3 X 7 MC', '0.00', 0, '0', '', 1, 0, 0, 0),
(10000267, 'SMP 4 X 14 MC', '0.00', 0, '0', '', 1, 0, 0, 0),
(10000268, 'SMW 6 X 10 MC G4', '0.00', 0, '0', '', 1, 0, 0, 0),
(10000269, 'SMW 6 X 25 MC G4 KMI', '0.00', 0, '0', '', 1, 0, 0, 0),
(10000270, 'SMW 6 X 14 MC G4 KMI', '0.00', 0, '0', '', 1, 0, 0, 0),
(10000271, 'SMP 2.6 X 5 MC', '0.00', 0, '0', '', 1, 0, 0, 0),
(10000272, 'SMO 4 X 30 ZK', '0.00', 0, '0', '', 1, 0, 0, 0),
(10000273, 'SMO 4 X 25 ZK', '0.00', 0, '0', '', 1, 0, 0, 0),
(10000274, 'SMT 4 X 25 ZK', '0.00', 0, '0', '', 1, 0, 0, 0),
(10000275, 'UMH 10 X 16 SUS TR K17 P1.5', '0.00', 0, '0', '', 1, 0, 0, 0),
(10000276, 'UMH 10 X 25 SUS TR K17 P1.5', '0.00', 0, '0', '', 1, 0, 0, 0),
(10000277, 'BMK W/S 3 X 6 BC -', '0.00', 0, '0', '', 1, 0, 0, 0),
(10000278, 'SMP 6 X 35 UC', '0.00', 0, '0', '', 1, 0, 0, 0),
(10000279, 'WELD BOLT 6 X 12 KZ', '0.00', 0, '0', '', 1, 0, 0, 0),
(10000280, 'SMH 8 X 25 UC TR G4 K13', '0.00', 0, '0', '', 1, 0, 0, 0),
(10000281, 'SMO 4 X 20 ZK', '0.00', 0, '0', '', 1, 0, 0, 0),
(10000282, 'SMK 5 X #10-24x37.7 KZ', '0.00', 0, '0', '', 1, 0, 0, 0),
(10000283, 'SMK 5 X M5X37.7 KZ', '0.00', 0, '0', '', 1, 0, 0, 0),
(10000284, 'SMH 10 X 20 UC TR K17 P1.5', '0.00', 0, '0', '', 1, 0, 0, 0),
(10000285, 'SMP 4 X 10 ZK', '0.00', 0, '0', '', 1, 0, 0, 0),
(10000286, 'WELD BOLT 5 X 14 KZ', '0.00', 0, '0', '', 1, 0, 0, 0),
(10000287, 'UMF 4 X 25 SUS D7', '0.00', 0, '0', '', 1, 0, 0, 0),
(10000288, 'SMF 4 X 35 UC', '0.00', 0, '0', '', 1, 0, 0, 0),
(10000289, 'SMH 4 X 26 MC TRIMING', '0.00', 0, '0', '', 1, 0, 0, 0),
(10000290, 'SMH 5 X 15 MC +', '0.00', 0, '0', '', 1, 0, 0, 0),
(10000291, 'UMX 6 X 12 SUS D16T1.2', '0.00', 0, '0', '', 1, 0, 0, 0),
(10000292, 'SMH 8 X 20 UC TR G4 K13', '0.00', 0, '0', '', 1, 0, 0, 0),
(10000293, 'SMT 5 X 16 NC', '0.00', 0, '0', '', 1, 0, 0, 0),
(10000294, 'SMX 6 X 18 ZK D16T1.2', '0.00', 0, '0', '', 1, 0, 0, 0),
(10000295, 'SMH 10 X 20 ZK TR K17  P1.5', '0.00', 0, '0', '', 1, 0, 0, 0),
(10000296, 'UMF 5 X 28-9 SUS D12', '0.00', 0, '0', '', 1, 0, 0, 0),
(10000297, 'SMK 3 X 5 MC -', '0.00', 0, '0', '', 1, 0, 0, 0),
(10000298, 'UMH 8 X 20 SUS TR K13', '0.00', 0, '0', '', 1, 0, 0, 0),
(10000299, 'SMP 4 X 12 MC3 ?', '0.00', 0, '0', '', 1, 0, 0, 0),
(10000300, 'SMP 4 X 8 MC3', '0.00', 0, '0', '', 1, 0, 0, 0),
(10000301, 'SMP 5 X 6 MC3', '0.00', 0, '0', '', 1, 0, 0, 0),
(10000302, 'SMT 4 X 8 MC3', '0.00', 0, '0', '', 1, 0, 0, 0),
(10000303, 'SMP 5 X M5X18 MC3 LEFT', '0.00', 0, '0', '', 1, 0, 0, 0),
(10000304, 'SMT 4 X 12 MC3', '0.00', 0, '0', '', 1, 0, 0, 0),
(10000305, 'SMB 3.5 X 7.2 MC3 ? BLANK 1.6', '0.00', 0, '0', '', 1, 0, 0, 0),
(10000306, 'SMO 3 X 13.5 MC3 ?', '0.00', 0, '0', '', 1, 0, 0, 0),
(10000308, 'SMP 3 X 15.5 MC3 ? 12A', '0.00', 0, '0', '', 1, 0, 0, 0),
(10000309, 'SMO 3 X 17.4-4 MC3 ?', '0.00', 0, '0', '', 1, 0, 0, 0),
(10000310, 'SMH 10 X 25 MC TR K17 P1.5', '0.00', 0, '0', '', 1, 0, 0, 0),
(10000311, 'UMF 4 X 40 SUS D7', '0.00', 0, '0', '', 1, 0, 0, 0),
(10000312, 'SMB 3 X 8 NI', '0.00', 0, '0', '', 1, 0, 0, 0),
(10000313, 'UMH 6 X 20 SUS TR', '0.00', 0, '0', '', 1, 0, 0, 0),
(10000314, 'SMP 6 X 25 UC', '0.00', 0, '0', '', 1, 0, 0, 0),
(10000315, 'SMF 5 X 15 UC', '0.00', 0, '0', '', 1, 0, 0, 0),
(10000316, 'SMT 5 X 20 MC3', '0.00', 0, '0', '', 1, 0, 0, 0),
(10000317, 'SMB 5 X 16 ZK', '0.00', 0, '0', '', 1, 0, 0, 0),
(10000318, 'SMH 8 X 60 MC3 TR G4 K12', '0.00', 0, '0', '', 1, 0, 0, 0),
(10000319, 'UMH 10 X 35 SUS TR K17 P1.5', '0.00', 0, '0', '', 1, 0, 0, 0),
(10000320, 'SMP 3 X 6 MC3', '0.00', 0, '0', '', 1, 0, 0, 0),
(10000321, 'UMP 5 X 12 SUS', '0.00', 0, '0', '', 1, 0, 0, 0),
(10000322, 'SMP 4 X 18 MC ?', '0.00', 0, '0', '', 1, 0, 0, 0),
(10000323, 'SMP 4 X 12 NI ?', '0.00', 0, '0', '', 1, 0, 0, 0),
(10000324, 'SMK 5 X 10 MC -', '0.00', 0, '0', '', 1, 0, 0, 0),
(10000325, 'UMT 6 X 10 SUS D16', '0.00', 0, '0', '', 1, 0, 0, 0),
(10000326, 'SMP 5 X 20 MC3', '0.00', 0, '0', '', 1, 0, 0, 0),
(10000327, 'SMT W/S 4 X 8 MC3', '0.00', 0, '0', '', 1, 0, 0, 0),
(10000328, 'SMT 4 X 10 MC3', '0.00', 0, '0', '', 1, 0, 0, 0),
(10000329, 'SMK 5 X M5X37.7 MC3', '0.00', 0, '0', '', 1, 0, 0, 0),
(10000330, 'SMP 4 X 10 NI ?', '0.00', 0, '0', '', 1, 0, 0, 0),
(10000331, 'SMW 8 X 16 GR G4 KMI', '0.00', 0, '0', '', 1, 0, 0, 0),
(10000332, 'SMK 8 X M8X41 ZN KMI', '0.00', 0, '0', '', 1, 0, 0, 0),
(10000333, 'SMK 5 X #10-24X37.7 MC3', '0.00', 0, '0', '', 1, 0, 0, 0),
(10000334, 'SMP 3 X 6 GR', '0.00', 0, '0', '', 1, 0, 0, 0),
(10000335, 'SMB 4 X 10 MC3', '0.00', 0, '0', '', 1, 0, 0, 0),
(10000336, 'SMP 5 X 12 GR', '0.00', 0, '0', '', 1, 0, 0, 0),
(10000337, 'SMH 6 X 20 GR', '0.00', 0, '0', '', 1, 0, 0, 0),
(10000338, 'SMT 6 X 16 NI D17.5', '0.00', 0, '0', '', 1, 0, 0, 0),
(10000339, 'UMX 6 X 10 SUS D16T1.2 BP', '0.00', 0, '0', '', 1, 0, 0, 0),
(10000340, 'SMP 6 X 8 MC', '0.00', 0, '0', '', 1, 0, 0, 0),
(10000341, 'SMW 6 X 6 ZK D16T1.2', '0.00', 0, '0', '', 1, 0, 0, 0),
(10000342, 'UMF 4 X 30 SUS D7', '0.00', 0, '0', '', 1, 0, 0, 0),
(10000343, 'SMO 6 X 15 NI', '0.00', 0, '0', '', 1, 0, 0, 0),
(10000344, 'SMW # 10-24 X 13 MC + D10 SPC', '0.00', 0, '0', '', 1, 0, 0, 0),
(10000345, 'SMH 6 X 22 MC3 45KT', '0.00', 0, '0', '', 1, 0, 0, 0),
(10000346, 'SMT 4 X 35 UC', '0.00', 0, '0', '', 1, 0, 0, 0),
(10000347, 'SMW #8-32 X 9 MC + D8.5', '0.00', 0, '0', '', 1, 0, 0, 0),
(10000348, 'SMB 5 X 20 MC', '0.00', 0, '0', '', 1, 0, 0, 0),
(10000349, 'SMW # 10-24 X 13 ZK + D10 SPC', '0.00', 0, '0', '', 1, 0, 0, 0),
(10000350, 'SMO 4 X 14.5 ZK', '0.00', 0, '0', '', 1, 0, 0, 0),
(10000351, 'WELD BOLT 6 X 30 KZ', '0.00', 0, '0', '', 1, 0, 0, 0),
(10000352, 'SMH 4 X 18 MC', '0.00', 0, '0', '', 1, 0, 0, 0),
(10000353, 'SMH 4 X 20 MC', '0.00', 0, '0', '', 1, 0, 0, 0),
(10000354, 'SMT 6 X 16 NC D17.5', '0.00', 0, '0', '', 1, 0, 0, 0),
(10000355, 'SMB 5 X 5.5 UC', '0.00', 0, '0', '', 1, 0, 0, 0),
(10000356, 'SMB 5 X 8 UC', '0.00', 0, '0', '', 1, 0, 0, 0),
(10000357, 'SMB 3 X 8 MC3', '0.00', 0, '0', '', 1, 0, 0, 0),
(10000358, 'SMP 3 X 8 EB', '0.00', 0, '0', '', 1, 0, 0, 0),
(10000359, 'SMT 5 X 8 EB', '0.00', 0, '0', '', 1, 0, 0, 0),
(10000360, 'SMP 5 X 8 EB', '0.00', 0, '0', '', 1, 0, 0, 0),
(10000361, 'SMB 4 X 6 EB ?', '0.00', 0, '0', '', 1, 0, 0, 0),
(10000362, 'SMB 3 X 6 MC3', '0.00', 0, '0', '', 1, 0, 0, 0),
(10000363, 'SMB 3 X 6 EB', '0.00', 0, '0', '', 1, 0, 0, 0),
(10000364, 'SMP 6 X 12 GR', '0.00', 0, '0', '', 1, 0, 0, 0),
(10000365, 'SMH 6 X 16 GR TR UT', '0.00', 0, '0', '', 1, 0, 0, 0),
(10000366, 'SMB 4 X 8 MC3', '0.00', 0, '0', '', 1, 0, 0, 0),
(10000367, '(F)SMP 6 X 20 GR D18T1.6', '0.00', 0, '0', '', 1, 0, 0, 0),
(10000368, 'SMK 5 X #10-24X31.2 MC3', '0.00', 0, '0', '', 1, 0, 0, 0),
(10000369, 'SMP 3 X 15 MC3', '0.00', 0, '0', '', 1, 0, 0, 0),
(10000370, 'SMKW 3 X 14 MC - D5.5', '0.00', 0, '0', '', 1, 0, 0, 0),
(10000371, 'SMK 5 X 10 MC ? PZ H 2.5', '0.00', 0, '0', '', 1, 0, 0, 0),
(10000372, 'SMK 5 X 13 UC ?  PZ H 3.0', '0.00', 0, '0', '', 1, 0, 0, 0),
(10000373, 'SMT 5 X 12 ZK D14', '0.00', 0, '0', '', 1, 0, 0, 0),
(10000374, 'SMP 6 X 15 ZK', '0.00', 0, '0', '', 1, 0, 0, 0),
(10000375, 'SMB 4 X 20 MC3', '0.00', 0, '0', '', 1, 0, 0, 0),
(10000376, 'SMF 4 X 8 EB', '0.00', 0, '0', '', 1, 0, 0, 0),
(10000377, 'SMF 4 X 8 ZK', '0.00', 0, '0', '', 1, 0, 0, 0),
(10000378, 'SMH 8 X 15 MC3 TR G4 K13', '0.00', 0, '0', '', 1, 0, 0, 0),
(10000379, 'SMH 5 X 15 MC3 +', '0.00', 0, '0', '', 1, 0, 0, 0),
(10000380, 'SMO 6 X 20 UC', '0.00', 0, '0', '', 1, 0, 0, 0),
(10000381, 'SMF 8 X 15 UC', '0.00', 0, '0', '', 1, 0, 0, 0),
(10000382, 'SMH 4 X 26 MC', '0.00', 0, '0', '', 1, 0, 0, 0),
(10000383, 'SMT 4 X 15 MC3', '0.00', 0, '0', '', 1, 0, 0, 0),
(10000384, 'SMK 2.5 X 5 NI - D5.5', '0.00', 0, '0', '', 1, 0, 0, 0),
(10000385, 'SMK 2.5 X 10 UC - D4.5', '0.00', 0, '0', '', 1, 0, 0, 0),
(10000386, 'SMP 4 X 15 MC3', '0.00', 0, '0', '', 1, 0, 0, 0),
(10000387, 'BMK 6 X 11.5 NI - UT D8', '0.00', 0, '0', '', 1, 0, 0, 0),
(10000388, 'SMP 6 X 20 EB', '0.00', 0, '0', '', 1, 0, 0, 0),
(10000389, 'SMF 6 X 16 GR 6.8T', '0.00', 0, '0', '', 1, 0, 0, 0),
(10000390, 'SMP 3 X 5 EB', '0.00', 0, '0', '', 1, 0, 0, 0),
(10000391, 'SMP 6 X 8 UC', '0.00', 0, '0', '', 1, 0, 0, 0),
(10000392, '(A)SMH 6 X 12 MCB +', '0.00', 0, '0', '', 1, 0, 0, 0),
(10000393, '(A)SMH 6 X 20-15 MCB +', '0.00', 0, '0', '', 1, 0, 0, 0),
(10000394, 'SMH 8 X 16 MC TR G4 K12', '0.00', 0, '0', '', 1, 0, 0, 0),
(10000395, 'WELD BOLT 8 X 18 KZ D18', '0.00', 0, '0', '', 1, 0, 0, 0),
(10000396, 'WELD BOLT 8 X 14 KZ D18', '0.00', 0, '0', '', 1, 0, 0, 0),
(10000397, 'WELD BOLT 8 X 35 KZ D18', '0.00', 0, '0', '', 1, 0, 0, 0),
(10000398, 'WELD BOLT 8 X M8X20-16 KZ', '0.00', 0, '0', '', 1, 0, 0, 0),
(10000399, 'SMP 4 X 10 MC3 ?', '0.00', 0, '0', '', 1, 0, 0, 0),
(10000400, 'SMP 6 X 12 GR G6.8', '0.00', 0, '0', '', 1, 0, 0, 0),
(10000401, 'SMP 4 X 6 MC3', '0.00', 0, '0', '', 1, 0, 0, 0),
(10000402, 'SMP 6 X 30 UC', '0.00', 0, '0', '', 1, 0, 0, 0),
(10000403, 'WELD BOLT 6 X M6X12-9 KZ D12', '0.00', 0, '0', '', 1, 0, 0, 0),
(10000404, 'SMT 6 X 40 UC', '0.00', 0, '0', '', 1, 0, 0, 0),
(10000405, 'UMT 6 X 12 SUS D16', '0.00', 0, '0', '', 1, 0, 0, 0),
(10000406, 'BMH 5 X 10 BC', '0.00', 0, '0', '', 1, 0, 0, 0),
(10000407, 'BMP 4 X 7 TN ? D5.5', '0.00', 0, '0', '', 1, 0, 0, 0),
(10000408, 'BMP 4 X 12 TN ? D5.5', '0.00', 0, '0', '', 1, 0, 0, 0),
(10000409, 'SMP 5 X 30 GR 6.8T', '0.00', 0, '0', '', 1, 0, 0, 0),
(10000410, 'SMB 3 X 12 MC3', '0.00', 0, '0', '', 1, 0, 0, 0),
(10000411, 'SMH 5 X 10 MC +', '0.00', 0, '0', '', 1, 0, 0, 0),
(10000412, 'SMH 8 X 20-18 MC G4 K12', '0.00', 0, '0', '', 1, 0, 0, 0),
(10000413, 'SMH 8 X 30-18 MC G4 K12', '0.00', 0, '0', '', 1, 0, 0, 0),
(10000414, 'SMH 8 X 60-18 MC G4 K12', '0.00', 0, '0', '', 1, 0, 0, 0),
(10000415, 'SMP 5 X 12 EB', '0.00', 0, '0', '', 1, 0, 0, 0),
(10000416, 'SMH 8 X 100-18 MC G4 K12', '0.00', 0, '0', '', 1, 0, 0, 0),
(10000417, 'SMP 3 X 11 MC', '0.00', 0, '0', '', 1, 0, 0, 0),
(10000418, 'SMT 6 X 35-12 UC', '0.00', 0, '0', '', 1, 0, 0, 0),
(10000419, 'SMH 6 X 8 UC +', '0.00', 0, '0', '', 1, 0, 0, 0),
(10000420, 'WELD BOLT 6 X 10 KZ', '0.00', 0, '0', '', 1, 0, 0, 0),
(10000421, 'SMB 4 X 6 MC3 ?', '0.00', 0, '0', '', 1, 0, 0, 0),
(10000422, 'SMH 5 X 10 MC3 +', '0.00', 0, '0', '', 1, 0, 0, 0),
(10000423, 'SMT 5 X 14 CR', '0.00', 0, '0', '', 1, 0, 0, 0),
(10000424, 'SMP 6 X 25 GR 6.8T', '0.00', 0, '0', '', 1, 0, 0, 0),
(10000425, 'SMB 2.3 X 7 ZK UT  LT', '0.00', 0, '0', '', 1, 0, 0, 0),
(10000426, 'SMK 5 X 10 MC - D5.5', '0.00', 0, '0', '', 1, 0, 0, 0),
(10000427, 'UMB 6 X 14 SUS', '0.00', 0, '0', '', 1, 0, 0, 0),
(10000428, 'SMO 4 X 20 EB', '0.00', 0, '0', '', 1, 0, 0, 0),
(10000429, 'SMB 4 X 14-10 MC3 ? UT D7T2.6', '0.00', 0, '0', '', 1, 0, 0, 0),
(10000430, 'SMP 6 X 8 MC3', '0.00', 0, '0', '', 1, 0, 0, 0),
(10000431, 'SMP 4 X 12 EB', '0.00', 0, '0', '', 1, 0, 0, 0),
(10000432, 'BMB 3 X 14 NI ?', '0.00', 0, '0', '', 1, 0, 0, 0),
(10000433, 'BMB 3 X 12 NI ?', '0.00', 0, '0', '', 1, 0, 0, 0),
(10000434, 'SMK 6 X 20 CR -', '0.00', 0, '0', '', 1, 0, 0, 0),
(10000435, 'SMP 3 X 7 KZ', '0.00', 0, '0', '', 1, 0, 0, 0),
(10000436, 'SMP 5 X 7 MC', '0.00', 0, '0', '', 1, 0, 0, 0),
(10000437, 'SMH 8 X 55 KZ TR G4 K13', '0.00', 0, '0', '', 1, 0, 0, 0),
(10000438, 'SMK 5 X 10 NI - D5.5', '0.00', 0, '0', '', 1, 0, 0, 0),
(10000439, 'SMK 5 X M5X40,2-13 MC3', '0.00', 0, '0', '', 1, 0, 0, 0),
(10000440, 'SMP 6 X 20 GR 6.8T', '0.00', 0, '0', '', 1, 0, 0, 0),
(10000441, 'SMK 6 X 17.5 MC - 8 MIKRON', '0.00', 0, '0', '', 1, 0, 0, 0),
(10000442, 'SMH 5 X 10 UC TR', '0.00', 0, '0', '', 1, 0, 0, 0),
(10000443, 'SMF 6 X 23 MC3 D9.5', '0.00', 0, '0', '', 1, 0, 0, 0),
(10000444, 'UMT 7.5 X M5X12.5 SUS SOCK BP', '0.00', 0, '0', '', 1, 0, 0, 0),
(10000445, 'SMP 4 X 14 KZ', '0.00', 0, '0', '', 1, 0, 0, 0),
(10000446, 'SMKW 3 X 14 NI - D5.5', '0.00', 0, '0', '', 1, 0, 0, 0),
(10000447, 'SMT 6 X 12 EB', '0.00', 0, '0', '', 1, 0, 0, 0),
(10000448, 'SMT 6 X 16 EB', '0.00', 0, '0', '', 1, 0, 0, 0),
(10000449, 'SMT 5 X 12 EB', '0.00', 0, '0', '', 1, 0, 0, 0),
(10000450, 'SMH 6 X 40-38A UC +', '0.00', 0, '0', '', 1, 0, 0, 0),
(10000451, 'SMP 6 X 16 EB 6.8T', '0.00', 0, '0', '', 1, 0, 0, 0),
(10000452, 'SMP 5 X 12 EB 6.8T', '0.00', 0, '0', '', 1, 0, 0, 0),
(10000453, 'SMP 6 X 10 EB 6.8T', '0.00', 0, '0', '', 1, 0, 0, 0),
(10000454, 'UMO 8 X 25 SUS TB', '0.00', 0, '0', '', 1, 0, 0, 0),
(10000455, 'SMH 8 X 20 ZK TR G4 K13 UR', '0.00', 0, '0', '', 1, 0, 0, 0),
(10000456, 'SMN W/S 3 X 5,65 MC', '0.00', 0, '0', '', 1, 0, 0, 0),
(10000457, 'SMN W/S 4 X 6 MC D9T1', '0.00', 0, '0', '', 1, 0, 0, 0),
(10000458, 'SMH 6 X M6X16-7 MC3', '0.00', 0, '0', '', 1, 0, 0, 0),
(10000459, 'SMF 4 X 12 MC3', '0.00', 0, '0', '', 1, 0, 0, 0),
(10000460, 'SMP 5 X 12 MC3', '0.00', 0, '0', '', 1, 0, 0, 0),
(10000461, 'SMO 6 X 110-25 EB', '0.00', 0, '0', '', 1, 0, 0, 0),
(10000462, 'SMH 4 X 20 NI', '0.00', 0, '0', '', 1, 0, 0, 0),
(10000463, 'WELD BOLT 8 X 30-23A KZ UT', '0.00', 0, '0', '', 1, 0, 0, 0),
(10000464, 'SMT 6 X 45-25 EB', '0.00', 0, '0', '', 1, 0, 0, 0),
(10000465, 'SMT 4 X 35 MC3', '0.00', 0, '0', '', 1, 0, 0, 0),
(10000466, 'UMT 6 X 30 SUS', '0.00', 0, '0', '', 1, 0, 0, 0),
(10000468, 'SMK 5 X 10-8.5 MC TR K8', '0.00', 0, '0', '', 1, 0, 0, 0),
(10000469, 'SMF 4 X 30 MC3', '0.00', 0, '0', '', 1, 0, 0, 0),
(10000470, 'SMT 6 X 35-25 MC3', '0.00', 0, '0', '', 1, 0, 0, 0),
(10000471, 'SMT 6 X 16 MC3', '0.00', 0, '0', '', 1, 0, 0, 0),
(10000472, 'SMH 10 X M6X14-10 MC3 TR', '0.00', 0, '0', '', 1, 0, 0, 0),
(10000473, 'WELD BOLT 8,4 X M8X35 KZ D18', '0.00', 0, '0', '', 1, 0, 0, 0),
(10000474, 'SMH 6 X M6X22-8 MC3', '0.00', 0, '0', '', 1, 0, 0, 0),
(10000475, 'SMT 5 X 12 MC3', '0.00', 0, '0', '', 1, 0, 0, 0),
(10000476, 'UMT 5 X 8 SUS SOCK D9.5', '0.00', 0, '0', '', 1, 0, 0, 0),
(10000477, 'SMF 4 X 32 MC3', '0.00', 0, '0', '', 1, 0, 0, 0),
(10000478, 'SMP 4 X 15 ZK', '0.00', 0, '0', '', 1, 0, 0, 0),
(10000479, 'SMP 4 X 20 MC3', '0.00', 0, '0', '', 1, 0, 0, 0),
(10000480, 'SMP 4 X 16 MC3 8M 20C', '0.00', 0, '0', '', 1, 0, 0, 0),
(10000481, 'SMN CUP 2 X 6 ZK D4.5T0.4', '0.00', 0, '0', '', 1, 0, 0, 0),
(10000482, 'SMF 6 X 16 MC3 6.8T', '0.00', 0, '0', '', 1, 0, 0, 0),
(10000483, 'SMH 8 X 20 MC3 TR G4 k13', '0.00', 0, '0', '', 1, 0, 0, 0),
(10000484, 'SMB 4 X 10 EB', '0.00', 0, '0', '', 1, 0, 0, 0),
(10000485, 'UMT 6 X 12 SUS SOCK LT', '0.00', 0, '0', '', 1, 0, 0, 0),
(10000486, 'SMF 5 X 16 EB', '0.00', 0, '0', '', 1, 0, 0, 0),
(10000487, 'SMP 6 X 12 EB G6.8', '0.00', 0, '0', '', 1, 0, 0, 0),
(10000488, 'SMP 6 X 10 MC3 6.8T', '0.00', 0, '0', '', 1, 0, 0, 0),
(10000489, 'SMT 6 X 45-25 MC3', '0.00', 0, '0', '', 1, 0, 0, 0),
(10000490, 'SMT 6 X 12 MC3', '0.00', 0, '0', '', 1, 0, 0, 0),
(10000491, 'SMN 4 X 10 ZK D9T0.8', '0.00', 0, '0', '', 1, 0, 0, 0),
(10000492, 'BMK 6 X 11.5 NI - UT', '0.00', 0, '0', '', 1, 0, 0, 0),
(10000493, 'SMT 5 X 20 UC', '0.00', 0, '0', '', 1, 0, 0, 0),
(10000494, 'SMB 5 X 14 GR', '0.00', 0, '0', '', 1, 0, 0, 0),
(10000495, 'SMB 6 X 12 UC', '0.00', 0, '0', '', 1, 0, 0, 0),
(10000496, 'UMT 5 X 20 SUS', '0.00', 0, '0', '', 1, 0, 0, 0),
(10000497, 'SMN 4 X 8 MC D9.5T0.6', '0.00', 0, '0', '', 1, 0, 0, 0),
(10000498, 'SMB 3 X 8 EB', '0.00', 0, '0', '', 1, 0, 0, 0),
(10000499, 'SMH 8 X 50 KZ 4T K12', '0.00', 0, '0', '', 1, 0, 0, 0),
(10000500, 'SMT 5 X 8 NI', '0.00', 0, '0', '', 1, 0, 0, 0),
(10000501, 'SMB 5 X 6 UC', '0.00', 0, '0', '', 1, 0, 0, 0),
(10000502, 'BMK 4 X 8 TN -', '0.00', 0, '0', '', 1, 0, 0, 0),
(10000503, 'SMP 6 X 25 MC', '0.00', 0, '0', '', 1, 0, 0, 0),
(10000504, 'SMF 6 X 16 UC LT', '0.00', 0, '0', '', 1, 0, 0, 0),
(10000505, 'SMF 6 X 16 EB 6.8T', '0.00', 0, '0', '', 1, 0, 0, 0),
(10000506, 'SMT 5 X 16 EB', '0.00', 0, '0', '', 1, 0, 0, 0),
(10000507, 'SMH 8 X 35 ZK 4T TR K13', '0.00', 0, '0', '', 1, 0, 0, 0),
(10000508, 'SMP 5 X 16 MC3 TB', '0.00', 0, '0', '', 1, 0, 0, 0),
(10000509, 'SMT 6 X 16 ZK', '0.00', 0, '0', '', 1, 0, 0, 0),
(10000510, 'SMF 5 X 12 EB', '0.00', 0, '0', '', 1, 0, 0, 0),
(10000511, 'SMF 4 X 35 MC3', '0.00', 0, '0', '', 1, 0, 0, 0),
(10000512, 'SMH 6 X 12 KZ 6T TR K10', '0.00', 0, '0', '', 1, 0, 0, 0),
(10000513, 'SMH 6 X 8 MC3 +', '0.00', 0, '0', '', 1, 0, 0, 0),
(10000514, 'SMT 6 X 35-12 MC3', '0.00', 0, '0', '', 1, 0, 0, 0),
(10000515, 'SMP 5 X 30 MC3', '0.00', 0, '0', '', 1, 0, 0, 0),
(10000516, 'UMT 5 X 20 SUS BP', '0.00', 0, '0', '', 1, 0, 0, 0),
(10000517, 'SMT 5 X 40 EB UT D14', '0.00', 0, '0', '', 1, 0, 0, 0),
(10000518, 'WELD BOLT 6 X 12 KZ 35K', '0.00', 0, '0', '', 1, 0, 0, 0),
(10000519, 'SMF 4 X 35 EB', '0.00', 0, '0', '', 1, 0, 0, 0),
(10000520, 'SMF 5 X 12 EB TB', '0.00', 0, '0', '', 1, 0, 0, 0),
(10000521, 'SMF 5 X 16 EB TB', '0.00', 0, '0', '', 1, 0, 0, 0),
(10000522, 'WELD BOLT 6 X 20-17A KZ D14.5', '0.00', 0, '0', '', 1, 0, 0, 0),
(10000523, 'SMP 5 X 18 MC3 TB', '0.00', 0, '0', '', 1, 0, 0, 0),
(10000524, 'SMP 5 X 35 EB', '0.00', 0, '0', '', 1, 0, 0, 0),
(10000525, 'SMB 5 X 20 GR', '0.00', 0, '0', '', 1, 0, 0, 0),
(10000526, 'SMP 5 X 25 EB', '0.00', 0, '0', '', 1, 0, 0, 0),
(10000527, 'SMP 5 X 45 EB', '0.00', 0, '0', '', 1, 0, 0, 0),
(10000528, 'UMK 6 X 20 SUS', '0.00', 0, '0', '', 1, 0, 0, 0),
(10000529, 'SMB 5 X 8 GR 20K', '0.00', 0, '0', '', 1, 0, 0, 0),
(10000530, 'UMK 5 X 18 SUS', '0.00', 0, '0', '', 1, 0, 0, 0),
(10000531, 'UMK 6 X 18 SUS', '0.00', 0, '0', '', 1, 0, 0, 0),
(10000532, 'SMB 4 X 12 MC3', '0.00', 0, '0', '', 1, 0, 0, 0),
(10000533, 'SMB 4 X 14 MC3', '0.00', 0, '0', '', 1, 0, 0, 0),
(10000534, 'SMB 4 X 16 EB', '0.00', 0, '0', '', 1, 0, 0, 0),
(10000535, 'UMK 8 X 35 SUS', '0.00', 0, '0', '', 1, 0, 0, 0),
(10000536, 'UMK 5 X 13 SUS', '0.00', 0, '0', '', 1, 0, 0, 0),
(10000537, 'UMK 8 X 25 SUS', '0.00', 0, '0', '', 1, 0, 0, 0),
(10000538, 'SMT 6 X 35-25 EB', '0.00', 0, '0', '', 1, 0, 0, 0),
(10000539, 'SMB 4 X 12 EB', '0.00', 0, '0', '', 1, 0, 0, 0),
(10000540, 'SMF 6 X 30 EB', '0.00', 0, '0', '', 1, 0, 0, 0),
(10000541, 'SMF 5 X 10 UC', '0.00', 0, '0', '', 1, 0, 0, 0),
(10000542, 'SMP 5 X 25 MC', '0.00', 0, '0', '', 1, 0, 0, 0),
(10000543, 'SMH 6 X 20 MC3 G4', '0.00', 0, '0', '', 1, 0, 0, 0),
(10000544, 'UMS 6 X 15 SUS KNURL UT', '0.00', 0, '0', '', 1, 0, 0, 0),
(10000545, 'SMP 5 X 10 MC3', '0.00', 0, '0', '', 1, 0, 0, 0),
(10000546, 'SMO 6 X 40 MC3 12A', '0.00', 0, '0', '', 1, 0, 0, 0),
(10000547, 'SMT 4 X 8 ZK', '0.00', 0, '0', '', 1, 0, 0, 0),
(10000548, 'SMF 6 X 10 UC', '0.00', 0, '0', '', 1, 0, 0, 0),
(10000549, 'SMT 5 X 6 MC3', '0.00', 0, '0', '', 1, 0, 0, 0),
(10000550, 'SMF 6 X 16 MC3 LT', '0.00', 0, '0', '', 1, 0, 0, 0),
(10000551, 'SMP 5 X 8 MC3', '0.00', 0, '0', '', 1, 0, 0, 0),
(10000552, 'SMW 6 X 10 MC3 G4 KMI', '0.00', 0, '0', '', 1, 0, 0, 0),
(10000553, 'SMT 5 X 20 NI', '0.00', 0, '0', '', 1, 0, 0, 0),
(10000554, 'SMX 6 X 18 EB D16T1.2', '0.00', 0, '0', '', 1, 0, 0, 0),
(10000555, 'SMP 5 X 16 MC3', '0.00', 0, '0', '', 1, 0, 0, 0),
(10000556, 'WELD BOLT 8 X 20 KZ UT D18', '0.00', 0, '0', '', 1, 0, 0, 0),
(10000557, 'SMW 6 X 14 MC3 G4 KMI', '0.00', 0, '0', '', 1, 0, 0, 0),
(10000558, 'SMW 8 X 12 MC3 G4', '0.00', 0, '0', '', 1, 0, 0, 0),
(10000559, 'SMP 6 X 12 MC3', '0.00', 0, '0', '', 1, 0, 0, 0),
(10000560, 'SMW 8 X 16 MC3 G4 KMI', '0.00', 0, '0', '', 1, 0, 0, 0),
(10000561, 'SMP 5 X 16 MC3 6.8', '0.00', 0, '0', '', 1, 0, 0, 0),
(10000562, 'WELD BOLT 6 X 16 KZ 4T D14', '0.00', 0, '0', '', 1, 0, 0, 0),
(10000563, 'SMW 6 X 25 MC3 G4 KMI', '0.00', 0, '0', '', 1, 0, 0, 0),
(10000564, 'SMO 6 X 30 UC', '0.00', 0, '0', '', 1, 0, 0, 0),
(10000565, 'SMK 5 X M5X15-11 MC3', '0.00', 0, '0', '', 1, 0, 0, 0),
(10000566, 'SMB 6 X 16 EB', '0.00', 0, '0', '', 1, 0, 0, 0),
(10000567, 'SMB 6 X 50 EB', '0.00', 0, '0', '', 1, 0, 0, 0),
(10000568, 'WELD BOLT 10.7 X M10X20-16 KZ D22T4', '0.00', 0, '0', '', 1, 0, 0, 0),
(10000569, 'SMT 5 X 10 MC3', '0.00', 0, '0', '', 1, 0, 0, 0),
(10000570, 'SMO 4 X 25 MC3 ?', '0.00', 0, '0', '', 1, 0, 0, 0),
(10000571, 'SMT 5 X 30 ZK', '0.00', 0, '0', '', 1, 0, 0, 0),
(10000572, 'WELD BOLT 8 X 20 KZ 6T UT D16', '0.00', 0, '0', '', 1, 0, 0, 0),
(10000573, 'WELD BOLT 8 X 30 KZ 6T UT D16', '0.00', 0, '0', '', 1, 0, 0, 0),
(10000574, 'SMH 8 X 100-18 MC3 G4 K12', '0.00', 0, '0', '', 1, 0, 0, 0),
(10000575, 'SMP 5 X 20 EB', '0.00', 0, '0', '', 1, 0, 0, 0),
(10000576, 'SMT 5 X 14 EB', '0.00', 0, '0', '', 1, 0, 0, 0),
(10000577, 'SMH 8 X M8X60-22 MC3 4T TR K13', '0.00', 0, '0', '', 1, 0, 0, 0),
(10000578, 'SMB 6 X 20 EB', '0.00', 0, '0', '', 1, 0, 0, 0),
(10000579, 'SMF 4 X 10.5 EB UT TDW', '0.00', 0, '0', '', 1, 0, 0, 0),
(10000580, 'SMF 8 X 35 EB', '0.00', 0, '0', '', 1, 0, 0, 0),
(10000581, 'SMKS 3 X 25 MC3', '0.00', 0, '0', '', 1, 0, 0, 0),
(10000582, 'WELD BOLT 6 X 12 KZ 20C', '0.00', 0, '0', '', 1, 0, 0, 0),
(10000583, 'WELD BOLT 6 X 14 KZ 20C', '0.00', 0, '0', '', 1, 0, 0, 0),
(10000584, 'SMT 6 X 40 MC3 UT', '0.00', 0, '0', '', 1, 0, 0, 0),
(10000585, 'WELD BOLT 6 X M6X12-10 KZ 4T D14', '0.00', 0, '0', '', 1, 0, 0, 0),
(10000586, 'SWF 4.1 X 45 KZ', '0.00', 0, '0', '', 1, 0, 0, 0),
(10000587, 'SWF 5.1 X 25 KZ', '0.00', 0, '0', '', 1, 0, 0, 0),
(10000588, 'SWF 4.5 X 50 KZ', '0.00', 0, '0', '', 1, 0, 0, 0),
(10000589, 'SWR 3.5 X 22 MC', '0.00', 0, '0', '', 1, 0, 0, 0),
(10000590, 'SWR 3.5 X 16 MC', '0.00', 0, '0', '', 1, 0, 0, 0),
(10000591, 'SMP 5 X 30 EB', '0.00', 0, '0', '', 1, 0, 0, 0),
(10000592, 'WELD BOLT 8 X 35 MC3 D18', '0.00', 0, '0', '', 1, 0, 0, 0),
(10000593, 'SMP 5 X 50 EB', '0.00', 0, '0', '', 1, 0, 0, 0),
(10000594, 'SMP 5 X 40 EB', '0.00', 0, '0', '', 1, 0, 0, 0),
(10000595, 'WELD BOLT 8 X 16 KZ 6T D14 4-S', '0.00', 0, '0', '', 1, 0, 0, 0),
(10000596, 'SWR 3.8 X 32 ZK', '0.00', 0, '0', '', 1, 0, 0, 0),
(10000597, 'SWF 3.1 X 13 BR', '0.00', 0, '0', '', 1, 0, 0, 0),
(10000598, 'BMN 5 X 8 BR D10T1', '0.00', 0, '0', '', 1, 0, 0, 0),
(10000599, 'SMK 8.8 X M6X29-10 MC', '0.00', 0, '0', '', 1, 0, 0, 0),
(10000600, 'SMK SQ 8.8 X M6X26-10 MC', '0.00', 0, '0', '', 1, 0, 0, 0),
(10000601, 'SMP 5 X 50 EB 8M 12A', '0.00', 0, '0', '', 1, 0, 0, 0),
(10000602, 'SMK 6.8 X M6X15-11 UC 8M', '0.00', 0, '0', '', 1, 0, 0, 0),
(10000603, 'SWR 3.1 X 13 KZ', '0.00', 0, '0', '', 1, 0, 0, 0),
(10000604, 'SWF 3.5 X 20 MC', '0.00', 0, '0', '', 1, 0, 0, 0),
(10000605, 'SWF 3.5 X 32 KZ', '0.00', 0, '0', '', 1, 0, 0, 0),
(10000606, 'SWF 3.5 X 38 KZ', '0.00', 0, '0', '', 1, 0, 0, 0),
(10000607, 'SWM 4.5 X 25 MC ?', '0.00', 0, '0', '', 1, 0, 0, 0),
(10000608, 'SWR 4.5 X 25 MC ?', '0.00', 0, '0', '', 1, 0, 0, 0),
(10000609, 'SWF 5.1 X 32 KZ', '0.00', 0, '0', '', 1, 0, 0, 0),
(10000610, 'SWF 8 X 8.4X80-53 KZ', '0.00', 0, '0', '', 1, 0, 0, 0),
(10000611, 'SWF 4.1 X 40 KZ', '0.00', 0, '0', '', 1, 0, 0, 0),
(10000612, 'SWF 3.5 X 16 MC', '0.00', 0, '0', '', 1, 0, 0, 0),
(10000613, 'SWF 3.5 X 25 KZ', '0.00', 0, '0', '', 1, 0, 0, 0),
(10000614, 'SWF 6.8 X 75-50 KZ', '0.00', 0, '0', '', 1, 0, 0, 0),
(10000615, 'SMK 6 X 15.5 UC', '0.00', 0, '0', '', 1, 0, 0, 0),
(10000616, 'SMH 6 X 30 MC3', '0.00', 0, '0', '', 1, 0, 0, 0),
(10000617, 'SMB 4 X 8 EB', '0.00', 0, '0', '', 1, 0, 0, 0),
(10000618, 'SMT 6 X 10 EB', '0.00', 0, '0', '', 1, 0, 0, 0),
(10000619, 'SMO 4 X 20 EB 20 K', '0.00', 0, '0', '', 1, 0, 0, 0),
(10000620, 'SWF 8X7 X 8X115-50-20 KZ', '0.00', 0, '0', '', 1, 0, 0, 0),
(10000621, 'SMH 8 X M8X22 EB G6.8', '0.00', 0, '0', '', 1, 0, 0, 0),
(10000622, 'SMH 6 X 8 MC3 + 20C', '0.00', 0, '0', '', 1, 0, 0, 0),
(10000623, 'SMP 6 X 16 MC3 6.8T', '0.00', 0, '0', '', 1, 0, 0, 0),
(10000624, 'SMT 6 X 30-25 MC3 6.8', '0.00', 0, '0', '', 1, 0, 0, 0),
(10000625, 'SMT 9 X M6X16 NI-K 6.8 D16', '0.00', 0, '0', '', 1, 0, 0, 0),
(10000626, 'SMB 4 X 14 EB', '0.00', 0, '0', '', 1, 0, 0, 0),
(10000627, 'WELD BOLT 5 X 12 MC3 4T UT', '0.00', 0, '0', '', 1, 0, 0, 0),
(10000628, 'SWR 4.5 X 25 MC3 ?', '0.00', 0, '0', '', 1, 0, 0, 0),
(10000629, 'SMK SQ 9 X M6X27-21.5 MC', '0.00', 0, '0', '', 1, 0, 0, 0),
(10000630, 'SWR 2.7 X 10 SUS', '0.00', 0, '0', '', 1, 0, 0, 0),
(10000631, 'HANG BOLT 8 X 40 MC3', '0.00', 0, '0', '', 1, 0, 0, 0),
(10000632, 'SMB 5 X 30 EB', '0.00', 0, '0', '', 1, 0, 0, 0),
(10000633, 'SMB 5 X 40 EB', '0.00', 0, '0', '', 1, 0, 0, 0),
(10000634, 'SMB 5 X 20 EB', '0.00', 0, '0', '', 1, 0, 0, 0),
(10000635, 'WELD BOLT 10 X 30 KZ D21.5 P1.25', '0.00', 0, '0', '', 1, 0, 0, 0),
(10000636, 'SMB 5 X 16 EB', '0.00', 0, '0', '', 1, 0, 0, 0),
(10000637, 'SMB 2.3 X 10 MC3', '0.00', 0, '0', '', 1, 0, 0, 0),
(10000638, 'SMF 5 X 40 EB', '0.00', 0, '0', '', 1, 0, 0, 0),
(10000639, 'SMF 10 X 30 EB P1.5', '0.00', 0, '0', '', 1, 0, 0, 0),
(10000640, 'SMB 4 X 6 MC3', '0.00', 0, '0', '', 1, 0, 0, 0),
(10000641, 'SMS 4 X 8 EB 4T KNURL', '0.00', 0, '0', '', 1, 0, 0, 0),
(10000642, 'SMB 6 X 14 GR 20C', '0.00', 0, '0', '', 1, 0, 0, 0),
(10000643, '(C)SMH 1/4-20 X 15 MC3 6.8T TR K11', '0.00', 0, '0', '', 1, 0, 0, 0),
(10000644, 'SMP 4 X 12 MC3 TB 2411', '0.00', 0, '0', '', 1, 0, 0, 0),
(10000645, 'SMO 6 X 17 NI', '0.00', 0, '0', '', 1, 0, 0, 0),
(10000646, 'SMH 6 X M6X55-18 EB 4T TR UT K10', '0.00', 0, '0', '', 1, 0, 0, 0),
(10000647, 'SMB 5 X 8 EB 20C', '0.00', 0, '0', '', 1, 0, 0, 0),
(10000648, 'SMF 4 X 16 MC3', '0.00', 0, '0', '', 1, 0, 0, 0),
(10000649, 'SMF 5 X 12 MC3 6.8', '0.00', 0, '0', '', 1, 0, 0, 0),
(10000650, 'SMF 5 X 20 MC3 6.8', '0.00', 0, '0', '', 1, 0, 0, 0),
(10000651, 'SMP 6 X 20-8.5 MC3 20C', '0.00', 0, '0', '', 1, 0, 0, 0),
(10000652, 'SMT 5 X 12 MC3 6.8T', '0.00', 0, '0', '', 1, 0, 0, 0),
(10000653, 'SMT 6 X 16 MC3 6.8 C/3', '0.00', 0, '0', '', 1, 0, 0, 0),
(10000654, 'SWF 6.2 X 63-42 KZ', '0.00', 0, '0', '', 1, 0, 0, 0),
(10000655, 'SMF 4 X 10 MC3', '0.00', 0, '0', '', 1, 0, 0, 0),
(10000656, 'SMF 5 X 16 MC3 6.8 C3', '0.00', 0, '0', '', 1, 0, 0, 0),
(10000657, 'WELD BOLT 6 X 10 KZ UT', '0.00', 0, '0', '', 1, 0, 0, 0),
(10000658, 'SMP 4 X 12 CF', '0.00', 0, '0', '', 1, 0, 0, 0),
(10000659, 'SWF 6.2 X 75-50 KZ', '0.00', 0, '0', '', 1, 0, 0, 0),
(10000660, 'SWF 8 X 8.2X38-25 KZ', '0.00', 0, '0', '', 1, 0, 0, 0),
(10000661, 'SWF 8 X 8.3X85-57 KZ', '0.00', 0, '0', '', 1, 0, 0, 0),
(10000662, 'SMT 6 X 18 EB UT', '0.00', 0, '0', '', 1, 0, 0, 0),
(10000663, 'SMK SQ 8 X M6X30.8-27A MC3 6T TR', '0.00', 0, '0', '', 1, 0, 0, 0),
(10000664, 'WELD BOLT 8 X 16 MC3 4T D18', '0.00', 0, '0', '', 1, 0, 0, 0),
(10000665, 'SMP 3 X 6 EB', '0.00', 0, '0', '', 1, 0, 0, 0),
(10000666, 'WELD BOLT 10 X M10X31-15A MC3 D20', '0.00', 0, '0', '', 1, 0, 0, 0),
(10000667, 'SMH 10 X 30-20 MC 6.8 TR K14 P1.25', '0.00', 0, '0', '', 1, 0, 0, 0),
(10000668, 'WELD BOLT 6 X 14 KZ 6T UT D14.5 DOT', '0.00', 0, '0', '', 1, 0, 0, 0),
(10000669, 'SMT 6 X 8 EB', '0.00', 0, '0', '', 1, 0, 0, 0),
(10000670, 'SWF 8 X 8.3X45-30 KZ', '0.00', 0, '0', '', 1, 0, 0, 0),
(10000671, 'SMH 10 X 35-20 MC 6.8 TR K14 P1.25', '0.00', 0, '0', '', 1, 0, 0, 0),
(10000672, 'SMKS 6 X M6X36 ZK', '0.00', 0, '0', '', 1, 0, 0, 0),
(10000673, 'SMK 6.8 X M6X15-11 UC 8M DOT', '0.00', 0, '0', '', 1, 0, 0, 0),
(10000674, 'BMK 4 X 8 BC ?', '0.00', 0, '0', '', 1, 0, 0, 0),
(10000675, 'SMB 2.5 X 16 MC3', '0.00', 0, '0', '', 1, 0, 0, 0),
(10000676, 'SWF 8 X 8.4X90-60 KZ', '0.00', 0, '0', '', 1, 0, 0, 0),
(10000677, 'SMK 6.8 X M6X26-22 EB', '0.00', 0, '0', '', 1, 0, 0, 0),
(10000678, 'SMK 10 X 20 MC3 35C P1.25', '0.00', 0, '0', '', 1, 0, 0, 0),
(10000679, 'SMT 6 X 14 MC3 ?', '0.00', 0, '0', '', 1, 0, 0, 0),
(10000680, 'SMT 6 X 10 MC3 6.8', '0.00', 0, '0', '', 1, 0, 0, 0),
(10000681, 'SMH 10 X 20 MC3 TR K17 P1.5', '0.00', 0, '0', '', 1, 0, 0, 0),
(10000682, 'SMN CUP 2 X 6 EB D4.5T0.4', '0.00', 0, '0', '', 1, 0, 0, 0),
(10000683, 'SMN 4 X 8 MC3 D9.5T0.6', '0.00', 0, '0', '', 1, 0, 0, 0),
(10000684, 'SWR 3.1 X 13 MC', '0.00', 0, '0', '', 1, 0, 0, 0),
(10000685, 'SMT 5 X 20 MC3 6.8T', '0.00', 0, '0', '', 1, 0, 0, 0),
(10000686, 'SMP 6 X 50 EB 6.8T', '0.00', 0, '0', '', 1, 0, 0, 0),
(10000687, 'SMT 9 X M6X16 EB 6.8 D16', '0.00', 0, '0', '', 1, 0, 0, 0),
(10000688, 'SMT 9 X M6X16 NI-K 6.8 D18', '0.00', 0, '0', '', 1, 0, 0, 0),
(10000689, 'SMT 9 X M6X15.6 NI-K 6.8 D18', '0.00', 0, '0', '', 1, 0, 0, 0),
(10000690, 'SWF SPC 3.8 X 20 MC3', '0.00', 0, '0', '', 1, 0, 0, 0),
(10000691, '(A)SMP 6 X 25 MC3', '0.00', 0, '0', '', 1, 0, 0, 0),
(10000692, 'SWF SPC 3.8 X 15 MC3', '0.00', 0, '0', '', 1, 0, 0, 0),
(10000693, 'SMB 2.5 X 14 MC3', '0.00', 0, '0', '', 1, 0, 0, 0),
(10000694, 'SMB SPC 2.5 X 16 MC3', '0.00', 0, '0', '', 1, 0, 0, 0),
(10000695, 'SMH 6 X M6X55-18 EB 6.8 TR UT K10', '0.00', 0, '0', '', 1, 0, 0, 0),
(10000696, 'SMP 4 X 10 EB', '0.00', 0, '0', '', 1, 0, 0, 0),
(10000697, 'SMT 5 X 16 MC3 6.8T', '0.00', 0, '0', '', 1, 0, 0, 0),
(10000698, 'SMK 6.8 X M6X15-11 UC 8M TSSI', '0.00', 0, '0', '', 1, 0, 0, 0),
(10000699, 'SMB 4 X 50 EB', '0.00', 0, '0', '', 1, 0, 0, 0),
(10000700, 'UMT 5 X M5X16-9 SUS SOCK UT', '0.00', 0, '0', '', 1, 0, 0, 0),
(10000701, 'WELD BOLT 8 X 22 KZ 4.8T UT D16', '0.00', 0, '0', '', 1, 0, 0, 0),
(10000702, 'HANG BOLT 10 X 65 MC', '0.00', 0, '0', '', 1, 0, 0, 0),
(10000703, 'SMH 8 X M6X30-13 MC3 6.8 TR K10', '0.00', 0, '0', '', 1, 0, 0, 0),
(10000704, 'SMB 2.5 X 20 MC3', '0.00', 0, '0', '', 1, 0, 0, 0),
(10000705, 'SMP 4 X 25 KZ', '0.00', 0, '0', '', 1, 0, 0, 0),
(10000706, 'SWM 4.5 X 25 MC3 ?', '0.00', 0, '0', '', 1, 0, 0, 0),
(10000707, 'SWR 3.5 X 22 MC3', '0.00', 0, '0', '', 1, 0, 0, 0),
(10000708, 'SWF 3.5 X 20 MC3', '0.00', 0, '0', '', 1, 0, 0, 0),
(10000709, 'SWR 3.5 X 16 MC3', '0.00', 0, '0', '', 1, 0, 0, 0),
(10000710, 'SMO 3 X 6 MC3 TB 2430', '0.00', 0, '0', '', 1, 0, 0, 0),
(10000711, 'SMO SPC 3 X 5.5 MC3 DOT', '0.00', 0, '0', '', 1, 0, 0, 0),
(10000712, 'WELD BOLT 5 X 14 KZ D12 TOP', '0.00', 0, '0', '', 1, 0, 0, 0),
(10000713, 'BMK 4 X 10 BC -', '0.00', 0, '0', '', 1, 0, 0, 0),
(10000714, 'SMK 6.8 X M6X15-11 CF 8M DOT', '0.00', 0, '0', '', 1, 0, 0, 0),
(10000715, 'SMP SPC 5 X 25 KZ', '0.00', 0, '0', '', 1, 0, 0, 0),
(10000716, 'BMT 4 X 10 BC ?', '0.00', 0, '0', '', 1, 0, 0, 0),
(10000717, 'SMH 6 X 14 MC3 4T TR K10 TB', '0.00', 0, '0', '', 1, 0, 0, 0),
(10000718, 'SMB 3 X 20 MC3', '0.00', 0, '0', '', 1, 0, 0, 0),
(10000719, 'SMK 7 X M5X12,2 MC +', '0.00', 0, '0', '', 1, 0, 0, 0),
(10000720, 'SMB 8 X 40 EB', '0.00', 0, '0', '', 1, 0, 0, 0),
(10000721, 'SMF 8 X 19.2 KZ UT 25C', '0.00', 0, '0', '', 1, 0, 0, 0),
(10000722, 'SMK W/S 4 X 20 MC3 +', '0.00', 0, '0', '', 1, 0, 0, 0),
(10000723, 'WELD BOLT 6 X 10 KZ 4T D12', '0.00', 0, '0', '', 1, 0, 0, 0),
(10000724, 'SWF 4.5 X 45-30 KZ', '0.00', 0, '0', '', 1, 0, 0, 0),
(10000725, 'SWF 4.5 X 38-25 KZ', '0.00', 0, '0', '', 1, 0, 0, 0),
(10000726, 'SWF 4.5 X 56-37 KZ', '0.00', 0, '0', '', 1, 0, 0, 0),
(10000727, 'SWF 6.2 X 40-26 KZ', '0.00', 0, '0', '', 1, 0, 0, 0),
(10000728, 'SWF 6.2 X 56-37 KZ', '0.00', 0, '0', '', 1, 0, 0, 0),
(10000729, 'SWF 5.1 X 32 MC3', '0.00', 0, '0', '', 1, 0, 0, 0),
(10000730, 'SWF 4.5 X 32-22 KZ', '0.00', 0, '0', '', 1, 0, 0, 0),
(10000731, 'SWF 5.1 X 45-30 KZ', '0.00', 0, '0', '', 1, 0, 0, 0),
(10000732, 'SMP 5 X 10 MC3 6.8T', '0.00', 0, '0', '', 1, 0, 0, 0),
(10000733, 'SMF 3.5 X 12 UC', '0.00', 0, '0', '', 1, 0, 0, 0),
(10000734, 'SMK 4 X 16 EB + D10', '0.00', 0, '0', '', 1, 0, 0, 0),
(10000735, 'SMB 4 X 12 CF', '0.00', 0, '0', '', 1, 0, 0, 0),
(10000736, 'SMB 6 X 110-40 EB', '0.00', 0, '0', '', 1, 0, 0, 0),
(10000737, 'SMN 4 X 8 EB D10T0.8', '0.00', 0, '0', '', 1, 0, 0, 0),
(10000738, 'SMK SQ 10 X M5X13-11 CF UT', '0.00', 0, '0', '', 1, 0, 0, 0),
(10000739, 'SMK SPC 8 X M6X43-8 MC3', '0.00', 0, '0', '', 1, 0, 0, 0),
(10000740, 'SMT 8 X M6X12 NC SOCK', '0.00', 0, '0', '', 1, 0, 0, 0),
(10000741, 'SWF 2.7 X 12 KZ', '0.00', 0, '0', '', 1, 0, 0, 0),
(10000742, 'SMB 3 X 10 MC3', '0.00', 0, '0', '', 1, 0, 0, 0),
(10000743, 'SMH 6 X M6X22-11 KZ + TR 6.8 K10', '0.00', 0, '0', '', 1, 0, 0, 0),
(10000744, 'SMK 3 X 3 EB +', '0.00', 0, '0', '', 1, 0, 0, 0),
(10000745, 'SMP 4.5 X 12.1 NI - P0.5', '0.00', 0, '0', '', 1, 0, 0, 0),
(10000746, 'SMH 10 X M10X106-34 MC3 35C UT', '0.00', 0, '0', '', 1, 0, 0, 0),
(10000747, 'SMP 6 X 23.5-13A KZ', '0.00', 0, '0', '', 1, 0, 0, 0),
(10000748, 'SMH 12 X M12X111-34 MC3 6.8 UT K19 P1.75', '0.00', 0, '0', '', 1, 0, 0, 0),
(10000749, 'SMP 3 X 8 CF', '0.00', 0, '0', '', 1, 0, 0, 0),
(10000750, 'SMP 3 X 6 CF', '0.00', 0, '0', '', 1, 0, 0, 0),
(10000751, 'SMB 3 X 10 CF', '0.00', 0, '0', '', 1, 0, 0, 0),
(10000752, 'SMB 5 X 8 CF 20C', '0.00', 0, '0', '', 1, 0, 0, 0),
(10000753, 'SMF 6 X 12 CF 5.8 DOT', '0.00', 0, '0', '', 1, 0, 0, 0),
(10000754, 'SWF 3.1 X 13 EB', '0.00', 0, '0', '', 1, 0, 0, 0),
(10000755, 'SMT 9 X M6X16 UC 6.8 D16', '0.00', 0, '0', '', 1, 0, 0, 0),
(10000756, 'SMT 9 X M6X15.6 UC 6.8 D18', '0.00', 0, '0', '', 1, 0, 0, 0),
(10000757, 'SMK 6 X 15.9-13.9A MC3 6.8 UT', '0.00', 0, '0', '', 1, 0, 0, 0),
(10000758, 'SMF 6 X 40 MC3', '0.00', 0, '0', '', 1, 0, 0, 0),
(10000759, 'SWF 5.1 X 63-42 KZ', '0.00', 0, '0', '', 1, 0, 0, 0),
(10000760, 'SMP 3 X 8 MC3', '0.00', 0, '0', '', 1, 0, 0, 0),
(10000761, 'SMB 6 X 12 CF 20K', '0.00', 0, '0', '', 1, 0, 0, 0),
(10000762, 'SMB 6 X 16 KF 20K', '0.00', 0, '0', '', 1, 0, 0, 0),
(10000763, 'SMB 6 X 12 KF 20K', '0.00', 0, '0', '', 1, 0, 0, 0),
(10000764, 'SMB 5 X 20 KF 20K', '0.00', 0, '0', '', 1, 0, 0, 0),
(10000765, 'SMP 5 X 16 KF 20K', '0.00', 0, '0', '', 1, 0, 0, 0),
(10000766, 'SMK SPC 6 X M6X36-10 KF 12A', '0.00', 0, '0', '', 1, 0, 0, 0),
(10000767, 'SMP 6 X 10 KF 20K', '0.00', 0, '0', '', 1, 0, 0, 0),
(10000768, 'SMP 5 X 12 KF 20K', '0.00', 0, '0', '', 1, 0, 0, 0),
(10000769, 'SMP 6 X 12 KF 20K', '0.00', 0, '0', '', 1, 0, 0, 0),
(10000770, 'SMB 6 X 14 KF 20K', '0.00', 0, '0', '', 1, 0, 0, 0),
(10000771, 'SMH 6 X 16 KF 20K TR UT', '0.00', 0, '0', '', 1, 0, 0, 0),
(10000772, 'SMN 5 X 17 EB 12A TORX D10T1', '0.00', 0, '0', '', 1, 0, 0, 0),
(10000773, 'SMKW 5 X 11-10A UC ?', '0.00', 0, '0', '', 1, 0, 0, 0),
(10000774, 'SMN 7.3 X M5X17.4-8.7 EB 12A TORX', '0.00', 0, '0', '', 1, 0, 0, 0),
(10000775, 'SMK 6.8 X M6X15-11 CF 8M', '0.00', 0, '0', '', 1, 0, 0, 0),
(10000776, 'SMK SQ 8.8 X M6X26-10 CF', '0.00', 0, '0', '', 1, 0, 0, 0),
(10000777, 'WELD BOLT 8 X 40 MC3 6T UT D16', '0.00', 0, '0', '', 1, 0, 0, 0),
(10000778, 'WELD BOLT 8 X 12 KZ 6T UT D16', '0.00', 0, '0', '', 1, 0, 0, 0),
(10000779, 'WELD BOLT 8 X 35 KZ 6T UT D16', '0.00', 0, '0', '', 1, 0, 0, 0),
(10000780, 'SMB 5 X 8 KF 20K', '0.00', 0, '0', '', 1, 0, 0, 0),
(10000781, 'SMB 5 X 14 KF', '0.00', 0, '0', '', 1, 0, 0, 0),
(10000782, 'SMH 6 X M6X33-13 EB 6.8 TR UT K10', '0.00', 0, '0', '', 1, 0, 0, 0),
(10000783, 'SMB 6 X 40 EB', '0.00', 0, '0', '', 1, 0, 0, 0),
(10000784, 'SMK 8.8 X M6X29-10 CF', '0.00', 0, '0', '', 1, 0, 0, 0),
(10000785, 'SMO 4 X 20 KF', '0.00', 0, '0', '', 1, 0, 0, 0),
(10000786, 'SMP 3 X 11 CF', '0.00', 0, '0', '', 1, 0, 0, 0),
(10000787, 'SMP 3 X 6 KF', '0.00', 0, '0', '', 1, 0, 0, 0),
(10000788, 'SMT 5 X 20 EB', '0.00', 0, '0', '', 1, 0, 0, 0),
(10000789, 'SMT 6 X 75 MC3', '0.00', 0, '0', '', 1, 0, 0, 0);
INSERT INTO `m_item` (`m_item_id`, `m_item_name`, `m_item_net_weight`, `m_item_ext_id`, `m_item_qty_box`, `m_item_note`, `m_item_mark`, `m_item_baking`, `m_item_bom_stat`, `m_item_route_stat`) VALUES
(10000790, 'SMH 5 X 15 MC3 4T TR K8', '0.00', 0, '0', '', 1, 0, 0, 0),
(10000791, 'SMT 5 X 12 KF D14', '0.00', 0, '0', '', 1, 0, 0, 0),
(10000792, 'UMP 5 X 28 MC3 UR', '0.00', 0, '0', '', 1, 0, 0, 0),
(10000793, 'SMO 5 X 16 EB', '0.00', 0, '0', '', 1, 0, 0, 0),
(10000794, 'SMW 9 X M6X34.4-26.8A MC3 12A', '0.00', 0, '0', '', 1, 0, 0, 0),
(10000795, 'SMB SPC 5 X 8 MC3', '0.00', 0, '0', '', 1, 0, 0, 0),
(10000796, 'SMF 10 X 20 UC P1.5', '0.00', 0, '0', '', 1, 0, 0, 0),
(10000797, 'SMF 2.5 X 5 BR H1.2', '0.00', 0, '0', '', 1, 0, 0, 0),
(10000798, 'SMP 4 X 10 KF', '0.00', 0, '0', '', 1, 0, 0, 0),
(10000799, 'SMP 5 X 20 KF', '0.00', 0, '0', '', 1, 0, 0, 0),
(10000800, 'SMS 5 X M5X65-5 MC3 6.8 UT', '0.00', 0, '0', '', 1, 0, 0, 0),
(10000801, 'WELD BOLT SQ 6 X 20-17.5A KZ 18A', '0.00', 0, '0', '', 1, 0, 0, 0),
(10000802, 'SMB 3 X 5 MC3', '0.00', 0, '0', '', 1, 0, 0, 0),
(10000803, 'SMH 6 X 32 CF + 4.8 TR UT K10', '0.00', 0, '0', '', 1, 0, 0, 0),
(10000804, 'SMP 5 X 40 KF', '0.00', 0, '0', '', 1, 0, 0, 0),
(10000805, 'SMKW 5 X 12-10A UC ?', '0.00', 0, '0', '', 1, 0, 0, 0),
(10000806, 'SMK SQ 5 X M5X20-16A EB', '0.00', 0, '0', '', 1, 0, 0, 0),
(10000807, 'WELD BOLT 6 X 16 KZ UT 20K D14.5', '0.00', 0, '0', '', 1, 0, 0, 0),
(10000808, 'WELD BOLT 6 X 25 KZ 6.8 UR D12', '0.00', 0, '0', '', 1, 0, 0, 0),
(10000809, 'SMH SPC 6 X 13.4-3.7 KZ', '0.00', 0, '0', '', 1, 0, 0, 0),
(10000810, 'WELD BOLT 8 X 40 KZ 6T UT D16', '0.00', 0, '0', '', 1, 0, 0, 0),
(10000811, 'SMP 2.6 X 4 MC3', '0.00', 0, '0', '', 1, 0, 0, 0),
(10000812, 'SMT 5 X 14 MC3', '0.00', 0, '0', '', 1, 0, 0, 0),
(10000813, 'SMF 4 X 12 MC3 SW', '0.00', 0, '0', '', 1, 0, 0, 0),
(10000814, 'SMP 5 X 16 CF 20K', '0.00', 0, '0', '', 1, 0, 0, 0),
(10000815, 'SMP 5 X 35 KF', '0.00', 0, '0', '', 1, 0, 0, 0),
(10000816, 'SMP 5 X 25 KF', '0.00', 0, '0', '', 1, 0, 0, 0),
(10000817, 'SMP 5 X 45 CF', '0.00', 0, '0', '', 1, 0, 0, 0),
(10000818, 'SMB 3 X 20 CF', '0.00', 0, '0', '', 1, 0, 0, 0),
(10000819, 'SMP 5 X 25 CF', '0.00', 0, '0', '', 1, 0, 0, 0),
(10000820, 'SMP 4 X 5 NI', '0.00', 0, '0', '', 1, 0, 0, 0),
(10000821, 'SMP 4 X 25.3 ZK', '0.00', 0, '0', '', 1, 0, 0, 0),
(10000822, 'SMP 5 X 10 CF', '0.00', 0, '0', '', 1, 0, 0, 0),
(10000823, 'SMP 5 X 55 MC3', '0.00', 0, '0', '', 1, 0, 0, 0),
(10000824, 'SMP 5 X 35 MC3', '0.00', 0, '0', '', 1, 0, 0, 0),
(10000825, 'SMP 5 X 45 KF', '0.00', 0, '0', '', 1, 0, 0, 0),
(10000826, 'SMH 5 X 35 MC3 12A TR UT K8', '0.00', 0, '0', '', 1, 0, 0, 0),
(10000827, 'SMT 6 X 40-25 MC3 6.8', '0.00', 0, '0', '', 1, 0, 0, 0),
(10000828, 'SMP 4 X 20 KF 20K', '0.00', 0, '0', '', 1, 0, 0, 0),
(10000829, 'SMP 4 X 25 KF 20K', '0.00', 0, '0', '', 1, 0, 0, 0),
(10000830, 'SMP 5 X 20 KF 20K', '0.00', 0, '0', '', 1, 0, 0, 0),
(10000831, 'SMF 2.5 X 5 NI3 H1.2', '0.00', 0, '0', '', 1, 0, 0, 0),
(10000832, 'SWF 6.2 X 35-23 KZ', '0.00', 0, '0', '', 1, 0, 0, 0),
(10000833, 'SMT 9 X M6X15.6 MC3 6.8 D18', '0.00', 0, '0', '', 1, 0, 0, 0),
(10000834, 'SMT 9 X M6X16 MC3 6.8 D16', '0.00', 0, '0', '', 1, 0, 0, 0),
(10000835, 'SMB SPC 3 X 6 EB', '0.00', 0, '0', '', 1, 0, 0, 0),
(10000836, 'SMK 10 X M6X19.2 MC3', '0.00', 0, '0', '', 1, 0, 0, 0),
(10000837, 'SWO 5.1 X 58-39 NI3', '0.00', 0, '0', '', 1, 0, 0, 0),
(10000838, 'SWF 6.8 X 90-60 KZ', '0.00', 0, '0', '', 1, 0, 0, 0),
(10000840, 'SMH 6 X M6X49-24 EB 6.8 TR K10', '0.00', 0, '0', '', 1, 0, 0, 0),
(10000841, 'SWO 8 X 8.3X100-36 NI3', '0.00', 0, '0', '', 1, 0, 0, 0),
(10000842, 'SWO 6.8 X 75-50 EB ?', '0.00', 0, '0', '', 1, 0, 0, 0),
(10000843, 'SWO 8X7 X 8.3X100-52-15 NI3', '0.00', 0, '0', '', 1, 0, 0, 0),
(10000844, 'SWO 8 X 60-40 NI3', '0.00', 0, '0', '', 1, 0, 0, 0),
(10000845, 'SMB 4 X 40 EB', '0.00', 0, '0', '', 1, 0, 0, 0),
(10000846, 'SMH 8 X 10 MC3 4T TR K12 P1.0', '0.00', 0, '0', '', 1, 0, 0, 0),
(10000847, 'SMP 5 X 30 KF', '0.00', 0, '0', '', 1, 0, 0, 0),
(10000848, 'SMN 5 X 24 EB 12A TORX D10T1', '0.00', 0, '0', '', 1, 0, 0, 0),
(10000849, 'UMK 5 X 16 SUS SOCK', '0.00', 0, '0', '', 1, 0, 0, 0),
(10000850, 'SWR 4.5 X 38 MC3', '0.00', 0, '0', '', 1, 0, 0, 0),
(10000851, 'SWR 4.5 X 20 MC3', '0.00', 0, '0', '', 1, 0, 0, 0),
(10000852, 'WELD BOLT 8 X 20 MC K15', '0.00', 0, '0', '', 1, 0, 0, 0),
(10000853, 'SMB 5 X 16 CF 20K', '0.00', 0, '0', '', 1, 0, 0, 0),
(10000854, 'SMF 12 X 30-19 KZ 6T', '0.00', 0, '0', '', 1, 0, 0, 0),
(10000855, 'SMF 12 X 35-23 KZ 6T', '0.00', 0, '0', '', 1, 0, 0, 0),
(10000856, 'SMP 8 X 37 MC3', '0.00', 0, '0', '', 1, 0, 0, 0),
(10000857, 'SMH 6 X 16 CF 20K TR UT', '0.00', 0, '0', '', 1, 0, 0, 0),
(10000858, 'SMT 5 X 12 CF 12A UT D14', '0.00', 0, '0', '', 1, 0, 0, 0),
(10000859, 'SMP 6 X 12 CF 35K DOT', '0.00', 0, '0', '', 1, 0, 0, 0),
(10000860, 'SWO 10 X 70-47 NI3', '0.00', 0, '0', '', 1, 0, 0, 0),
(10000861, 'SWF 6.2 X 20-13 MC3', '0.00', 0, '0', '', 1, 0, 0, 0),
(10000862, 'SMH 8 X 20 CF G4 K12 H5', '0.00', 0, '0', '', 1, 0, 0, 0),
(10000863, 'SMT 8.2 X M6X16 EB D16 S45C', '0.00', 0, '0', '', 1, 0, 0, 0),
(10000864, 'WELD BOLT 6 X 20 KZ', '0.00', 0, '0', '', 1, 0, 0, 0),
(10000865, 'SMP 3 X 4 MC3', '0.00', 0, '0', '', 1, 0, 0, 0),
(10000866, 'SMP 5 X 50 KF', '0.00', 0, '0', '', 1, 0, 0, 0),
(10000867, 'SMP 5 X 14 EB', '0.00', 0, '0', '', 1, 0, 0, 0),
(10000868, 'SMP 6 X 14 EB', '0.00', 0, '0', '', 1, 0, 0, 0),
(10000869, 'SMP 6 X 14 MC3', '0.00', 0, '0', '', 1, 0, 0, 0),
(10000870, 'SMP SPC 6 X 25 CF 35K DOT', '0.00', 0, '0', '', 1, 0, 0, 0),
(10000871, 'SMR 12 X M8X51.3-16.9 EB 6T TORX', '0.00', 0, '0', '', 1, 0, 0, 0),
(10000872, 'SMH 8 X M6X23-7.5 MC3 4.8 TR K10', '0.00', 0, '0', '', 1, 0, 0, 0),
(10000873, 'BOLT KNURL 8 X M6X37.5 CF', '0.00', 0, '0', '', 1, 0, 0, 0),
(10000874, 'SMKW 8 X 13.5-11.5A UC ?', '0.00', 0, '0', '', 1, 0, 0, 0),
(10000875, 'SMB 4 X 25 EB', '0.00', 0, '0', '', 1, 0, 0, 0),
(10000876, 'SMP 8 X 20 MC3', '0.00', 0, '0', '', 1, 0, 0, 0),
(10000877, 'SMF 4 X 16 EB', '0.00', 0, '0', '', 1, 0, 0, 0),
(10000878, 'SMF 4 X 16 MC3 SW', '0.00', 0, '0', '', 1, 0, 0, 0),
(10000879, 'SMP 5 X 12 CF 20K', '0.00', 0, '0', '', 1, 0, 0, 0),
(10000880, 'SMH 4 X 4 MC3 + 18A', '0.00', 0, '0', '', 1, 0, 0, 0),
(10000881, 'SMF 3 X 8 CF 20K TB2411', '0.00', 0, '0', '', 1, 0, 0, 0),
(10000882, 'SMH 8 X 30 EB TR G4 K13', '0.00', 0, '0', '', 1, 0, 0, 0),
(10000883, 'WELD BOLT SPC 8 X 20 KZ 6T UT D16', '0.00', 0, '0', '', 1, 0, 0, 0),
(10000884, 'WELD BOLT SPC 6 X 14 KZ 6T UT D14.5 DOT', '0.00', 0, '0', '', 1, 0, 0, 0),
(10000886, 'WELD BOLT SPC 8 X 30 KZ 6T UT D16', '0.00', 0, '0', '', 1, 0, 0, 0),
(10000887, 'WELD BOLT SPC 8 X 35 KZ 6T UT D16', '0.00', 0, '0', '', 1, 0, 0, 0),
(10000888, 'WELD BOLT SPC 8 X 40 KZ 6T UT D16', '0.00', 0, '0', '', 1, 0, 0, 0),
(10000889, 'SMF 3 X 8 CF 20K TB2415', '0.00', 0, '0', '', 1, 0, 0, 0),
(10000890, 'WELD BOLT SPC 8 X 40 MC3 6T UT D16', '0.00', 0, '0', '', 1, 0, 0, 0),
(10000891, 'SMH 8 X M8X35-19 EB K12', '0.00', 0, '0', '', 1, 0, 0, 0),
(10000892, 'SMP 5 X 30 EB 6.8', '0.00', 0, '0', '', 1, 0, 0, 0),
(10000893, 'SMS 3 X 6 EB 4.8 KNURL', '0.00', 0, '0', '', 1, 0, 0, 0),
(10000894, 'SMT 5 X 16 MC3', '0.00', 0, '0', '', 1, 0, 0, 0),
(10000895, 'SMT 6 X 12 MC3 6.8', '0.00', 0, '0', '', 1, 0, 0, 0),
(10000896, 'SMT 6 X 70 EB UT', '0.00', 0, '0', '', 1, 0, 0, 0),
(10000897, 'SMP 4 X 12 EB TORX', '0.00', 0, '0', '', 1, 0, 0, 0),
(10000898, 'SWF 8X7 X 8X100-50-20 KZ', '0.00', 0, '0', '', 1, 0, 0, 0),
(10000899, 'SMK 6 X 35-25 GB SOCK UT', '0.00', 0, '0', '', 1, 0, 0, 0),
(10000900, 'SMK 3 X 6 EB + 18A', '0.00', 0, '0', '', 1, 0, 0, 0),
(10000901, 'WELD BOLT 6 X 12 KZ 4T D14 TOP', '0.00', 0, '0', '', 1, 0, 0, 0),
(10000902, 'UMS 5 X 22 SUS P KNURL UT', '0.00', 0, '0', '', 1, 0, 0, 0),
(10000903, 'SMB 4 X 30 EB', '0.00', 0, '0', '', 1, 0, 0, 0),
(10000904, 'SWF 3.1 X 16 BR', '0.00', 0, '0', '', 1, 0, 0, 0),
(10000905, 'SWR 3.1 X 10 BR', '0.00', 0, '0', '', 1, 0, 0, 0),
(10000906, 'UMF 6 X 15 SUS', '0.00', 0, '0', '', 1, 0, 0, 0),
(10000907, 'SMB 3.5 X 7.7-6.15A MC3 ?', '0.00', 0, '0', '', 1, 0, 0, 0),
(10000908, 'SMB 3.5 X 7.7-6.5A MC3 ? DOT', '0.00', 0, '0', '', 1, 0, 0, 0),
(10000909, 'SMP 5 X 10 KF', '0.00', 0, '0', '', 1, 0, 0, 0),
(10000910, 'SMT 6 X 20 MC3 6.8', '0.00', 0, '0', '', 1, 0, 0, 0),
(10000911, 'SMT 9 X M6X16 MC3 6.8 D18', '0.00', 0, '0', '', 1, 0, 0, 0),
(10000912, 'SMB 6 X 16 CF 20K', '0.00', 0, '0', '', 1, 0, 0, 0),
(10000913, 'SMB 6 X 20 CF 20K', '0.00', 0, '0', '', 1, 0, 0, 0),
(10000914, 'SMB 3 X 8 KF 20K', '0.00', 0, '0', '', 1, 0, 0, 0),
(10000915, 'SMP 5 X 55 EB', '0.00', 0, '0', '', 1, 0, 0, 0),
(10000916, 'BOLT KNURL 9 X M6X24 MC3 8M', '0.00', 0, '0', '', 1, 0, 0, 0),
(10000917, 'SMT 6.5 X M5X12.8 MC3', '0.00', 0, '0', '', 1, 0, 0, 0),
(10000918, 'SMB SPC 5 X 12 KF 20K D11.8', '0.00', 0, '0', '', 1, 0, 0, 0),
(10000919, 'WELD BOLT SPC 8 X 16 KZ 6T D16', '0.00', 0, '0', '', 1, 0, 0, 0),
(10000920, 'SMT 9 X M6X16-11.2 EB D16 S45C', '0.00', 0, '0', '', 1, 0, 0, 0),
(10000921, 'WELD BOLT SPC 8 X 25 KZ 6T D16', '0.00', 0, '0', '', 1, 0, 0, 0),
(10000922, 'SMP 4 X 5 MC3', '0.00', 0, '0', '', 1, 0, 0, 0),
(10000923, 'WELD BOLT 8 X 25 KZ D18', '0.00', 0, '0', '', 1, 0, 0, 0),
(10000924, 'WELD BOLT 8 X 30 KZ D18', '0.00', 0, '0', '', 1, 0, 0, 0),
(10000925, 'SMF 6 X 25 GB', '0.00', 0, '0', '', 1, 0, 0, 0),
(10000926, 'SMB 2.5 X 18 MC3', '0.00', 0, '0', '', 1, 0, 0, 0),
(10000927, 'SMP 6 X 18 MC3', '0.00', 0, '0', '', 1, 0, 0, 0),
(10000928, 'UMK 10 X M10X35-20 SUS UT P1.25', '0.00', 0, '0', '', 1, 0, 0, 0),
(10000929, 'UMN 6 X 12 SUS D13.6 T1 TB2440', '0.00', 0, '0', '', 1, 0, 0, 0),
(10000930, 'UMT 5 X 35 SUS BP', '0.00', 0, '0', '', 1, 0, 0, 0),
(10000931, 'SMT SPC 8.2 X M6X16-13.2 MC3 6T UT', '0.00', 0, '0', '', 1, 0, 0, 0),
(10000932, 'SMT 8.8 X M6X20-10 MC3 6.8 SOCK DOT', '0.00', 0, '0', '', 1, 0, 0, 0),
(10000933, 'SMF 6 X 14 MC3 TB2440', '0.00', 0, '0', '', 1, 0, 0, 0),
(10000934, 'SMF 6 X 25 MC3', '0.00', 0, '0', '', 1, 0, 0, 0),
(10000935, 'SMH 7 X M5X22.5-11.3 EB 20K', '0.00', 0, '0', '', 1, 0, 0, 0),
(10000936, 'SMT 4 X 30 GB', '0.00', 0, '0', '', 1, 0, 0, 0),
(10000937, 'SMW 6 X 11 CF 6.8', '0.00', 0, '0', '', 1, 0, 0, 0),
(10000938, 'WELD BOLT 8 X M8X19-12 KZ 6.8 UT D19', '0.00', 0, '0', '', 1, 0, 0, 0),
(10000939, 'WELD BOLT 6 X M6X20-17 KZ UT D12 7T', '0.00', 0, '0', '', 1, 0, 0, 0),
(10000940, 'SMT 5 X 12 EB 6.8T', '0.00', 0, '0', '', 1, 0, 0, 0),
(10000941, 'SMT 5 X 16 EB 6.8T', '0.00', 0, '0', '', 1, 0, 0, 0),
(10000942, 'SMT 6 X 12 EB 6.8T', '0.00', 0, '0', '', 1, 0, 0, 0),
(10000943, 'SMT 6 X 16 MC3 6.8T', '0.00', 0, '0', '', 1, 0, 0, 0),
(10000944, 'SMT 6 X 35-25 MC3 6.8T', '0.00', 0, '0', '', 1, 0, 0, 0),
(10000945, 'SMT 6 X 45-25 EB 6.8T', '0.00', 0, '0', '', 1, 0, 0, 0),
(10000946, 'SMT 6 X 45-25 MC3 6.8T', '0.00', 0, '0', '', 1, 0, 0, 0),
(10000947, 'BOLT KNURL 8 X M5X24.5 CF', '0.00', 0, '0', '', 1, 0, 0, 0),
(10000948, 'SMB 4 X 14 BN 12A', '0.00', 0, '0', '', 1, 0, 0, 0),
(10000949, 'SMS 3 X 6 NI3 KNURL4.8T', '0.00', 0, '0', '', 1, 0, 0, 0),
(10000950, 'SMB 3 X 8 CF 20K TB2430', '0.00', 0, '0', '', 1, 0, 0, 0),
(10000951, 'SPC SMK 6.8 X M6X17.5-8.8 CU TR H1.5', '0.00', 0, '0', '', 1, 0, 0, 0),
(10000952, 'SMB 3 X 18 EB 18A', '0.00', 0, '0', '', 1, 0, 0, 0),
(10000953, 'SMF 4 X 16 MC3 SW TB2471', '0.00', 0, '0', '', 1, 0, 0, 0),
(10000954, 'SMK 6 X 45-30 GB SOCK UT', '0.00', 0, '0', '', 1, 0, 0, 0),
(10000956, 'SMB 2.5 X 24 MC3', '0.00', 0, '0', '', 1, 0, 0, 0),
(10000957, 'SMF 3 X 16 EB TB 2411', '0.00', 0, '0', '', 1, 0, 0, 0),
(10000958, 'SMF 3 X 20 KF 20K', '0.00', 0, '0', '', 1, 0, 0, 0),
(10000959, 'SMF 4 X 15 EB', '0.00', 0, '0', '', 1, 0, 0, 0),
(10000960, 'SMB 4 X 20 CF 20K', '0.00', 0, '0', '', 1, 0, 0, 0),
(10000961, 'SMF 4 X 16 EB TB 2471', '0.00', 0, '0', '', 1, 0, 0, 0),
(10000962, 'SMF 6 X 40-25 EB 6.8T', '0.00', 0, '0', '', 1, 0, 0, 0),
(10000963, 'SMF 6 X 20 MC3', '0.00', 0, '0', '', 1, 0, 0, 0),
(10000964, 'SMP 8 X 35 MC3', '0.00', 0, '0', '', 1, 0, 0, 0),
(10000965, 'SMP 4 X 16 CF 8M', '0.00', 0, '0', '', 1, 0, 0, 0),
(10000966, 'SMP 4 X 10 CF 20K', '0.00', 0, '0', '', 1, 0, 0, 0),
(10000967, 'SMK 8.5 X M5X16-11A GM TORK - T25', '0.00', 0, '0', '', 1, 0, 0, 0),
(10000968, 'SMB 6 X 12 EB', '0.00', 0, '0', '', 1, 0, 0, 0),
(10000969, 'SMH 6 X 70 MC3 4.8 TR K10', '0.00', 0, '0', '', 1, 0, 0, 0),
(10000970, 'BWF 3.8 X 20-13 BC', '0.00', 0, '0', '', 1, 0, 0, 0),
(10000971, 'SMB 6 X 8 MC3', '0.00', 0, '0', '', 1, 0, 0, 0),
(10000972, 'SMK 6 X 50-35 GB SOCK UT', '0.00', 0, '0', '', 1, 0, 0, 0),
(10000973, 'SMB CUP 3.5 X 7.7-6.15A MC3 ?', '0.00', 0, '0', '', 1, 0, 0, 0),
(10000974, 'SMH 8 X M8X22-9 MC3 TR K12 6.8T', '0.00', 0, '0', '', 1, 0, 0, 0),
(10000975, 'SMK 3 X M2X5 EB (+) UT', '0.00', 0, '0', '', 1, 0, 0, 0),
(10000979, 'WELD BOLT SPC 6 X 30-27A CF DP D12 6T', '0.00', 0, '0', '', 1, 0, 0, 0),
(10000980, 'SMH 8 X M8X35-19 EB TR UT K12', '0.00', 0, '0', '', 1, 0, 0, 0),
(10000981, 'SMP 4 X 14 KF 20K', '0.00', 0, '0', '', 1, 0, 0, 0),
(10000982, 'SMP 6 X 40 MC3', '0.00', 0, '0', '', 1, 0, 0, 0),
(10000983, 'SMN 5 X 24 MC3 12A  TORK D10T1', '0.00', 0, '0', '', 1, 0, 0, 0),
(10000984, 'SMN 7.3 X M5X17.4-8.7 MC3 12A TORX D10T1', '0.00', 0, '0', '', 1, 0, 0, 0),
(10000985, 'SMK SPC 8 X M6X32.5-7 CF', '0.00', 0, '0', '', 1, 0, 0, 0),
(11000001, 'SMH 13 X M8X21.7-13 ZK', '0.00', 0, '0', '', 1, 0, 0, 0),
(11000002, 'SMH 13 X M10X24.5-18. ZK', '0.00', 0, '0', '', 1, 0, 0, 0),
(11000003, 'HSMH 8 X 15 MC TR G7 K12', '0.00', 0, '0', '', 1, 0, 0, 0),
(11000004, 'HSMH 8 X 15 ZK TR G7 K12', '0.00', 0, '0', '', 1, 0, 0, 0),
(11000005, 'HSMH 8 X 25 ZK TR G7 K12', '0.00', 0, '0', '', 1, 0, 0, 0),
(11000006, 'HSMP 6 X 10 GR G 6.8', '0.00', 0, '0', '', 1, 0, 0, 0),
(11000007, 'HSMP 6 X 12 GR G 6.8', '0.00', 0, '0', '', 1, 0, 0, 0),
(11000008, 'HSMP 6 X 16 GR G6.8', '0.00', 0, '0', '', 1, 0, 0, 0),
(11000009, 'HSMW 6 X 16 UC G7 KMI', '0.00', 0, '0', '', 1, 0, 0, 0),
(11000010, 'HSMW 8 X 12 UC G7 KMI', '0.00', 0, '0', '', 1, 0, 0, 0),
(11000011, 'HSMW 8 X 25 MC G7 KMI', '0.00', 0, '0', '', 1, 0, 0, 0),
(11000012, 'HSMW 8 X 14 ZK G7 KMI', '0.00', 0, '0', '', 1, 0, 0, 0),
(11000013, 'HSMW 8 X 25 ZN G7 KMI', '0.00', 0, '0', '', 1, 0, 0, 0),
(11000014, 'SMH 13 X M10X24.5-13.5 ZK', '0.00', 0, '0', '', 1, 0, 0, 0),
(11000015, 'HSMP 5 X 20 UC', '0.00', 0, '0', '', 1, 0, 0, 0),
(11000016, 'HSMH 5 X 14 MC + K7', '0.00', 0, '0', '', 1, 0, 0, 0),
(11000017, 'HSMP 5 X 20 GR', '0.00', 0, '0', '', 1, 0, 0, 0),
(11000018, 'HSMH 6 X 10 HO G7', '0.00', 0, '0', '', 1, 0, 0, 0),
(11000019, 'HSMH 8 X 25-21.3 ZN TR G7 K12 KMI', '0.00', 0, '0', '', 1, 0, 0, 0),
(11000020, 'HSMW 6 X 10 MC G7 KMI', '0.00', 0, '0', '', 1, 0, 0, 0),
(11000021, 'HSMW 8 X M8X75-18 ZN G7 KMI', '0.00', 0, '0', '', 1, 0, 0, 0),
(11000022, 'HSMW 10 X M10X80-15 UC G7 KMI', '0.00', 0, '0', '', 1, 0, 0, 0),
(11000023, 'HSMW 8 X 50-18 ZN G7 KMI', '0.00', 0, '0', '', 1, 0, 0, 0),
(11000024, 'HSMH 8 X 45 MC TR G7 K13 YDI', '0.00', 0, '0', '', 1, 0, 0, 0),
(11000025, 'HSMW 6 X 8 GR G7', '0.00', 0, '0', '', 1, 0, 0, 0),
(11000026, 'HSMH 8 X 25 MC TR G7 K12', '0.00', 0, '0', '', 1, 0, 0, 0),
(11000027, 'HSMH 10 X 75-20 MC G7S K14 P1.25', '0.00', 0, '0', '', 1, 0, 0, 0),
(11000028, 'HSMH 8 X 40-18 MC G7 K12', '0.00', 0, '0', '', 1, 0, 0, 0),
(11000029, 'HSMW 8 X M8X80-18 ZN G7 KMI', '0.00', 0, '0', '', 1, 0, 0, 0),
(11000030, 'HSMH 8 X M8X45-18 MC G7 TR K12', '0.00', 0, '0', '', 1, 0, 0, 0),
(11000031, 'HSMH 8 X 45-18 MC G7 K12', '0.00', 0, '0', '', 1, 0, 0, 0),
(11000032, 'HSMW 8 X M8X62-27 MC3 G10.9 D13.9T1.5', '0.00', 0, '0', '', 1, 0, 0, 0),
(11000033, 'HSMW 8 X M8X57-22 MC3 G10.9 D13.9T1.5', '0.00', 0, '0', '', 1, 0, 0, 0),
(11000034, 'HSMW 8 X M8X27-19 MC3 G10.9 D13.9T1.5', '0.00', 0, '0', '', 1, 0, 0, 0),
(11000035, 'HSMW 8 X M8X23-15 MC3 G10.9 D13.9T1.5', '0.00', 0, '0', '', 1, 0, 0, 0),
(11000036, 'HSMH 8 X M8X32-16 GR 9.8T TR K14', '0.00', 0, '0', '', 1, 0, 0, 0),
(11000037, 'HSMW 8 X 16 MC G7 KMI', '0.00', 0, '0', '', 1, 0, 0, 0),
(11000038, 'HSMH 10 X 30-20 KZ G8S K14 TR P1.25', '0.00', 0, '0', '', 1, 0, 0, 0),
(11000039, 'HSMW 8 X 35 ZK G7 KMI', '0.00', 0, '0', '', 1, 0, 0, 0),
(11000040, 'HSMW 5 X 16 ZK G7 KMI', '0.00', 0, '0', '', 1, 0, 0, 0),
(11000041, 'HSMH 6 X 12 MC3 G12.9 TR K10 P0.75', '0.00', 0, '0', '', 1, 0, 0, 0),
(11000042, 'HSMH 6 X 20 NI  7T TR UT K10', '0.00', 0, '0', '', 1, 0, 0, 0),
(11000043, 'HSMT 10 X 25 MC D20 P1.5', '0.00', 0, '0', '', 1, 0, 0, 0),
(11000044, 'WELD BOLT 8 X 25 KZ 8T 45KT', '0.00', 0, '0', '', 1, 0, 0, 0),
(11000045, 'HSMH 8 X 30-22 MC3 G7 K12', '0.00', 0, '0', '', 1, 0, 0, 0),
(11000046, 'HSMW 6 X 22 UC G9', '0.00', 0, '0', '', 1, 0, 0, 0),
(11000047, 'HSMH 6 X 14 GR 7T TR UT K10', '0.00', 0, '0', '', 1, 0, 0, 0),
(11000048, 'HSMH 6 X M6X30-13 GR G6 TR K10', '0.00', 0, '0', '', 1, 0, 0, 0),
(11000049, 'HSMH 6 X 10 EB G7', '0.00', 0, '0', '', 1, 0, 0, 0),
(11000050, 'HSMH 6 X 16 EB G7', '0.00', 0, '0', '', 1, 0, 0, 0),
(11000051, 'HSMH 10 X 16 EB G7 K14 P1.25', '0.00', 0, '0', '', 1, 0, 0, 0),
(11000052, 'HSMH 8 X 25 MC TR G7S K12', '0.00', 0, '0', '', 1, 0, 0, 0),
(11000053, 'HSMW SPC 5 X 16 KZ 8.8', '0.00', 0, '0', '', 1, 0, 0, 0),
(11000054, 'HSMH 10 X M10X90-15 EB 10.9T TR  K14 P1.25', '0.00', 0, '0', '', 1, 0, 0, 0),
(11000055, 'HSMK 10 X M6X15 GR 9T LT SOCK UT', '0.00', 0, '0', '', 1, 0, 0, 0),
(11000056, 'HSMR 6 X 10 MC3 11.9 UT SOCK', '0.00', 0, '0', '', 1, 0, 0, 0),
(11000057, 'HSMR 8 X M8X30-20 UC 9T SOCK UT', '0.00', 0, '0', '', 1, 0, 0, 0),
(11000058, 'HSMS 5 X 10 EB 10.9T KNURL UT', '0.00', 0, '0', '', 1, 0, 0, 0),
(11000059, 'HSMS 5 X 12 ZK 10.9T KNURL UT', '0.00', 0, '0', '', 1, 0, 0, 0),
(11000060, 'HSMS 5 X 15-12 KZ 10.9T UT', '0.00', 0, '0', '', 1, 0, 0, 0),
(11000061, 'HSMS 5 X 20 EB 10.9T KNURL UT', '0.00', 0, '0', '', 1, 0, 0, 0),
(11000062, 'HSMS 6 X 8 BO 10.9T KNURL UT', '0.00', 0, '0', '', 1, 0, 0, 0),
(11000063, 'HSMS 6 X 12 EB 10.9T KNURL UT', '0.00', 0, '0', '', 1, 0, 0, 0),
(11000064, 'HSMS 6 X 16 EB 10.9T KNURL UT', '0.00', 0, '0', '', 1, 0, 0, 0),
(11000065, 'HSMS 6 X 25 MC3 10.9T KNURL UT', '0.00', 0, '0', '', 1, 0, 0, 0),
(11000066, 'HSMS 6 X 25 ZK 10.9T KNURL UT', '0.00', 0, '0', '', 1, 0, 0, 0),
(11000067, 'HSMS 8 X 20 UC 10.9T KNURL UT', '0.00', 0, '0', '', 1, 0, 0, 0),
(11000068, 'HSMS 8 X 25 GR 10.9T KNURL UT', '0.00', 0, '0', '', 1, 0, 0, 0),
(11000069, 'HSMW 8 X M8X50-18 UC G9 LT', '0.00', 0, '0', '', 1, 0, 0, 0),
(11000070, 'HSMH 10 X 25 ZK TR G7 K14 P1.25', '0.00', 0, '0', '', 1, 0, 0, 0),
(11000071, 'HSMH 8 X 40 ZK G7 TR UT K12', '0.00', 0, '0', '', 1, 0, 0, 0),
(11000072, 'HSMW 6 X 22 ZK G9', '0.00', 0, '0', '', 1, 0, 0, 0),
(11000073, 'HSMR 6 X 10 GR 10.9T UT SOCK', '0.00', 0, '0', '', 1, 0, 0, 0),
(11000074, 'HSMH 8 X 30-22 GR G9.8 TR K12', '0.00', 0, '0', '', 1, 0, 0, 0),
(11000075, 'HSMS 5 X 12 GR 11.9T KNURL UT', '0.00', 0, '0', '', 1, 0, 0, 0),
(11000076, 'HSMW 5 X 16 MC G6', '0.00', 0, '0', '', 1, 0, 0, 0),
(11000077, 'HSMH 8 X 45-18 KZ G7 K12', '0.00', 0, '0', '', 1, 0, 0, 0),
(11000078, 'HSMS 8 X 25 EB 10.9T KNURL UT', '0.00', 0, '0', '', 1, 0, 0, 0),
(11000079, 'HSMH 6 X 12 KZ 7T TR K10', '0.00', 0, '0', '', 1, 0, 0, 0),
(11000080, 'HSMS 6 X 20 NI 10.9T KNURL UT', '0.00', 0, '0', '', 1, 0, 0, 0),
(11000081, 'HSMW 8 X M8X50-18 MC3 G9 LT', '0.00', 0, '0', '', 1, 0, 0, 0),
(11000082, 'HSMS 5 X 8 MC3 7T UT', '0.00', 0, '0', '', 1, 0, 0, 0),
(11000083, 'HSMH 6 X 20 KZ 7T UT TR K10', '0.00', 0, '0', '', 1, 0, 0, 0),
(11000084, 'SB 8 X 31-20 MC3 7T YDI', '0.00', 0, '0', '', 1, 0, 0, 0),
(11000085, 'SB 8 X 32-22 MC3 7T YDI', '0.00', 0, '0', '', 1, 0, 0, 0),
(11000086, 'SB 8 X 56-45 MC3 7T YDI', '0.00', 0, '0', '', 1, 0, 0, 0),
(11000087, 'SB 10 X 70-55 MC3 7T YDI', '0.00', 0, '0', '', 1, 0, 0, 0),
(11000088, 'HSMS 6 X 16 GR 11.9T KNURL YIMM', '0.00', 0, '0', '', 1, 0, 0, 0),
(11000089, 'HSMH 12 X M10X31.5 ZN G9 TR UT K17 P1.25', '0.00', 0, '0', '', 1, 0, 0, 0),
(11000090, 'HSMH 10 X 30 MC G7 K14 TR UT', '0.00', 0, '0', '', 1, 0, 0, 0),
(11000091, 'HSMT 10 X 25 MC3 D20 P1.5', '0.00', 0, '0', '', 1, 0, 0, 0),
(11000092, 'HSMS 5 X 12-9.5 GR 10.9T UT', '0.00', 0, '0', '', 1, 0, 0, 0),
(11000093, 'HSMS 6 X 10 EB 10.9T KNURL UT', '0.00', 0, '0', '', 1, 0, 0, 0),
(11000094, 'HSMS 8 X 16 EB 10.9T KNURL UT', '0.00', 0, '0', '', 1, 0, 0, 0),
(11000095, 'HSMS 6 X 25 GR 11.9T KNURL YIMM', '0.00', 0, '0', '', 1, 0, 0, 0),
(11000096, 'HSMW 6 X 10 MC3 G7 KMI', '0.00', 0, '0', '', 1, 0, 0, 0),
(11000097, 'HSMW 6 X 22 EB G9', '0.00', 0, '0', '', 1, 0, 0, 0),
(11000098, 'HSMW 8 X 16 MC3 G7 KMI', '0.00', 0, '0', '', 1, 0, 0, 0),
(11000099, 'HSMW 8 X M8X75-18 MC3 G7 KMI', '0.00', 0, '0', '', 1, 0, 0, 0),
(11000100, 'HSMH 8 X 25-21.3 MC3 TR G7 K 12 KMI', '0.00', 0, '0', '', 1, 0, 0, 0),
(11000101, 'HSMS 5 X 12 EB 10.9T KNURL UT', '0.00', 0, '0', '', 1, 0, 0, 0),
(11000102, 'HSMW 8 X 50-18 MC3 G7 KMI', '0.00', 0, '0', '', 1, 0, 0, 0),
(11000103, 'HSMW 5 X 16 EB G7 KMI', '0.00', 0, '0', '', 1, 0, 0, 0),
(11000104, 'HSMW 8 X 12 MC3 G7 KMI', '0.00', 0, '0', '', 1, 0, 0, 0),
(11000105, 'HSMW 8 X 14 EB G7 KMI', '0.00', 0, '0', '', 1, 0, 0, 0),
(11000106, 'HSMW 8 X 25 MC3 G7 KMI', '0.00', 0, '0', '', 1, 0, 0, 0),
(11000107, 'HSMW 8 X 35 EB G7 KMI', '0.00', 0, '0', '', 1, 0, 0, 0),
(11000108, 'HSMW 8 X M8X80-18 MC3 G7 KMI', '0.00', 0, '0', '', 1, 0, 0, 0),
(11000109, 'SB 8 X 27-16 MC 7T UTR KMI', '0.00', 0, '0', '', 1, 0, 0, 0),
(11000110, 'SB 6 X 33-25 MC3 7T YDI', '0.00', 0, '0', '', 1, 0, 0, 0),
(11000111, 'SB 6 X 45-35 MC3 7T YDI', '0.00', 0, '0', '', 1, 0, 0, 0),
(11000112, 'HSMH 10 X 16 MC3 G7 K14 P1.25', '0.00', 0, '0', '', 1, 0, 0, 0),
(11000113, 'HSMS 6 X 12 MC3 10.9T KNURL UT', '0.00', 0, '0', '', 1, 0, 0, 0),
(11000114, 'HSMS 5 X 8 EB 7T UT TB', '0.00', 0, '0', '', 1, 0, 0, 0),
(11000115, 'HSMH 8 X M8X45-18 MC3 G7 TR K12', '0.00', 0, '0', '', 1, 0, 0, 0),
(11000116, 'HSMP 8 X M6X24-13 MC3 7T UT', '0.00', 0, '0', '', 1, 0, 0, 0),
(11000117, 'HSMH 10 X 75-20 MC3 G7S K14 P1.25', '0.00', 0, '0', '', 1, 0, 0, 0),
(11000118, 'HSMS 6 X 25 EB 10.9T KNURL UT', '0.00', 0, '0', '', 1, 0, 0, 0),
(11000119, 'HSMH 8 X 40-18 MC3 G7 K12', '0.00', 0, '0', '', 1, 0, 0, 0),
(11000120, 'HSMS 10 X 20 KF 11.9 KNURL UT', '0.00', 0, '0', '', 1, 0, 0, 0),
(11000121, 'HSMR 8 X 30 CF 11.9 UT SOCK', '0.00', 0, '0', '', 1, 0, 0, 0),
(11000122, 'HSMS 10 X M10X45-32 KF 11.9 KNURL UT', '0.00', 0, '0', '', 1, 0, 0, 0),
(11000123, 'HSMS 10 X M10X60-32 KF 11.9 KNURL UT', '0.00', 0, '0', '', 1, 0, 0, 0),
(11000124, 'HSMS 5 X 12 CF 11.9 KNURL UT', '0.00', 0, '0', '', 1, 0, 0, 0),
(11000125, 'HSMR 6 X 12 KF UT SOCK D16 10.9T', '0.00', 0, '0', '', 1, 0, 0, 0),
(11000126, 'HSMH 10 X 30 ZK UT TR K17 P1.5 G8', '0.00', 0, '0', '', 1, 0, 0, 0),
(11000127, 'HSMH 4 X M3X35-4 MC3 UT 7T TB2471', '0.00', 0, '0', '', 1, 0, 0, 0),
(11000128, 'HSMH 5 X 20-16 MC3 TR UT G8.8S', '0.00', 0, '0', '', 1, 0, 0, 0),
(11000129, 'HSMW 6 X 30 MC3 G9', '0.00', 0, '0', '', 1, 0, 0, 0),
(11000130, 'HSMH 10 X 10X40-25 MC TR K14 P1.25 G7', '0.00', 0, '0', '', 1, 0, 0, 0),
(11000131, 'HSMK 10 X M10X38-23 KZ UT P1.25 8.8T', '0.00', 0, '0', '', 1, 0, 0, 0),
(11000132, 'HSMS 6 X 20 CF 11.9 KNURL UT', '0.00', 0, '0', '', 1, 0, 0, 0),
(11000195, '(W)HSMP 4 X 16 EB 8.8 D10T0.8', '0.00', 0, '0', '', 1, 0, 0, 0),
(11000200, 'HSMW 5 X 35-16 MC3 G7 KMI', '0.00', 0, '0', '', 1, 0, 0, 0),
(11000201, 'HSMR 6 X 35 EB 7T SOCK', '0.00', 0, '0', '', 1, 0, 0, 0),
(11000202, 'HSMH 8 X 40 MC3 G7 TR UT K12  TB', '0.00', 0, '0', '', 1, 0, 0, 0),
(11000203, 'HSMP 8 X M6X24-13 EB 7T UT', '0.00', 0, '0', '', 1, 0, 0, 0),
(11000204, 'HSMS 4 X 25 EB 11.9T KNURL', '0.00', 0, '0', '', 1, 0, 0, 0),
(11000205, 'HSMK 10 X 16 MC 7T P1.25', '0.00', 0, '0', '', 1, 0, 0, 0),
(11000206, 'HSMW 6 X 8 EB G7', '0.00', 0, '0', '', 1, 0, 0, 0),
(11000207, 'SB 8 X 41-30 MC3 7T YDI', '0.00', 0, '0', '', 1, 0, 0, 0),
(11000208, 'SB 6 X 40-30 MC3 7T YDI', '0.00', 0, '0', '', 1, 0, 0, 0),
(11000209, 'HSMK 9 X M6X18 MC', '0.00', 0, '0', '', 1, 0, 0, 0),
(11000210, 'HSMH 6 X 16 MC3 G7', '0.00', 0, '0', '', 1, 0, 0, 0),
(11000211, 'HSMH 6 X 10 MC3 G7', '0.00', 0, '0', '', 1, 0, 0, 0),
(11000212, 'HSMW SPC 6 X 25 MC3 8.8  K10', '0.00', 0, '0', '', 1, 0, 0, 0),
(11000213, 'HSMH 6 X 20 MC3 9.8T UT', '0.00', 0, '0', '', 1, 0, 0, 0),
(11000214, 'HSMH 5 X 12 MC3 G7', '0.00', 0, '0', '', 1, 0, 0, 0),
(11000215, 'SB 8 X 63-50 MC3 7T YDI', '0.00', 0, '0', '', 1, 0, 0, 0),
(11000216, 'SB 8 X 46-35 MC3 7T YDI', '0.00', 0, '0', '', 1, 0, 0, 0),
(11000217, 'HSMK 8 X M8X41-12 MC3 7T TR', '0.00', 0, '0', '', 1, 0, 0, 0),
(11000218, 'SB 6 X 30-22 MC3 7T UTR KBT', '0.00', 0, '0', '', 1, 0, 0, 0),
(11000219, 'HSMH 8 X M6X61.5 ZK 7T TR K10', '0.00', 0, '0', '', 1, 0, 0, 0),
(11000220, 'HSMH 6 X 20 MC3 G7', '0.00', 0, '0', '', 1, 0, 0, 0),
(11000221, 'HSMW 5 X 14 MC3 G7 KMI', '0.00', 0, '0', '', 1, 0, 0, 0),
(11000222, 'HSMW 8 X M8X68-18 ZN G9', '0.00', 0, '0', '', 1, 0, 0, 0),
(11000223, 'HSMH 6 X 16 MC3 G8.8S C3', '0.00', 0, '0', '', 1, 0, 0, 0),
(11000224, 'HSMH 10 X M10X40-28 EB G7 TR K14', '0.00', 0, '0', '', 1, 0, 0, 0),
(11000225, 'HSMS 6 X M6X35-24 ZK 12.9 KNURL UT', '0.00', 0, '0', '', 1, 0, 0, 0),
(11000226, 'HSMP 8 X M8X30-26 KZ', '0.00', 0, '0', '', 1, 0, 0, 0),
(11000227, 'HSMS 6 X M6X50-27 EB 10.9 KNURL', '0.00', 0, '0', '', 1, 0, 0, 0),
(11000228, 'SB 8 X 80-68 MC3 7T YDI', '0.00', 0, '0', '', 1, 0, 0, 0),
(11000229, 'HSMR 6 X 10 NC 10.9T UT SOCK', '0.00', 0, '0', '', 1, 0, 0, 0),
(11000230, 'SB 6 X 32-16 MC3 G7S MKM', '0.00', 0, '0', '', 1, 0, 0, 0),
(11000231, 'SB 10 X 35-20 MC3 G7S P1.5 / P1.25 MKM', '0.00', 0, '0', '', 1, 0, 0, 0),
(11000232, 'HSMR 8 X 25 GR 10.9T UT SOCK', '0.00', 0, '0', '', 1, 0, 0, 0),
(11000233, 'HSMS 6 X 20 EB 11.9 KNURL', '0.00', 0, '0', '', 1, 0, 0, 0),
(11000234, 'HSMR 5 X 20 GR 10.9T UT SOCK', '0.00', 0, '0', '', 1, 0, 0, 0),
(11000235, 'HSMT 5 X 20 EB', '0.00', 0, '0', '', 1, 0, 0, 0),
(11000236, 'HSMH 12 X M10X22-15 CF 7T TB', '0.00', 0, '0', '', 1, 0, 0, 0),
(11000237, 'HSMH 8 X 22 MC3 7T TR K12', '0.00', 0, '0', '', 1, 0, 0, 0),
(11000238, 'HSMS 5 X 20 MC3 10.9 KNURL UT', '0.00', 0, '0', '', 1, 0, 0, 0),
(11000239, 'HSMS 6 X 16 MC3 10.9 KNURL UT', '0.00', 0, '0', '', 1, 0, 0, 0),
(11000240, 'HSMS 6 X 10 MC3 10.9 KNURL UT', '0.00', 0, '0', '', 1, 0, 0, 0),
(11000241, 'HSMS 8 X 16 MC3 10.9 KNURL UT', '0.00', 0, '0', '', 1, 0, 0, 0),
(11000242, 'HSMW 8 X M8X75.9-22 MC3 10.9 D13.9T1.5', '0.00', 0, '0', '', 1, 0, 0, 0),
(11000243, 'HSMW 8 X M8X41-15 MC3 10.9 D13.9T1.5', '0.00', 0, '0', '', 1, 0, 0, 0),
(11000244, 'HSMH 10 X 35 CF 7T TR K14 P1.25', '0.00', 0, '0', '', 1, 0, 0, 0),
(11000245, 'HSMT 5 X 8 CF 10.9 TORX', '0.00', 0, '0', '', 1, 0, 0, 0),
(11000246, 'HSMH 5 X M5X25-15 EB 7T TR UT K10', '0.00', 0, '0', '', 1, 0, 0, 0),
(11000247, 'HSMH 10 X 45-26 MC3 G7 K14 P1.25', '0.00', 0, '0', '', 1, 0, 0, 0),
(11000248, 'HSMK 12 X M12X96-45 KZ 7T UT', '0.00', 0, '0', '', 1, 0, 0, 0),
(11000249, 'HSMK 12 X M12X111-45 KZ 7T UT', '0.00', 0, '0', '', 1, 0, 0, 0),
(11000250, 'HSMW 10 X M10X235-26 MC3 G9 UT P1.25', '0.00', 0, '0', '', 1, 0, 0, 0),
(11000251, 'HSMW 8.2 X M6X12-9.2 MC3 + 7T', '0.00', 0, '0', '', 1, 0, 0, 0),
(11000252, 'HSMR 6 X 10 GR 11.9  UT SOCK', '0.00', 0, '0', '', 1, 0, 0, 0),
(11000253, 'HSMW 6 X 22 MC3 G9', '0.00', 0, '0', '', 1, 0, 0, 0),
(11000254, 'HSMH 6 X M6X31-12 MC3 G7 UT', '0.00', 0, '0', '', 1, 0, 0, 0),
(11000255, 'HSMH 6 X 10-7.5A KZ 8.8 TR K10', '0.00', 0, '0', '', 1, 0, 0, 0),
(11000256, 'HSMS 5 X 10 KF 11.9 KNURL UT', '0.00', 0, '0', '', 1, 0, 0, 0),
(11000257, 'HSMH 8 X 14 MC3 G7 K12', '0.00', 0, '0', '', 1, 0, 0, 0),
(11000258, 'HSMH 8 X M8X102-32 MC3 7T K14', '0.00', 0, '0', '', 1, 0, 0, 0),
(11000259, 'SB 10 X 90-75 MC3 7T UTR P1.5 YDI', '0.00', 0, '0', '', 1, 0, 0, 0),
(11000260, 'SB 10 X 47-32 MC3 7T YDI', '0.00', 0, '0', '', 1, 0, 0, 0),
(11000261, 'SB 6 X 33.2-21.2 MC3 6.8 YDI', '0.00', 0, '0', '', 1, 0, 0, 0),
(11000262, 'SB 6 X 28-20 MC3 7T YDI', '0.00', 0, '0', '', 1, 0, 0, 0),
(11000263, 'HSMK 10 X M8X30-23 NI-C 9.8SOCK UT TB2468', '0.00', 0, '0', '', 1, 0, 0, 0),
(11000264, 'HSMW 10 X M10X260-26 MC3 9T UT P1.25', '0.00', 0, '0', '', 1, 0, 0, 0),
(11000265, 'HSMS 4 X 25 KZ 11.9 KNURL', '0.00', 0, '0', '', 1, 0, 0, 0),
(11000266, 'HSMS 6 X 25 CF 11.9 KNURL YIMM', '0.00', 0, '0', '', 1, 0, 0, 0),
(11000267, 'HSMR 5 X 10 CF 11.9 UT SOCK', '0.00', 0, '0', '', 1, 0, 0, 0),
(11000268, 'HSMH 8 X 16 MC3 G7 K12', '0.00', 0, '0', '', 1, 0, 0, 0),
(11000269, 'HSMH 8 X 20 KZ 7T K12 H5', '0.00', 0, '0', '', 1, 0, 0, 0),
(11000270, 'SB 8 X 29-18 MC3 7T YDI', '0.00', 0, '0', '', 1, 0, 0, 0),
(11000271, 'SB 8 X 66-55 MC3 7T YDI', '0.00', 0, '0', '', 1, 0, 0, 0),
(11000272, 'HSMH 6 X 20 CF 9.8T UT', '0.00', 0, '0', '', 1, 0, 0, 0),
(11000273, 'HSMS 5 X 12 KF 11.9 KNURL UT', '0.00', 0, '0', '', 1, 0, 0, 0),
(11000274, 'HSMS 6 X 25 KF 11.9 KNURL YIMM', '0.00', 0, '0', '', 1, 0, 0, 0),
(11000275, 'HSMS 6 X 16 KF 11.9 KNURL YIMM', '0.00', 0, '0', '', 1, 0, 0, 0),
(11000276, 'SB 8 X 69-58 MC3 7T YDI', '0.00', 0, '0', '', 1, 0, 0, 0),
(11000277, 'HSMR 6 X 10 KF 11.9 UT SOCK', '0.00', 0, '0', '', 1, 0, 0, 0),
(11000278, 'HSMR 6 X 10 CF 11.9 UT SOCK', '0.00', 0, '0', '', 1, 0, 0, 0),
(11000279, 'HSMR 5 X 20 KF 11.9 UT SOCK', '0.00', 0, '0', '', 1, 0, 0, 0),
(11000280, 'HSMK 10 X M6X15 KF 9.8 UT SOCK TB', '0.00', 0, '0', '', 1, 0, 0, 0),
(11000281, 'HSMH 8 X 30-22 KF G9.8 TR K12', '0.00', 0, '0', '', 1, 0, 0, 0),
(11000282, 'HSMH 6 X 14 KF 7T TR UT K10', '0.00', 0, '0', '', 1, 0, 0, 0),
(11000283, 'HSMH 12.3 X M12X79-14 KZ 7T K22 P1.75', '0.00', 0, '0', '', 1, 0, 0, 0),
(11000284, 'HSMH 10 X M10X106-34 MC3 G7 UT K17 P1.5', '0.00', 0, '0', '', 1, 0, 0, 0),
(11000285, 'HSMH 12 X M12X111-34 MC3 G7 UT K19  P1.75', '0.00', 0, '0', '', 1, 0, 0, 0),
(11000286, 'HSMKW 8 X 25 KF 10.9 UT SOCK', '0.00', 0, '0', '', 1, 0, 0, 0),
(11000287, 'SMH 13 X M8X23-17 EB K17', '0.00', 0, '0', '', 1, 0, 0, 0),
(11000288, 'HSMW 5 X 12 EB G7', '0.00', 0, '0', '', 1, 0, 0, 0),
(11000289, 'HSMW 6 X 10 CF G8', '0.00', 0, '0', '', 1, 0, 0, 0),
(11000290, 'HSMH 8 X M6X25 EB 7T TR K12', '0.00', 0, '0', '', 1, 0, 0, 0),
(11000291, 'HSMH 9.5 X M6X15.8-8 MC3 7T TB 2430', '0.00', 0, '0', '', 1, 0, 0, 0),
(11000292, 'SB 8 X 89-75 KZ 10.9 UTR KBT', '0.00', 0, '0', '', 1, 0, 0, 0),
(11000293, 'HSMS 5 X 25 CF 11.9 KNURL UT', '0.00', 0, '0', '', 1, 0, 0, 0),
(11000294, 'HSMH 12 X M12X30-22 CF 9T TR UT P1.25', '0.00', 0, '0', '', 1, 0, 0, 0),
(11000295, 'HSMS 4 X 25 KF 11.9 KNURL', '0.00', 0, '0', '', 1, 0, 0, 0),
(11000296, 'HSMS 4 X 25 CF 11.9 KNURL', '0.00', 0, '0', '', 1, 0, 0, 0),
(11000297, 'HSMH 10 X 35 KZ 7T TR K14 P1.25', '0.00', 0, '0', '', 1, 0, 0, 0),
(11000298, 'HSMS 5 X 8 MC3 8.8 UT', '0.00', 0, '0', '', 1, 0, 0, 0),
(11000299, 'HSMS 6 X 16 CF 11.9 KNURL YIMM', '0.00', 0, '0', '', 1, 0, 0, 0),
(11000300, 'HSMW 6 X 22-18 MC3 G8.8S', '0.00', 0, '0', '', 1, 0, 0, 0),
(11000301, 'HSMR 6 X 10 NI 11.9T SOCK UT', '0.00', 0, '0', '', 1, 0, 0, 0),
(11000302, 'HSMS 8 X 20 MC3 10.9 KNURL UT', '0.00', 0, '0', '', 1, 0, 0, 0),
(11000303, 'HSMW 10 X M10X80-15 MC3 G7 KMI', '0.00', 0, '0', '', 1, 0, 0, 0),
(11000304, 'HSMH 8 X M8X65-22 ZK G7 TR K12', '0.00', 0, '0', '', 1, 0, 0, 0),
(11000305, 'HSMK 9 X M6X18-13 MC', '0.00', 0, '0', '', 1, 0, 0, 0),
(11000306, 'HSMP 6.3 X M5X26-12 MC3 8.8', '0.00', 0, '0', '', 1, 0, 0, 0),
(11000307, 'SB 8 X 34-20 MC3 7T UTR IS2', '0.00', 0, '0', '', 1, 0, 0, 0),
(11000308, 'HSMW 6 X 18 MC3 G7', '0.00', 0, '0', '', 1, 0, 0, 0),
(11000309, 'HSMK 5 X 13 EB 9.8 SOCK', '0.00', 0, '0', '', 1, 0, 0, 0),
(11000310, 'HSMH 12 X 40 MC G7 TR K17', '0.00', 0, '0', '', 1, 0, 0, 0),
(11000311, 'HSMP 6.3 X M5X26-12 CF 8.8', '0.00', 0, '0', '', 1, 0, 0, 0),
(11000312, 'HSMK 10 X M6X15 CF 9.8 UT SOCK TB 2471', '0.00', 0, '0', '', 1, 0, 0, 0),
(11000313, 'HSMH 12 X M10X31.5 MC3 G9 TR UT K17 P1.25', '0.00', 0, '0', '', 1, 0, 0, 0),
(11000314, 'HSMH 6 X 14 KZ 7T TR UT K10', '0.00', 0, '0', '', 1, 0, 0, 0),
(11000315, 'HSMS 4 X 20 CF 11.9 KNURL', '0.00', 0, '0', '', 1, 0, 0, 0),
(11000316, 'HSMP 3 X 35-30 MC3 G8.8S', '0.00', 0, '0', '', 1, 0, 0, 0),
(11000317, 'HSMS 5 X 8 CF 11.9 KNURL UT', '0.00', 0, '0', '', 1, 0, 0, 0),
(11000318, 'HSMS 5 X 14 CF 11.9 KNURL UT', '0.00', 0, '0', '', 1, 0, 0, 0),
(11000319, '(A)HSMH 12 X 20 MC3 G9 K17 P1.25', '0.00', 0, '0', '', 1, 0, 0, 0),
(11000320, 'HSMS SPC 5 X M5X50-20 MC3 10.9 KNURL', '0.00', 0, '0', '', 1, 0, 0, 0),
(11000321, 'HSMH 6 X 20 CF 7T TR UT K10', '0.00', 0, '0', '', 1, 0, 0, 0),
(11000322, 'HSMB 8 X 23 MC3 10.9 SOCK UT', '0.00', 0, '0', '', 1, 0, 0, 0),
(11000323, 'HSMW 9 X M6X17.8-12 MC3 7T', '0.00', 0, '0', '', 1, 0, 0, 0),
(11000324, 'HSMW 10 X M10X50-14 EB G9 UT K14 P1.25', '0.00', 0, '0', '', 1, 0, 0, 0),
(11000325, 'HSMW 10 X M10X85-20 EB G9 UT K14 P1.25', '0.00', 0, '0', '', 1, 0, 0, 0),
(11000326, 'HSMP 4 X 10 MC3 8.8 DOT', '0.00', 0, '0', '', 1, 0, 0, 0),
(11000327, 'HSMH 8 X 20 MC3 G7 K12', '0.00', 0, '0', '', 1, 0, 0, 0),
(11000328, 'HSMH 10 X 25 CF TR G7 K14 P1.25', '0.00', 0, '0', '', 1, 0, 0, 0),
(11000329, 'HSMO 6 X 80-25 EB 7T', '0.00', 0, '0', '', 1, 0, 0, 0),
(11000330, 'HSMH 8 X 20 CF 7T K12 H5', '0.00', 0, '0', '', 1, 0, 0, 0),
(11000331, 'HSMKW 5 X 10 MC3 10.9 UT SOCK', '0.00', 0, '0', '', 1, 0, 0, 0),
(11000332, 'HSMR 6 X 10 KF 11.9 UT TORX', '0.00', 0, '0', '', 1, 0, 0, 0),
(11000333, 'HSMH 8 X 16 CF G7 K12', '0.00', 0, '0', '', 1, 0, 0, 0),
(11000334, 'HSMW 6 X 25 MC3 G8.8S', '0.00', 0, '0', '', 1, 0, 0, 0),
(11000335, 'HSMH 12 X 40 CF G7 TR K17', '0.00', 0, '0', '', 1, 0, 0, 0),
(11000336, 'HSMH 8 X 25 CF TR G7 K12', '0.00', 0, '0', '', 1, 0, 0, 0),
(11000337, 'SB 10 X 51-31A KF 9.8 UT YIMM', '0.00', 0, '0', '', 1, 0, 0, 0),
(11000338, 'HSMH 10 X 30 CF G7 K14 TR UT', '0.00', 0, '0', '', 1, 0, 0, 0),
(11000339, 'HSMT 4 X 25 EB 8.8', '0.00', 0, '0', '', 1, 0, 0, 0),
(11000340, 'HSMK 10XM10 X 20-16 MC3 10.9 UT SOCK', '0.00', 0, '0', '', 1, 0, 0, 0),
(11000341, 'HSMS 5 X M5X35-22 FE-C 9.8 KNURL', '0.00', 0, '0', '', 1, 0, 0, 0),
(11000342, 'HSMH 6 X 20 MC3 G9', '0.00', 0, '0', '', 1, 0, 0, 0),
(11000343, 'HSMH 10 X 55-20 CF G7 K14 P1.25', '0.00', 0, '0', '', 1, 0, 0, 0),
(11000344, 'HSMK 12 X M12X56-35 MC 7T UT P1.25', '0.00', 0, '0', '', 1, 0, 0, 0),
(11000345, 'HSMK 12 X M12X51-35 MC 7T UT P1.25', '0.00', 0, '0', '', 1, 0, 0, 0),
(11000346, 'HSMO 6 X 90-25 EB 7T', '0.00', 0, '0', '', 1, 0, 0, 0),
(11000347, 'HSMW 5 X 12 MC3 G7', '0.00', 0, '0', '', 1, 0, 0, 0),
(11000348, 'HSMK 10 X M6X26.5-14 MC3 9TUTSOCKTB2440', '0.00', 0, '0', '', 1, 0, 0, 0),
(11000349, 'SB 6 X 45-29 MC3 9.8 UT', '0.00', 0, '0', '', 1, 0, 0, 0),
(11000350, 'HSMR 6 X 14 MC3 7T SOCK TB2468', '0.00', 0, '0', '', 1, 0, 0, 0),
(11000351, 'HSMW 8 X M6X21-6 MC3 7T UT TB2468', '0.00', 0, '0', '', 1, 0, 0, 0),
(11000352, 'HSMW 8 X M8X80-26 MC3 G7 K12', '0.00', 0, '0', '', 1, 0, 0, 0),
(11000353, 'HSMR 6 X 18 MC3 7T SOCK 5', '0.00', 0, '0', '', 1, 0, 0, 0),
(11000354, 'HSMW 8 X 35 MC3 7T', '0.00', 0, '0', '', 1, 0, 0, 0),
(11000355, 'HSMW 8 X M8X36-12 MC3 9T UT', '0.00', 0, '0', '', 1, 0, 0, 0),
(11000356, 'HSMF 6 X 12 MC3 10.9T UT SOCK TB 2440B', '0.00', 0, '0', '', 1, 0, 0, 0),
(11000357, 'HSMH 10 X 50 MC TR K14 P1.25 G7', '0.00', 0, '0', '', 1, 0, 0, 0),
(11000358, 'HSMK 10 X M10X45-20 KF 8.8 P1.25', '0.00', 0, '0', '', 1, 0, 0, 0),
(11000359, 'HSMW 6 X 16 MC3 G7', '0.00', 0, '0', '', 1, 0, 0, 0),
(11000360, 'HSMW 6 X 20 MC3 G7', '0.00', 0, '0', '', 1, 0, 0, 0),
(11000361, 'HSMH 10 X 25 MC UT TR K17 P1.5 G8', '0.00', 0, '0', '', 1, 0, 0, 0),
(11000362, 'HSMS 6 X 10 CF 11.9 KNURL UT', '0.00', 0, '0', '', 1, 0, 0, 0),
(11000363, 'HSMKW 10 X M10X30-19 KF 10.9 UT SOCK', '0.00', 0, '0', '', 1, 0, 0, 0),
(11000364, 'HSMH 6.3 X M5X26-12 MC3 CROSS TR UT 8.8', '0.00', 0, '0', '', 1, 0, 0, 0),
(11000365, 'HSMH 6 X 20 MC 7T TR UT K10', '0.00', 0, '0', '', 1, 0, 0, 0),
(11000366, 'HSMH 8 X 15 MC UT TR K12 G7', '0.00', 0, '0', '', 1, 0, 0, 0),
(11000367, 'HSMS 6 X 20 MC3 10.9 KNURL UT', '0.00', 0, '0', '', 1, 0, 0, 0),
(11000368, 'HSMH 12 X M10X33-17.5 MC3 7T TR UT K14', '0.00', 0, '0', '', 1, 0, 0, 0),
(11000369, 'HSMH 12 X M12X150-40 MC TR K17 P1.25', '0.00', 0, '0', '', 1, 0, 0, 0),
(12000001, '(A)BMP 3 X 22 BC', '0.00', 0, '0', '', 1, 0, 0, 0),
(12000002, '(A)BMP 3 X 25 BC', '0.00', 0, '0', '', 1, 0, 0, 0),
(12000004, '(A)SMP 3 X 8 MC 12A', '0.00', 0, '0', '', 1, 0, 0, 0),
(12000005, '(A)SMP 3.5 X 20 MC ?', '0.00', 0, '0', '', 1, 0, 0, 0),
(12000006, '(A)SMP 4 X 12 MCB', '0.00', 0, '0', '', 1, 0, 0, 0),
(12000007, '(A)SMP 5 X 8 ZK', '0.00', 0, '0', '', 1, 0, 0, 0),
(12000008, '(A)SMP 5 X 12 MC', '0.00', 0, '0', '', 1, 0, 0, 0),
(12000009, '(A)SMP 5 X 12 UC', '0.00', 0, '0', '', 1, 0, 0, 0),
(12000010, '(A)SMP 5 X 16 MC', '0.00', 0, '0', '', 1, 0, 0, 0),
(12000011, '(A)SMP 6 X 12 GR', '0.00', 0, '0', '', 1, 0, 0, 0),
(12000012, '(B)SMH 6 X 16 GR D20T1.6', '0.00', 0, '0', '', 1, 0, 0, 0),
(12000013, '(B)UMH 5 X 20 SUS + D12T0.8', '0.00', 0, '0', '', 1, 0, 0, 0),
(12000014, '(F)SMB 6 X 16 GR D16T1.6 UT', '0.00', 0, '0', '', 1, 0, 0, 0),
(12000015, '(F)SMB 6 X 16 UC D16T1.6 UT', '0.00', 0, '0', '', 1, 0, 0, 0),
(12000016, '(F)SMH 5 X 14 GR D12T0.8', '0.00', 0, '0', '', 1, 0, 0, 0),
(12000017, '(F)SMH 6 X 6 UC D13T1', '0.00', 0, '0', '', 1, 0, 0, 0),
(12000018, '(F)SMH 6 X 12 GR D11.5T1.6', '0.00', 0, '0', '', 1, 0, 0, 0),
(12000019, '(F)SMH 6 X 12 GR D16T1.6', '0.00', 0, '0', '', 1, 0, 0, 0),
(12000020, '(F)SMH 6 X 16 GR D16T1.6', '0.00', 0, '0', '', 1, 0, 0, 0),
(12000021, '(F)SMH 6 X 25-21 GR D11.5T1.6', '0.00', 0, '0', '', 1, 0, 0, 0),
(12000022, '(F)SMP 5 X 10 GR D10T1', '0.00', 0, '0', '', 1, 0, 0, 0),
(12000023, '(F)SMP 5 X 16 GR D10T1', '0.00', 0, '0', '', 1, 0, 0, 0),
(12000024, '(F)SMP 5 X 25 GR D10T1', '0.00', 0, '0', '', 1, 0, 0, 0),
(12000025, '(F)SMP 5 X 30 GR D10T1', '0.00', 0, '0', '', 1, 0, 0, 0),
(12000026, '(F)SMP 6 X 10 GR D11.5T1.6', '0.00', 0, '0', '', 1, 0, 0, 0),
(12000027, '(F)SMP 6 X 12 GR D11.5T1.6', '0.00', 0, '0', '', 1, 0, 0, 0),
(12000028, '(F)SMP 6 X 14 GR D11.5T1.6', '0.00', 0, '0', '', 1, 0, 0, 0),
(12000029, '(F)SMP 6 X 16 GR D11.5T1.6', '0.00', 0, '0', '', 1, 0, 0, 0),
(12000030, '(F)SMP 6 X 16 GR D16T1', '0.00', 0, '0', '', 1, 0, 0, 0),
(12000031, '(F)SMP 6 X 20 GR D11.5T1.6', '0.00', 0, '0', '', 1, 0, 0, 0),
(12000032, '(F)SMP 6 X 20 UC D18T1.6', '0.00', 0, '0', '', 1, 0, 0, 0),
(12000033, '(F)SMP 6 X 20 ZK D18T1.6', '0.00', 0, '0', '', 1, 0, 0, 0),
(12000034, '(F)SMT 6 X 12 GR D13T1', '0.00', 0, '0', '', 1, 0, 0, 0),
(12000035, '(F)SMT 6 X 12 UC D18T1.6', '0.00', 0, '0', '', 1, 0, 0, 0),
(12000036, '(F)SMT 6 X 12 ZK D18T1.6', '0.00', 0, '0', '', 1, 0, 0, 0),
(12000038, '(F)SMT 6 X 16 UC D18T1.6', '0.00', 0, '0', '', 1, 0, 0, 0),
(12000039, '(F)SMT 6 X 20 ZK D18T1.6', '0.00', 0, '0', '', 1, 0, 0, 0),
(12000040, '(F)UMT 6 X 12 SUS D18T1.6 UC', '0.00', 0, '0', '', 1, 0, 0, 0),
(12000041, '(W)BMP 3 X 25-23.5A BC ?', '0.00', 0, '0', '', 1, 0, 0, 0),
(12000042, '(W)SMP 3 X 10 MC', '0.00', 0, '0', '', 1, 0, 0, 0),
(12000043, '(W)SMP 3 X 12 MC', '0.00', 0, '0', '', 1, 0, 0, 0),
(12000044, '(W)SMP 4 X 10 MC', '0.00', 0, '0', '', 1, 0, 0, 0),
(12000045, '(W)SMP 4 X 10 UC', '0.00', 0, '0', '', 1, 0, 0, 0),
(12000046, '(A)SMP 4 X 30 MC', '0.00', 0, '0', '', 1, 0, 0, 0),
(12000047, '(F)SMH 6 X 16 GR D16T1.6 UT', '0.00', 0, '0', '', 1, 0, 0, 0),
(12000048, '(F)SMH #8-32 X 12 ZK + D12T1', '0.00', 0, '0', '', 1, 0, 0, 0),
(12000049, '(W)SMP 3 X 8 MC', '0.00', 0, '0', '', 1, 0, 0, 0),
(12000050, '(B)SMH 6 X 16 ZK D20T1.6', '0.00', 0, '0', '', 1, 0, 0, 0),
(12000051, '(B)SMH 6 X 30 GR D18T1.6', '0.00', 0, '0', '', 1, 0, 0, 0),
(12000052, '(B)SMH 6 X 16 UC D20T1.6', '0.00', 0, '0', '', 1, 0, 0, 0),
(12000053, '(B)SMH 6 X 14 ZK D20T1.6', '0.00', 0, '0', '', 1, 0, 0, 0),
(12000054, '(B)SMH 5 X 16 MC + D14T1.6', '0.00', 0, '0', '', 1, 0, 0, 0),
(12000055, '(F)SMT 6 X 12 GR D18T1.6', '0.00', 0, '0', '', 1, 0, 0, 0),
(12000056, '(A)SMP 3.5 X 20 MC3 ?', '0.00', 0, '0', '', 1, 0, 0, 0),
(12000057, '(F)SMP 5 X 20 UC D10T1', '0.00', 0, '0', '', 1, 0, 0, 0),
(12000058, '(A)SMP 5 X 12 MC3', '0.00', 0, '0', '', 1, 0, 0, 0),
(12000059, '(B)SMH 6 X 40-16 MC D18T1.6', '0.00', 0, '0', '', 1, 0, 0, 0),
(12000060, '(F)SMH 6 X 30-21 GR D20T1.6', '0.00', 0, '0', '', 1, 0, 0, 0),
(12000061, '(B)SMH 6 X 30-16 MC D18T1.6', '0.00', 0, '0', '', 1, 0, 0, 0),
(12000062, '(B)SMH 6 X 16 EB D20T1.6', '0.00', 0, '0', '', 1, 0, 0, 0),
(12000063, '(F)SMP 5 X 14 UC D10T1 TB', '0.00', 0, '0', '', 1, 0, 0, 0),
(12000064, '(B)SMH 6 X 16 ZK G4 D16T1', '0.00', 0, '0', '', 1, 0, 0, 0),
(12000065, '(B)UMH 8 X 20 SUS K13 D18T1.2+NUT', '0.00', 0, '0', '', 1, 0, 0, 0),
(12000066, '(F)SMH 5 X 21 GR + D20T1', '0.00', 0, '0', '', 1, 0, 0, 0),
(12000068, '(A)SMH 8 X 100-18 MC G4 K12', '0.00', 0, '0', '', 1, 0, 0, 0),
(12000069, '(F)SMH 8 X 12 CU G4 K12 D18T1.6', '0.00', 0, '0', '', 1, 0, 0, 0),
(12000070, '(A)SMP 5 X 18 MC3 12A', '0.00', 0, '0', '', 1, 0, 0, 0),
(12000071, '(A)SMH 8 X 50-18 MC G4 K12', '0.00', 0, '0', '', 1, 0, 0, 0),
(12000072, '(W)SMH 8 X 20 MC G4 D18T1.6', '0.00', 0, '0', '', 1, 0, 0, 0),
(12000073, '(A)SMH 6 X 12 MC +', '0.00', 0, '0', '', 1, 0, 0, 0),
(12000074, '(A)SMH 6 X 20-15 MC +', '0.00', 0, '0', '', 1, 0, 0, 0),
(12000075, '(A)SMH 6 X 25-16 MC G4', '0.00', 0, '0', '', 1, 0, 0, 0),
(12000076, '(W)SMH 6 X 14 MC G4 D13T1', '0.00', 0, '0', '', 1, 0, 0, 0),
(12000077, '(A)SMH 8 X 16 MC G4 K12', '0.00', 0, '0', '', 1, 0, 0, 0),
(12000078, '(A)SMH 6 X 35-16 MC G4', '0.00', 0, '0', '', 1, 0, 0, 0),
(12000079, '(B)SMH 6 X 16 MC G4 D18T1', '0.00', 0, '0', '', 1, 0, 0, 0),
(12000080, '(A)SMP 4 X 12 MC', '0.00', 0, '0', '', 1, 0, 0, 0),
(12000081, '(A)SMP 5 X 10 MC', '0.00', 0, '0', '', 1, 0, 0, 0),
(12000082, '(A)SMH 8 X 35-18 MC G4 K12', '0.00', 0, '0', '', 1, 0, 0, 0),
(12000083, '(W)SMH 6 X 12 MC G4 D13T1', '0.00', 0, '0', '', 1, 0, 0, 0),
(12000084, '(F)SMH 6 X 20 EB D20T1.2', '0.00', 0, '0', '', 1, 0, 0, 0),
(12000085, '(F)SMT 6 X 16 GR D13T1', '0.00', 0, '0', '', 1, 0, 0, 0),
(12000086, '(A)SMP 4 X 10 MC', '0.00', 0, '0', '', 1, 0, 0, 0),
(12000087, '(F)SMH 6 X 20 GR D20T1.2', '0.00', 0, '0', '', 1, 0, 0, 0),
(12000088, '(A)SMH 8 X 110-100 MC G4 K12', '0.00', 0, '0', '', 1, 0, 0, 0),
(12000089, '(F)SMT 5 X 16 GR D14T1.6', '0.00', 0, '0', '', 1, 0, 0, 0),
(12000090, '(B)BMP 3 X 16 BC ? D7.5T1', '0.00', 0, '0', '', 1, 0, 0, 0),
(12000091, '(A)SMP 3 X 8 KZ 12A', '0.00', 0, '0', '', 1, 0, 0, 0),
(12000092, '(F)SMT 6 X 16 MC3 D18T1.6', '0.00', 0, '0', '', 1, 0, 0, 0),
(12000093, '(W)SMP 5 X 16 EB D12T0.8', '0.00', 0, '0', '', 1, 0, 0, 0),
(12000094, '(F)SMP 4 X 8 MC D8T0.8', '0.00', 0, '0', '', 1, 0, 0, 0),
(12000095, '(F)SMH 5 X 10 UC + D18T1', '0.00', 0, '0', '', 1, 0, 0, 0),
(12000096, '(F)UMT 6 X 12 SUS D18T1', '0.00', 0, '0', '', 1, 0, 0, 0),
(12000097, '(F)UMT 6 X 20 SUS D18T1', '0.00', 0, '0', '', 1, 0, 0, 0),
(12000098, '(C)SMB 4 X 8 EB', '0.00', 0, '0', '', 1, 0, 0, 0),
(12000099, '(F)SMB 4 X 8 MC3 D16T1.6', '0.00', 0, '0', '', 1, 0, 0, 0),
(12000100, '(W)SMP 5 X 16 MC3 D12T0.8', '0.00', 0, '0', '', 1, 0, 0, 0),
(12000101, '(A)SMP 4 X 20 MC3 12A', '0.00', 0, '0', '', 1, 0, 0, 0),
(12000102, '(F)SMB 4 X 10 MC3 D16T1.6', '0.00', 0, '0', '', 1, 0, 0, 0),
(12000103, '(B)SMB 3 X 12 MC3 D10T1', '0.00', 0, '0', '', 1, 0, 0, 0),
(12000104, '(B)SMB 3 X 16 MC3 D10T1', '0.00', 0, '0', '', 1, 0, 0, 0),
(12000105, '(B)SMH 4 X 40 MC 4T D10T1', '0.00', 0, '0', '', 1, 0, 0, 0),
(12000106, '(F)SMT 6 X 16 UC D16T1.2', '0.00', 0, '0', '', 1, 0, 0, 0),
(12000107, '(B)SMP 5 X 18 MC D12T0.8', '0.00', 0, '0', '', 1, 0, 0, 0),
(12000108, '(F)SMT 6 X 16 EB D13T1', '0.00', 0, '0', '', 1, 0, 0, 0),
(12000109, '(A)SMP 4 X 12 MC3 12A', '0.00', 0, '0', '', 1, 0, 0, 0),
(12000110, '(F)SMH 6 X 20 GR D18T1.6', '0.00', 0, '0', '', 1, 0, 0, 0),
(12000111, '(F)SMP 6 X 20 MC3 D18T1.6', '0.00', 0, '0', '', 1, 0, 0, 0),
(12000112, '(F)SMT 6 X 16 MC3 D16T1.2', '0.00', 0, '0', '', 1, 0, 0, 0),
(12000113, '(W)SMP 5 X 16 MC3 D10T0.8 6.8T', '0.00', 0, '0', '', 1, 0, 0, 0),
(12000114, '(W)SMP 5 X 18 MC3 D10T1 TB', '0.00', 0, '0', '', 1, 0, 0, 0),
(12000115, '(F)SMP 5 X 14 UC D10T1', '0.00', 0, '0', '', 1, 0, 0, 0),
(12000116, '(A)SMP 4 X 12 MC3 20K', '0.00', 0, '0', '', 1, 0, 0, 0),
(12000117, '(A)BMP 3 X 28-15 BR SW MC', '0.00', 0, '0', '', 1, 0, 0, 0),
(12000118, '(F)SMH 6 X 20 MC 4T UT D18T1.2', '0.00', 0, '0', '', 1, 0, 0, 0),
(12000119, '(A)SMP 4 X 6 KZ', '0.00', 0, '0', '', 1, 0, 0, 0),
(12000120, '(A)BMP 3 X 22 BR SW MC', '0.00', 0, '0', '', 1, 0, 0, 0),
(12000121, '(A)SMP 4 X 10 MC 12A', '0.00', 0, '0', '', 1, 0, 0, 0),
(12000122, '(A)SMP 5 X 18 MC 12A', '0.00', 0, '0', '', 1, 0, 0, 0),
(12000123, '(F)SMT 6 X 12 EB D18T1.6', '0.00', 0, '0', '', 1, 0, 0, 0),
(12000124, '(A)SMP 6 X 20 EB', '0.00', 0, '0', '', 1, 0, 0, 0),
(12000125, '(B)SMH 6 X 14 EB D20T1.6', '0.00', 0, '0', '', 1, 0, 0, 0),
(12000126, '(F)SMP 5 X 14 MC3 D10T1 TB', '0.00', 0, '0', '', 1, 0, 0, 0),
(12000127, '(B)SMH 6 X 16 EB G4 D16T1', '0.00', 0, '0', '', 1, 0, 0, 0),
(12000128, '(F)SMP 5 X 20 MC3 D10T1', '0.00', 0, '0', '', 1, 0, 0, 0),
(12000129, '(F)SMP 6 X 20 MC3 D11.5T0.8', '0.00', 0, '0', '', 1, 0, 0, 0),
(12000130, '(A)SMH 6 X 35-16 MC3 G4', '0.00', 0, '0', '', 1, 0, 0, 0),
(12000131, '(A)SMH 5 X 8 MC +', '0.00', 0, '0', '', 1, 0, 0, 0),
(12000132, '(A)SMP 4 X 8 UC', '0.00', 0, '0', '', 1, 0, 0, 0),
(12000133, '(A)SMH 8 X 50-18 MC3 G4 K12', '0.00', 0, '0', '', 1, 0, 0, 0),
(12000134, '(B)SMH 6 X 16 MC3 G4 D18T1', '0.00', 0, '0', '', 1, 0, 0, 0),
(12000135, '(A)SMH 6 X 20-15 MC3 + 4T', '0.00', 0, '0', '', 1, 0, 0, 0),
(12000136, '(A)SMP 4 X 10 MC3', '0.00', 0, '0', '', 1, 0, 0, 0),
(12000137, '(W)SMP 5 X 20 MC3 12A D10T1', '0.00', 0, '0', '', 1, 0, 0, 0),
(12000138, '(W)SMP 4 X 18 MC3 D9T0.8', '0.00', 0, '0', '', 1, 0, 0, 0),
(12000139, '(A)SMP 4 X 10 MC3 12A', '0.00', 0, '0', '', 1, 0, 0, 0),
(12000140, '(A)SMP 5 X 10 MC3', '0.00', 0, '0', '', 1, 0, 0, 0),
(12000141, '(W)SMP 5 X 10 MC3 D10T0.8 TB', '0.00', 0, '0', '', 1, 0, 0, 0),
(12000142, '(W)SMH 6 X 12 MC3 G4 D13T1', '0.00', 0, '0', '', 1, 0, 0, 0),
(12000143, '(M)SMB 4 X 18 MC3 D9T0.8', '0.00', 0, '0', '', 1, 0, 0, 0),
(12000144, '(F)SMT 5 X 10 MC3 6.8T D14T1', '0.00', 0, '0', '', 1, 0, 0, 0),
(12000145, '(F)SMT 6 X 12 NI-C D18T1.6', '0.00', 0, '0', '', 1, 0, 0, 0),
(12000146, '(A)BMP 3 X 15 NI', '0.00', 0, '0', '', 1, 0, 0, 0),
(12000147, '(F)SMP 6 X 14 EB D11.5T0.8', '0.00', 0, '0', '', 1, 0, 0, 0),
(12000148, '(F)SMP 5 X 12 MC3 D12T0.8', '0.00', 0, '0', '', 1, 0, 0, 0),
(12000149, '(Y)SMP 5 X 10 MC3 6.8 D12T0.8', '0.00', 0, '0', '', 1, 0, 0, 0),
(12000150, '(Y)SMP 6 X 10 MC3 6.8 D13T1', '0.00', 0, '0', '', 1, 0, 0, 0),
(12000151, '(Y)SMP 6 X 12 MC3 6.8 D13T1', '0.00', 0, '0', '', 1, 0, 0, 0),
(12000152, '(F)SMT 6 X 12 NI-C 6.8T D18T1.6', '0.00', 0, '0', '', 1, 0, 0, 0),
(12000153, '(W)SMB 4 X 8 MC3 18A D10T0.8', '0.00', 0, '0', '', 1, 0, 0, 0),
(12000154, '(F)SMP 4 X 12 CF 20K D8T0.8', '0.00', 0, '0', '', 1, 0, 0, 0),
(12000155, '(W)SMB 4 X 40 MC3 D10T0.8 HRD', '0.00', 0, '0', '', 1, 0, 0, 0),
(12000156, '(W)SMP 4 X 12 CF 20K D8T0.8', '0.00', 0, '0', '', 1, 0, 0, 0),
(12000452, '(A)SMP 6 X 20 MC3', '0.00', 0, '0', '', 1, 0, 0, 0),
(12000453, '(A)SMP 3 X 8 MC3', '0.00', 0, '0', '', 1, 0, 0, 0),
(12000454, '(A)SWR 5.1 X 32-21 KZ', '0.00', 0, '0', '', 1, 0, 0, 0),
(12000455, '(W)SWR 4.1 X 32-21 KZ D10T0.8', '0.00', 0, '0', '', 1, 0, 0, 0),
(12000456, '(C)SMH 1/4-20 X 16 MC3 6.8 TR K11', '0.00', 0, '0', '', 1, 0, 0, 0),
(12000457, '(A)SMP 5 X 12 EB TB 2430', '0.00', 0, '0', '', 1, 0, 0, 0),
(12000458, '(A)SMP 6 X 30 MC3', '0.00', 0, '0', '', 1, 0, 0, 0),
(12000459, '(W)SMP 4 X 20 MC3 D10T1', '0.00', 0, '0', '', 1, 0, 0, 0),
(12000460, '(A)BMP 3 X 22 BR SW MC3', '0.00', 0, '0', '', 1, 0, 0, 0),
(12000461, '(F)SMT 6 X 16 EB 6.8T D18T1.6', '0.00', 0, '0', '', 1, 0, 0, 0),
(12000462, '(D)SMH 5 X M5X56-38 CF G5 12A UT DT D24T5.5', '0.00', 0, '0', '', 1, 0, 0, 0),
(12000463, '(D)SMH 5 X M5X44-26 CF G2 12A UT DT D24T5.5', '0.00', 0, '0', '', 1, 0, 0, 0),
(12000464, '(D)SMH 5 X M5X44-26 EB G2 12A UT DT D24T5.5', '0.00', 0, '0', '', 1, 0, 0, 0),
(12000465, '(F)SMH 5 X 12 MC3 + 4T D18T1', '0.00', 0, '0', '', 1, 0, 0, 0),
(12000466, '(C)SMB 4 X 5 MC3', '0.00', 0, '0', '', 1, 0, 0, 0),
(12000467, '(F)SMP 3 X 8 MC3 D6T0.5', '0.00', 0, '0', '', 1, 0, 0, 0),
(12000468, '(W)SMP 6 X 16 MC3 D13T1', '0.00', 0, '0', '', 1, 0, 0, 0),
(12000469, '(W)SMP 4 X 16 MC3 12A TORX D8T0.8', '0.00', 0, '0', '', 1, 0, 0, 0),
(12000470, '(W)SMP 4 X 40 MC3 D9T0.8', '0.00', 0, '0', '', 1, 0, 0, 0),
(12000471, '(F)SMP 5 X 16 CF D10T1', '0.00', 0, '0', '', 1, 0, 0, 0),
(12000472, '(A)SMP 4 X 6 MC3', '0.00', 0, '0', '', 1, 0, 0, 0),
(12000473, '(W)SMP 4 X 10 CF', '0.00', 0, '0', '', 1, 0, 0, 0),
(12000474, '(A)SMP 3 X 6 CF', '0.00', 0, '0', '', 1, 0, 0, 0),
(12000475, '(W)SMP 4 X 10 CF 12A D10T1', '0.00', 0, '0', '', 1, 0, 0, 0),
(12000476, '(F)SMH 6 X 12 CF 20K D11.5T1.6', '0.00', 0, '0', '', 1, 0, 0, 0),
(12000477, '(F)SMP 6 X 20 CF 20K D11.5T1.6', '0.00', 0, '0', '', 1, 0, 0, 0),
(12000478, '(A)SMP 6 X 10 MC3', '0.00', 0, '0', '', 1, 0, 0, 0),
(12000479, '(F)SMP 6 X 16 CF 20K D11.5T1.6', '0.00', 0, '0', '', 1, 0, 0, 0),
(12000480, '(F)SMP 5 X 12 CF 12A D12T0.8', '0.00', 0, '0', '', 1, 0, 0, 0),
(12000481, '(F)SMP 6 X 16 CF 20K D16T1', '0.00', 0, '0', '', 1, 0, 0, 0),
(12000482, '(F)SMB 6 X 16 KF 12A UT D16T1.6', '0.00', 0, '0', '', 1, 0, 0, 0),
(12000483, '(F)SMH 5 X 14 KF 20K TR D12T0.8', '0.00', 0, '0', '', 1, 0, 0, 0),
(12000484, '(F)SMH 6 X 12 KF 20K D16T1.6', '0.00', 0, '0', '', 1, 0, 0, 0),
(12000485, '(F)SMH 6 X 16 KF 20K D16T1.6', '0.00', 0, '0', '', 1, 0, 0, 0),
(12000486, '(F)SMH 6 X 20 CF 20K UT D18T1.2', '0.00', 0, '0', '', 1, 0, 0, 0),
(12000487, '(F)SMP 6 X 14 KF 20K D11.5T1.6', '0.00', 0, '0', '', 1, 0, 0, 0),
(12000488, '(F)SMP 6 X 16 KF 20K D11.5T1.6', '0.00', 0, '0', '', 1, 0, 0, 0),
(12000489, '(F)SMP 6 X 20 KF 20K D11.5T1.6', '0.00', 0, '0', '', 1, 0, 0, 0),
(12000490, '(W)SMH 6 X 30 KF 20K D18T1.6', '0.00', 0, '0', '', 1, 0, 0, 0),
(12000491, '(F)SMH 6 X 20 KF 20K D18T1.6', '0.00', 0, '0', '', 1, 0, 0, 0),
(12000492, '(F)SMP 5 X 16 KF 20K D10T1', '0.00', 0, '0', '', 1, 0, 0, 0),
(12000493, '(F)SMH 6 X 12 KF 20K D11.5T1.6', '0.00', 0, '0', '', 1, 0, 0, 0),
(12000494, '(F)SMH 6 X 30-21 KF 20K D20T1.6', '0.00', 0, '0', '', 1, 0, 0, 0),
(12000495, '(F)SMH 6 X 25 KF 20K D11.5T1.6', '0.00', 0, '0', '', 1, 0, 0, 0),
(12000496, '(F)SMP 6 X 16 KF 20K D16T1', '0.00', 0, '0', '', 1, 0, 0, 0),
(12000497, '(D)SMH 5 X M5X44-26 KF G2 12A UT DT D24T5.5', '0.00', 0, '0', '', 1, 0, 0, 0),
(12000498, '(F)SMB 6 X 16 CF 12A UT D16T1.6', '0.00', 0, '0', '', 1, 0, 0, 0),
(12000499, '(A)SMP 5 X 12 MC3 20K DOT', '0.00', 0, '0', '', 1, 0, 0, 0),
(12000500, '(F)SMP 5 X 16 CF 20K D10T1', '0.00', 0, '0', '', 1, 0, 0, 0),
(12000501, '(F)SMP 6 X 12 KF 20K D11.5T1.6', '0.00', 0, '0', '', 1, 0, 0, 0),
(12000502, '(A)SMP 4 X 20 CF 12A', '0.00', 0, '0', '', 1, 0, 0, 0),
(12000503, '(A)SMP 4 X 10 CF 12A', '0.00', 0, '0', '', 1, 0, 0, 0),
(12000504, '(A)SMP 4 X 8 CF', '0.00', 0, '0', '', 1, 0, 0, 0),
(12000505, '(F)SMT 6 X 16 MC3 D13T1', '0.00', 0, '0', '', 1, 0, 0, 0),
(12000506, '(W)SMP 5 X 20 CF 12A D10T1', '0.00', 0, '0', '', 1, 0, 0, 0),
(12000507, '(W)SMP 3 X 8 CF D5.8T0.5', '0.00', 0, '0', '', 1, 0, 0, 0),
(12000508, '(A)SMP 3 X 10 CF', '0.00', 0, '0', '', 1, 0, 0, 0),
(12000509, '(A)SMP 4 X 25-16 MC3', '0.00', 0, '0', '', 1, 0, 0, 0),
(12000510, '(F)SMH 6 X 12 EB 20K D16T1.6', '0.00', 0, '0', '', 1, 0, 0, 0),
(12000511, '(F)SMH 5 X 14 CF 20K TR D12T0.8', '0.00', 0, '0', '', 1, 0, 0, 0);
INSERT INTO `m_item` (`m_item_id`, `m_item_name`, `m_item_net_weight`, `m_item_ext_id`, `m_item_qty_box`, `m_item_note`, `m_item_mark`, `m_item_baking`, `m_item_bom_stat`, `m_item_route_stat`) VALUES
(12000512, '(F)SMK 4 X 16 EB + D8T0.5', '0.00', 0, '0', '', 1, 0, 0, 0),
(12000513, '(F)SMP 6 X 10 CF 12A D15T1.6', '0.00', 0, '0', '', 1, 0, 0, 0),
(12000514, '(F)SMP 5 X 25 KF 20K D10T1', '0.00', 0, '0', '', 1, 0, 0, 0),
(12000515, '(A)SMP 3 X 8 CF', '0.00', 0, '0', '', 1, 0, 0, 0),
(12000516, '(Y)SMH 5 X 12 CF + 4.8 D12T1', '0.00', 0, '0', '', 1, 0, 0, 0),
(12000517, '(F)UMH 6 X 20 SUS UT D12.5T1.5', '0.00', 0, '0', '', 1, 0, 0, 0),
(12000518, '(F)UMH 8 X 27 SUS TR UT D17T1.5', '0.00', 0, '0', '', 1, 0, 0, 0),
(12000519, '(F)SMT 6 X 12 MC3 D18T1.6', '0.00', 0, '0', '', 1, 0, 0, 0),
(12000520, '(W)SMP 4 X 16 MC3 20K TORX D8T0.8', '0.00', 0, '0', '', 1, 0, 0, 0),
(12000521, '(W)SMH 6 X 14 MC3 G4 D13T1', '0.00', 0, '0', '', 1, 0, 0, 0),
(12000522, '(A)SMW 6 X 11 CF 6.8', '0.00', 0, '0', '', 1, 0, 0, 0),
(12000523, '(W)SMP 6 X 14 MC3 D11.5T1.6', '0.00', 0, '0', '', 1, 0, 0, 0),
(12000524, '(W)SMP 6 X 14 EB D11.5T1.6', '0.00', 0, '0', '', 1, 0, 0, 0),
(12000525, '(F)SMB 6 X 16 CF 12A UT D18T1.6', '0.00', 0, '0', '', 1, 0, 0, 0),
(12000526, '(W)SMP 5 X 14 EB D10T1', '0.00', 0, '0', '', 1, 0, 0, 0),
(12000527, '(W)SMP 5 X 14 MC3 D10T1', '0.00', 0, '0', '', 1, 0, 0, 0),
(12000528, '(A)SMP 3 X 10 CF TB2403', '0.00', 0, '0', '', 1, 0, 0, 0),
(12000529, '(W)SMB 6 X 14 EB D13T1', '0.00', 0, '0', '', 1, 0, 0, 0),
(12000530, '(A)BMP 3 X 28-15 BR SW MC3', '0.00', 0, '0', '', 1, 0, 0, 0),
(12000531, '(W)SMH 3 X 12 MC3 + D6T0.5 4.8 K5.5', '0.00', 0, '0', '', 1, 0, 0, 0),
(12000532, '(F)SMH 6 X 6 MC3 4T D13T1', '0.00', 0, '0', '', 1, 0, 0, 0),
(12000533, '(A)SMP 3 X 8 KF', '0.00', 0, '0', '', 1, 0, 0, 0),
(12000534, '(W)SMP 4 X 10 KF D14T1', '0.00', 0, '0', '', 1, 0, 0, 0),
(12000535, '(F)SMH 5 X 10 MC3 + D18T1', '0.00', 0, '0', '', 1, 0, 0, 0),
(12000536, '(W)SMB 4 X 12 MC3 D10T1', '0.00', 0, '0', '', 1, 0, 0, 0),
(12000537, '(F)UMH 4 X 26 SUS + TR D10T1', '0.00', 0, '0', '', 1, 0, 0, 0),
(12000538, '(F)SMT 6 X 16 MC3 6.8T D13T1', '0.00', 0, '0', '', 1, 0, 0, 0),
(12000539, '(W)SMP 5 X 16 MC3 6.8T 12T0.8', '0.00', 0, '0', '', 1, 0, 0, 0),
(12000540, '(W)SMP 4 X 16 CF D8T0.8', '0.00', 0, '0', '', 1, 0, 0, 0),
(12000541, '(W)SMP 3 X 12 MC3 D8T0.5', '0.00', 0, '0', '', 1, 0, 0, 0),
(12000542, '(D)SMW 6 X M6X56-38 KF GN1 12A UT D24T5.5', '0.00', 0, '0', '', 1, 0, 0, 0),
(12000543, '(F)SMT 6 X 16 MC3 6.8T D18T1.6', '0.00', 0, '0', '', 1, 0, 0, 0),
(13000001, '(A)HSMH 8 X 16 MC G7 K12', '0.00', 0, '0', '', 1, 0, 0, 0),
(13000002, '(A)HSMP 4 X 13 UC', '0.00', 0, '0', '', 1, 0, 0, 0),
(13000003, '(A)HSMP 6 X 16 GR G6.8', '0.00', 0, '0', '', 1, 0, 0, 0),
(13000004, '(F)HSMH 5 X 18 GR + D15T2', '0.00', 0, '0', '', 1, 0, 0, 0),
(13000005, '(F)HSMH 5 X 20 GR + D15T2', '0.00', 0, '0', '', 1, 0, 0, 0),
(13000006, '(F)HSMP 6 X 20 NC D18T1.6', '0.00', 0, '0', '', 1, 0, 0, 0),
(13000007, '(P)HSMP 5 X 16 MCB', '0.00', 0, '0', '', 1, 0, 0, 0),
(13000008, '(P)HSMP 5 X 30 MCB', '0.00', 0, '0', '', 1, 0, 0, 0),
(13000009, '(W)HSMP 5 X 10 GR D12T0.8', '0.00', 0, '0', '', 1, 0, 0, 0),
(13000010, '(W)HSMP 5 X 16 GR D12T0.8 G 6.8', '0.00', 0, '0', '', 1, 0, 0, 0),
(13000011, '(A)HSMH 8 X 20 MC G7 K12', '0.00', 0, '0', '', 1, 0, 0, 0),
(13000012, '(B)HSMH 6 X 35-18 GR D20T1.6', '0.00', 0, '0', '', 1, 0, 0, 0),
(13000013, '(F)HSMH 5 X 18 UC + D15T2', '0.00', 0, '0', '', 1, 0, 0, 0),
(13000014, '(A)HSMH 6 X 45-18 UC G7', '0.00', 0, '0', '', 1, 0, 0, 0),
(13000015, '(P)HSMP 4 X 6 MC G8.8', '0.00', 0, '0', '', 1, 0, 0, 0),
(13000016, '(P)HSMP 4 X 8 MC G8.8', '0.00', 0, '0', '', 1, 0, 0, 0),
(13000017, '(F)HSMH 6 X 12 ZK G7 D20T1,6', '0.00', 0, '0', '', 1, 0, 0, 0),
(13000018, '(F)SMP 6 X 20 UC D11.5T0.8', '0.00', 0, '0', '', 1, 0, 0, 0),
(13000019, '(A)HSMH 8 X 25 MC G7 K12', '0.00', 0, '0', '', 1, 0, 0, 0),
(13000020, '(P)HSMP 5 X 30 MC', '0.00', 0, '0', '', 1, 0, 0, 0),
(13000021, '(P)HSMP 5 X 16 MC', '0.00', 0, '0', '', 1, 0, 0, 0),
(13000022, '(F)HSMH 6 X 16 ZK D18T1.6', '0.00', 0, '0', '', 1, 0, 0, 0),
(13000023, '(F)HSMH 5 X 18 MC + D15T2', '0.00', 0, '0', '', 1, 0, 0, 0),
(13000024, '(W)HSMH 8 X 20 MC G7 D18T1.6', '0.00', 0, '0', '', 1, 0, 0, 0),
(13000025, '(P)SMP 5 X 20 UC', '0.00', 0, '0', '', 1, 0, 0, 0),
(13000026, '(A)HSMH 8 X 40-18 MC G7 K12', '0.00', 0, '0', '', 1, 0, 0, 0),
(13000027, '(B)HSMH 8 X 30 MCB D18 T1.6', '0.00', 0, '0', '', 1, 0, 0, 0),
(13000028, '(A)HSMH 10 X 20 MC G7S K14 P1.5', '0.00', 0, '0', '', 1, 0, 0, 0),
(13000029, '(A)HSMH 10 X 32-26 MC G7S K14 P1.5', '0.00', 0, '0', '', 1, 0, 0, 0),
(13000030, '(A)HSMP 5 X 45 ZK T1', '0.00', 0, '0', '', 1, 0, 0, 0),
(13000031, '(A)HSMP 5 X 35 ZK T1', '0.00', 0, '0', '', 1, 0, 0, 0),
(13000032, '(A)HSMH 8 X 20 KZ G7 K12', '0.00', 0, '0', '', 1, 0, 0, 0),
(13000033, '(A)HSMH 6 X 20 MC G7', '0.00', 0, '0', '', 1, 0, 0, 0),
(13000034, '(A)HSMH 6 X 25-16 MC G7', '0.00', 0, '0', '', 1, 0, 0, 0),
(13000035, '(A)HSMH 8 X 25-18 MC G7 K12', '0.00', 0, '0', '', 1, 0, 0, 0),
(13000036, '(A)HSMH 6 X 12 MC G7', '0.00', 0, '0', '', 1, 0, 0, 0),
(13000037, '(A)HSMH 6 X 16 MC G7', '0.00', 0, '0', '', 1, 0, 0, 0),
(13000038, '(A)HSMH 6 X 40-16 MC G7', '0.00', 0, '0', '', 1, 0, 0, 0),
(13000039, '(A)HSMH 6 X 35-16 MC G7', '0.00', 0, '0', '', 1, 0, 0, 0),
(13000040, '(A)HSMH 8 X 30-18 MC G7 K12', '0.00', 0, '0', '', 1, 0, 0, 0),
(13000041, '(A)HSMH 8 X 110-100 MC G7 K12', '0.00', 0, '0', '', 1, 0, 0, 0),
(13000042, '(A)HSMH 8 X 45-18 MC G7 K12', '0.00', 0, '0', '', 1, 0, 0, 0),
(13000043, '(A)HSMH 8 X 55-18 MC G7 K12', '0.00', 0, '0', '', 1, 0, 0, 0),
(13000044, '(W)HSMH 5 X 18-12 MC G7 K8 D12T0.8', '0.00', 0, '0', '', 1, 0, 0, 0),
(13000045, '(W)HSMH 8 X 85-18 MC G7 K12 D18T1.6', '0.00', 0, '0', '', 1, 0, 0, 0),
(13000046, '(A)HSMH 10 X 20 MC G7S K14 P1.25', '0.00', 0, '0', '', 1, 0, 0, 0),
(13000047, '(A)HSMH 10 X 22 MC G7S K14 P1.25', '0.00', 0, '0', '', 1, 0, 0, 0),
(13000048, '(A)HSMH 10 X 35-20 MC G7S K14 P1.25', '0.00', 0, '0', '', 1, 0, 0, 0),
(13000049, '(A)HSMH 8 X 28-18 MC G7 K12', '0.00', 0, '0', '', 1, 0, 0, 0),
(13000050, '(W)HSMH 6 X 20-16 MC G7 D13T1', '0.00', 0, '0', '', 1, 0, 0, 0),
(13000051, '(F)FB 8 X 27-16 KZ G8 D18T2.3', '0.00', 0, '0', '', 1, 0, 0, 0),
(13000052, '(W)HSMH 10 X 30-20 MC G7S K14P1.25 D22T1.', '0.00', 0, '0', '', 1, 0, 0, 0),
(13000053, '(W)HSMH 10 X 50-20 MC G7S K14P1.25 D22T1.', '0.00', 0, '0', '', 1, 0, 0, 0),
(13000054, '(A)HSMH 8 X 16 GR G7 K12', '0.00', 0, '0', '', 1, 0, 0, 0),
(13000055, '(W)SMH 8 X 20 GR G4 D18T1.6', '0.00', 0, '0', '', 1, 0, 0, 0),
(13000056, '(F)FB 6 X 20 EB 7T PR UT D18T1.6', '0.00', 0, '0', '', 1, 0, 0, 0),
(13000057, '(A)HSMH 10 X 30-20 MC G7S K14 P1.25', '0.00', 0, '0', '', 1, 0, 0, 0),
(13000058, '(A)HSMH 8 X 18 MC G7 K12', '0.00', 0, '0', '', 1, 0, 0, 0),
(13000059, '(B)HSMH 10 X 50-18 MC G7 K14 P1.25 D22T1.6', '0.00', 0, '0', '', 1, 0, 0, 0),
(13000060, '(Z)HSMH 8 X 100-30 MC G7 K12', '0.00', 0, '0', '', 1, 0, 0, 0),
(13000061, '(Z)HSMH 8 X 55-35 MC G7 K12', '0.00', 0, '0', '', 1, 0, 0, 0),
(13000062, '(A)HSMH 8 X 32-18 MC G7 K12', '0.00', 0, '0', '', 1, 0, 0, 0),
(13000063, '(W)HSMH 8 X 30-18 MC G7 K12 D18T1.6', '0.00', 0, '0', '', 1, 0, 0, 0),
(13000064, '(W)HSMP 6 X 30 MC D13T1', '0.00', 0, '0', '', 1, 0, 0, 0),
(13000065, '(A)HSMH 10 X 22 MC G8S K14 P1.25', '0.00', 0, '0', '', 1, 0, 0, 0),
(13000066, '(W)HSMH 8 X 25-18 MC G7 K12 D18T1.6', '0.00', 0, '0', '', 1, 0, 0, 0),
(13000067, '(F)FB 6 X 20 GR 7T PR UT D18T1.6', '0.00', 0, '0', '', 1, 0, 0, 0),
(13000068, '(A)HSMH 6 X 12 MC +', '0.00', 0, '0', '', 1, 0, 0, 0),
(13000069, '(F)FB 8 X 26.5-18 KZ G8 D18T2.3', '0.00', 0, '0', '', 1, 0, 0, 0),
(13000070, '(A)HSMH 8 X 15 MC G7 K12', '0.00', 0, '0', '', 1, 0, 0, 0),
(13000071, '(P)HSMP 5 X 16 KZ', '0.00', 0, '0', '', 1, 0, 0, 0),
(13000072, '(P)HSMP 5 X 30 KZ', '0.00', 0, '0', '', 1, 0, 0, 0),
(13000073, '(P)HSMP 4 X 6 KZ G8.8', '0.00', 0, '0', '', 1, 0, 0, 0),
(13000074, '(P)HSMP 4 X 8 KZ G8.8', '0.00', 0, '0', '', 1, 0, 0, 0),
(13000075, '(A)HSMH 8 X 20 MC + 7T K12', '0.00', 0, '0', '', 1, 0, 0, 0),
(13000076, '(A)HSMH 8 X 22 MC G7 K12', '0.00', 0, '0', '', 1, 0, 0, 0),
(13000077, '(A)HSMH 6 X 22 MC G7 K10', '0.00', 0, '0', '', 1, 0, 0, 0),
(13000078, '(A)HSMH 6 X 28-16 MC G7 MKM', '0.00', 0, '0', '', 1, 0, 0, 0),
(13000079, '(W)HSMP 5 X 16 MC3 D12T0.8 G 6.8', '0.00', 0, '0', '', 1, 0, 0, 0),
(13000080, '(F)HSMH 6 X 12 UC D18T1.6', '0.00', 0, '0', '', 1, 0, 0, 0),
(13000081, '(A)HSMH 6 X 30-16 MC G7', '0.00', 0, '0', '', 1, 0, 0, 0),
(13000082, '(F)HSMS 6 X 30 GR G11.9 D11.5T1.6', '0.00', 0, '0', '', 1, 0, 0, 0),
(13000083, '(W)HSMH 8 X 50-18 MC G7 K12 D18T1.6', '0.00', 0, '0', '', 1, 0, 0, 0),
(13000084, '(F)HSMS 6 X 35-18 GR 10.9T UT D11.5T1', '0.00', 0, '0', '', 1, 0, 0, 0),
(13000085, '(W)HSMH 8 X 22 MC3 G7 K12 D18T1.6', '0.00', 0, '0', '', 1, 0, 0, 0),
(13000086, '(A)HSMH 8 X 20 MC3 G7 K12', '0.00', 0, '0', '', 1, 0, 0, 0),
(13000087, '(A)HSMH 8 X 20 MC3 + 7T K12', '0.00', 0, '0', '', 1, 0, 0, 0),
(13000088, '(F)HSMH 6 X 16 GR 7T D11.5T1.6', '0.00', 0, '0', '', 1, 0, 0, 0),
(13000089, '(F)HSMH 6 X 12 EB G7 D20T1.6', '0.00', 0, '0', '', 1, 0, 0, 0),
(13000090, '(F)HSMH 6 X 16 GR 7T D18T1.6', '0.00', 0, '0', '', 1, 0, 0, 0),
(13000091, '(A)HSMP 5 X 35 EB T1', '0.00', 0, '0', '', 1, 0, 0, 0),
(13000092, '(A)HSMP 5 X 45 EB T1', '0.00', 0, '0', '', 1, 0, 0, 0),
(13000093, '(A)HSMH 6 X 45-18 MC3 G7', '0.00', 0, '0', '', 1, 0, 0, 0),
(13000094, '(A)HSMH 8 X 16 MC3 G7 K12', '0.00', 0, '0', '', 1, 0, 0, 0),
(13000095, '(A)HSMH 8 X 25 MC3 G7 K12', '0.00', 0, '0', '', 1, 0, 0, 0),
(13000096, '(F)HSMH 6 X 12 MC3 + 8T D12T1.2', '0.00', 0, '0', '', 1, 0, 0, 0),
(13000097, '(A)HSMH 10 X 20 MC3 G7S K14 P1.5', '0.00', 0, '0', '', 1, 0, 0, 0),
(13000098, '(A)HSMH 10 X 32-26 MC3 G7S K14 P1.5', '0.00', 0, '0', '', 1, 0, 0, 0),
(13000099, '(A)HSMH 6 X 35-16 MC3 G7', '0.00', 0, '0', '', 1, 0, 0, 0),
(13000100, '(W)HSMH 8 X 25-18 MC3 G7 K12 D18T1.6', '0.00', 0, '0', '', 1, 0, 0, 0),
(13000101, '(A)HSMH 6 X 30-16 MC3 G7', '0.00', 0, '0', '', 1, 0, 0, 0),
(13000102, '(A)HSMH 6 X 40-16 MC3 G7', '0.00', 0, '0', '', 1, 0, 0, 0),
(13000103, '(A)HSMH 8 X 18 MC3 G7 K12', '0.00', 0, '0', '', 1, 0, 0, 0),
(13000104, '(A)HSMH 8 X 25-18 MC3 G7 K12', '0.00', 0, '0', '', 1, 0, 0, 0),
(13000105, '(A)HSMH 8 X 28-18 MC3 G7 K12', '0.00', 0, '0', '', 1, 0, 0, 0),
(13000106, '(A)HSMH 8 X 32-18 MC3 G7 K12', '0.00', 0, '0', '', 1, 0, 0, 0),
(13000107, '(A)HSMH 8 X 55-18 MC3 G7 K12', '0.00', 0, '0', '', 1, 0, 0, 0),
(13000108, '(W)HSMH 6 X 20-16 MC3 G7 D13T1', '0.00', 0, '0', '', 1, 0, 0, 0),
(13000109, '(A)HSMH 6 X 12 MC3 +', '0.00', 0, '0', '', 1, 0, 0, 0),
(13000110, '(A)HSMH 6 X 16 MC3 G7', '0.00', 0, '0', '', 1, 0, 0, 0),
(13000111, '(W)HSMH 5 X 18-12 MC3 G7 K8 D12T0.8', '0.00', 0, '0', '', 1, 0, 0, 0),
(13000112, '(A)HSMH 8 X 40-18 MC3 G7 K12', '0.00', 0, '0', '', 1, 0, 0, 0),
(13000113, '(A)HSMH 8 X 45-18 MC3 G7 K12', '0.00', 0, '0', '', 1, 0, 0, 0),
(13000114, '(A)HSMH 6 X 25-16 MC3 G7', '0.00', 0, '0', '', 1, 0, 0, 0),
(13000115, '(W)HSMH 8 X 85-18 MC3 G7 K12 D18T1.6', '0.00', 0, '0', '', 1, 0, 0, 0),
(13000116, '(A)HSMH 6 X 20 MC3 G7', '0.00', 0, '0', '', 1, 0, 0, 0),
(13000117, '(W)HSMH 8 X 20 MC3 G7 K12 D18T1.6', '0.00', 0, '0', '', 1, 0, 0, 0),
(13000118, '(A)HSMH 10 X 20 MC3 G7S K14 P1.25', '0.00', 0, '0', '', 1, 0, 0, 0),
(13000119, '(A)HSMH 6 X 60-18 MC G7', '0.00', 0, '0', '', 1, 0, 0, 0),
(13000120, '(A)HSMH 6 X 70-18 MC G7', '0.00', 0, '0', '', 1, 0, 0, 0),
(13000121, '(A)HSMH 8 X 14 MC G7 K12', '0.00', 0, '0', '', 1, 0, 0, 0),
(13000122, '(A)HSMH 6 X 12 MC3 G7', '0.00', 0, '0', '', 1, 0, 0, 0),
(13000123, '(A)HSMH 6 X 70-18 MC3 G7', '0.00', 0, '0', '', 1, 0, 0, 0),
(13000124, '(A)HSMH 8 X 22 MC3 G7 K12', '0.00', 0, '0', '', 1, 0, 0, 0),
(13000125, '(A)HSMH 6 X 10 MC3 G7', '0.00', 0, '0', '', 1, 0, 0, 0),
(13000126, '(A)HSMH 6 X 14 MC3 G7', '0.00', 0, '0', '', 1, 0, 0, 0),
(13000136, '(A)HSMH 6 X 50-18 MC3 G7', '0.00', 0, '0', '', 1, 0, 0, 0),
(13000137, '(A)HSMH 6 X 60-18 MC3 G7', '0.00', 0, '0', '', 1, 0, 0, 0),
(13000138, '(A)HSMH 6 X 18 MC3 G7', '0.00', 0, '0', '', 1, 0, 0, 0),
(13000139, '(A)HSMH 8 X 14 MC3 G7 K12', '0.00', 0, '0', '', 1, 0, 0, 0),
(13000140, '(A)HSMH 8 X 45-22 MC3 G7 K12', '0.00', 0, '0', '', 1, 0, 0, 0),
(13000141, '(A)HSMH 8 X 40-22 MC3 G7 K12', '0.00', 0, '0', '', 1, 0, 0, 0),
(13000142, '(A)HSMH 8 X 48-22 MC3 G7 K12', '0.00', 0, '0', '', 1, 0, 0, 0),
(13000143, '(A)HSMH 8 X 50-22 MC3 G7 K12', '0.00', 0, '0', '', 1, 0, 0, 0),
(13000144, '(A)HSMH 8 X 65-22 MC3 G7 K12', '0.00', 0, '0', '', 1, 0, 0, 0),
(13000145, '(A)HSMH 6 X 22 MC3 G7 K10', '0.00', 0, '0', '', 1, 0, 0, 0),
(13000146, '(A)HSMH 8 X 30-22 MC3 G7 K12', '0.00', 0, '0', '', 1, 0, 0, 0),
(13000147, '(A)HSMH 8 X 55-22 MC3 G7 K12', '0.00', 0, '0', '', 1, 0, 0, 0),
(13000148, '(A)HSMH 6 X 80-18 MC3 G7', '0.00', 0, '0', '', 1, 0, 0, 0),
(13000149, '(F)HSMH 6 X 12 EB G6.8S D11.5T1.6', '0.00', 0, '0', '', 1, 0, 0, 0),
(13000150, '(A)HSMH 6 X 65-18 MC3 G7', '0.00', 0, '0', '', 1, 0, 0, 0),
(13000151, '(W)HSMP 4 X 25 EB D9T0.8', '0.00', 0, '0', '', 1, 0, 0, 0),
(13000152, '(P)SMP 6 X 8 MC3 6.8', '0.00', 0, '0', '', 1, 0, 0, 0),
(13000153, '(Y)HSMH 6 X 16 MC3 G7S D13T1', '0.00', 0, '0', '', 1, 0, 0, 0),
(13000154, '(P)HSMH 6 X 12 MC3 G7S', '0.00', 0, '0', '', 1, 0, 0, 0),
(13000155, '(W)HSMH 10 X 50-20 MC3 G7SK14 P1.25 D22T1.6', '0.00', 0, '0', '', 1, 0, 0, 0),
(13000156, '(A)HSMH 8 X 28-22 MC3 G7 K12', '0.00', 0, '0', '', 1, 0, 0, 0),
(13000157, '(F)HSMT 5 X 20 EB 8.8 D16T1.2', '0.00', 0, '0', '', 1, 0, 0, 0),
(13000158, '(W)SMP 4 X 18 MC3 D8T0.8 TB2411', '0.00', 0, '0', '', 1, 0, 0, 0),
(13000159, '(A)HSMS 5 X 11 EB 10.9 TB 2430', '0.00', 0, '0', '', 1, 0, 0, 0),
(13000160, '(A)HSMH 8 X 12 MC3 G7 K12', '0.00', 0, '0', '', 1, 0, 0, 0),
(13000161, '(A)HSMH 8 X 85-22 MC3 G7 K12', '0.00', 0, '0', '', 1, 0, 0, 0),
(13000162, '(A)HSMH 10 X 28 MC3 G7 K14 P1.5', '0.00', 0, '0', '', 1, 0, 0, 0),
(13000163, '(A)HSMH 8 X 70-22 MC3 G7 K12', '0.00', 0, '0', '', 1, 0, 0, 0),
(13000164, '(F)HSMH 5 X 28 HO 10.9 UT H3 D10T1', '0.00', 0, '0', '', 1, 0, 0, 0),
(13000165, '(F)HSMH 6 X 20 MC3 7T D20T1.6', '0.00', 0, '0', '', 1, 0, 0, 0),
(13000166, '(F)HSMH 6 X 20 EB 8.8 D18T1.6', '0.00', 0, '0', '', 1, 0, 0, 0),
(13000167, '(F)HSMH 5 X 25 CF + 7T UT D15T2', '0.00', 0, '0', '', 1, 0, 0, 0),
(13000168, '(A)HSMP 4 X 13 KZ 8.8T', '0.00', 0, '0', '', 1, 0, 0, 0),
(13000169, '(A)HSMH 10 X 35-26 MC3 G7 K14 P1.5', '0.00', 0, '0', '', 1, 0, 0, 0),
(13000170, '(F)HSMH 6 X 25 CF 7T D20T1.6', '0.00', 0, '0', '', 1, 0, 0, 0),
(13000171, '(F)HSMH 5 X 18 KZ + D15T2', '0.00', 0, '0', '', 1, 0, 0, 0),
(13000172, '(A)HSMH 6 X 20 MC3 7T TR K10', '0.00', 0, '0', '', 1, 0, 0, 0),
(13000173, '(A)HSMH 12 X 30 MC3 G7 K17 P1.75', '0.00', 0, '0', '', 1, 0, 0, 0),
(13000174, '(F)HSMH 6 X 16 KF 7T D18T1.6', '0.00', 0, '0', '', 1, 0, 0, 0),
(13000175, '(F)HSMS 6 X 30 KF 11.9 D11.5T1.6', '0.00', 0, '0', '', 1, 0, 0, 0),
(13000176, '(W)HSMH 6 X 35-18 KF 7T D20T1.6', '0.00', 0, '0', '', 1, 0, 0, 0),
(13000177, '(F)HSMH 6 X 16 KF 7T D11.5T1.6', '0.00', 0, '0', '', 1, 0, 0, 0),
(13000178, '(A)HSMP 4 X 10 KZ 8.8', '0.00', 0, '0', '', 1, 0, 0, 0),
(13000179, '(A)HSMP 5 X 20 KZ 8.8', '0.00', 0, '0', '', 1, 0, 0, 0),
(13000180, '(P)HSMS 5 X 9 MC3 8.8 UT', '0.00', 0, '0', '', 1, 0, 0, 0),
(13000181, '(P)HSMH 8 X 16 EB G7 K12', '0.00', 0, '0', '', 1, 0, 0, 0),
(13000182, '(F)HSMH 6 X 16 CF 7T D18T1.6', '0.00', 0, '0', '', 1, 0, 0, 0),
(13000183, '(W)HSMP 4 X 25 MC3 8.8 D10T1', '0.00', 0, '0', '', 1, 0, 0, 0),
(13000184, '(W)HSMP 3 X 8 EB 8.8 D6T0.5', '0.00', 0, '0', '', 1, 0, 0, 0),
(13000185, '(W)HSMP 3 X 10 EB 8.8 D8T0.5', '0.00', 0, '0', '', 1, 0, 0, 0),
(13000186, '(F)HSMH 5 X 22 CF 8.8 D15.2T2', '0.00', 0, '0', '', 1, 0, 0, 0),
(13000187, '(W)HSMP 4 X 40 MC3 8.8 D10T0.8', '0.00', 0, '0', '', 1, 0, 0, 0),
(13000188, '(P)SMP 5 X 12 MC3 20K', '0.00', 0, '0', '', 1, 0, 0, 0),
(13000189, '(W)HSMP 4 X 12 EB 8.8 D10T0.8', '0.00', 0, '0', '', 1, 0, 0, 0),
(13000190, '(W)HSMP 4 X 50 EB 8.8 D10T0.8', '0.00', 0, '0', '', 1, 0, 0, 0),
(13000191, '(F)HSMH 5 X 18 MC3 + D15T2', '0.00', 0, '0', '', 1, 0, 0, 0),
(13000192, '(W)HSMP 4 X 18 MC3 8.8 D10T0.8', '0.00', 0, '0', '', 1, 0, 0, 0),
(13000193, '(A)HSMH 10 X 32 MC3 G7 K14 P1.5', '0.00', 0, '0', '', 1, 0, 0, 0),
(13000194, '(W)HSMH 6 X 35-18 EB 7T D20T1.6', '0.00', 0, '0', '', 1, 0, 0, 0),
(13000195, '(F)HSMH 6 X 12 MC3 D18T1.6', '0.00', 0, '0', '', 1, 0, 0, 0),
(13000196, '(F)FB 6 X 16 MC3 7T K8 D16T1.6', '0.00', 0, '0', '', 1, 0, 0, 0),
(13000197, '(F)FB 6 X 22 MC3 7T K8 D16T1.6', '0.00', 0, '0', '', 1, 0, 0, 0),
(13000198, '(F)HSMH 5 X 20 KF + 7T D15T2', '0.00', 0, '0', '', 1, 0, 0, 0),
(13000199, '(F)FB 6 X 14 MC3 7T K8 D16T1.6', '0.00', 0, '0', '', 1, 0, 0, 0),
(13000200, '(W)SMP 4 X 20 EB UT 18A HARDEN D8T0.8', '0.00', 0, '0', '', 1, 0, 0, 0),
(13000201, '(A)HSMH 8 X 16 MC3 G9', '0.00', 0, '0', '', 1, 0, 0, 0),
(13000202, '(F)HSMH 6 X 40 MC3 G8.8S D20T1.6 UT', '0.00', 0, '0', '', 1, 0, 0, 0),
(13000203, '(W)HSMP 6 X 15 EB D13T1 8.8T', '0.00', 0, '0', '', 1, 0, 0, 0),
(13000204, '(A)HSMH 8 X 20 MC3 G9 UT K12', '0.00', 0, '0', '', 1, 0, 0, 0),
(14000001, 'FB 5 X M5X70-20 UC', '0.00', 0, '0', '', 1, 0, 0, 0),
(14000002, 'FB 6 X 10 MC G7 PM', '0.00', 0, '0', '', 1, 0, 0, 0),
(14000003, 'FB 6 X 10 MC G7 YDI', '0.00', 0, '0', '', 1, 0, 0, 0),
(14000004, 'FB 6 X 10 UC G4 IS2', '0.00', 0, '0', '', 1, 0, 0, 0),
(14000005, 'FB 6 X 12 GR 7T K8 IS2', '0.00', 0, '0', '', 1, 0, 0, 0),
(14000006, 'FB 6 X 12 MC G7 YDI', '0.00', 0, '0', '', 1, 0, 0, 0),
(14000007, 'FB 6 X 14 MC G7 MKM', '0.00', 0, '0', '', 1, 0, 0, 0),
(14000008, 'FB 6 X 16 GR G7 K8 ISC', '0.00', 0, '0', '', 1, 0, 0, 0),
(14000009, 'FB 6 X 16 MC G7 MKM', '0.00', 0, '0', '', 1, 0, 0, 0),
(14000010, 'FB 6 X 18-16 MC G7 MKM', '0.00', 0, '0', '', 1, 0, 0, 0),
(14000011, 'FB 6 X 20 GR 7T K8 IS2', '0.00', 0, '0', '', 1, 0, 0, 0),
(14000012, 'FB 6 X 20-16 MC G7 MKM', '0.00', 0, '0', '', 1, 0, 0, 0),
(14000013, 'FB 6 X 22-16 MC G7 MKM', '0.00', 0, '0', '', 1, 0, 0, 0),
(14000014, 'FB 6 X 25 GR 7T K8 IS2', '0.00', 0, '0', '', 1, 0, 0, 0),
(14000015, 'FB 6 X 25-18 MC G7  YDI', '0.00', 0, '0', '', 1, 0, 0, 0),
(14000016, 'FB 6 X 30-16 MC G7 MKM', '0.00', 0, '0', '', 1, 0, 0, 0),
(14000017, 'FB 6 X 30-18 GR 7T K8 IS2', '0.00', 0, '0', '', 1, 0, 0, 0),
(14000018, 'FB 6 X 38-16 MC G7 MKM', '0.00', 0, '0', '', 1, 0, 0, 0),
(14000019, 'FB 6 X 40-18 GR 7T K8 IS2', '0.00', 0, '0', '', 1, 0, 0, 0),
(14000020, 'FB 6 X 50-18 MC G7 YDI', '0.00', 0, '0', '', 1, 0, 0, 0),
(14000021, 'FB 6 X 50-18 GR 7T K8 IS2', '0.00', 0, '0', '', 1, 0, 0, 0),
(14000022, 'FB 6 X 60-16 MC G7 MKM', '0.00', 0, '0', '', 1, 0, 0, 0),
(14000023, 'FB 6 X 60-18 GR 7T K8 IS2', '0.00', 0, '0', '', 1, 0, 0, 0),
(14000024, 'FB 6 X 65-18 MC G7 YDI', '0.00', 0, '0', '', 1, 0, 0, 0),
(14000025, 'FB 6 X 75-18 GR 7T K8 IS2', '0.00', 0, '0', '', 1, 0, 0, 0),
(14000026, 'FB 6 X 100-18 GR 7T K8 IS2', '0.00', 0, '0', '', 1, 0, 0, 0),
(14000027, 'FB 8 X 12 MC G4 MKM', '0.00', 0, '0', '', 1, 0, 0, 0),
(14000028, 'FB 8 X 12 MC G7 MKM', '0.00', 0, '0', '', 1, 0, 0, 0),
(14000029, 'FB 8 X 14 MC G4 MKM', '0.00', 0, '0', '', 1, 0, 0, 0),
(14000030, 'FB 8 X 14 MC G7 MKM', '0.00', 0, '0', '', 1, 0, 0, 0),
(14000031, 'FB 8 X 16 MC G4 MKM', '0.00', 0, '0', '', 1, 0, 0, 0),
(14000032, 'FB 8 X 16 MC G7 MKM', '0.00', 0, '0', '', 1, 0, 0, 0),
(14000033, 'FB 8 X 18 MC G7 MKM', '0.00', 0, '0', '', 1, 0, 0, 0),
(14000034, 'FB 8 X 20-18 MC G4 MKM', '0.00', 0, '0', '', 1, 0, 0, 0),
(14000035, 'FB 8 X 20-18 MC G7 MKM', '0.00', 0, '0', '', 1, 0, 0, 0),
(14000036, 'FB 8 X 22-18 MC G4 MKM', '0.00', 0, '0', '', 1, 0, 0, 0),
(14000037, 'FB 8 X 22-18 MC G7 MKM', '0.00', 0, '0', '', 1, 0, 0, 0),
(14000038, 'FB 8 X 25-18 MC G4 MKM', '0.00', 0, '0', '', 1, 0, 0, 0),
(14000039, 'FB 8 X 25-18 MC G7 MKM', '0.00', 0, '0', '', 1, 0, 0, 0),
(14000040, 'FB 8 X 28-18 MC G4 MKM', '0.00', 0, '0', '', 1, 0, 0, 0),
(14000041, 'FB 8 X 28-18 MC G7 MKM', '0.00', 0, '0', '', 1, 0, 0, 0),
(14000042, 'FB 8 X 30-18 MC G4 MKM', '0.00', 0, '0', '', 1, 0, 0, 0),
(14000043, 'FB 8 X 30-18 MC G7 MKM', '0.00', 0, '0', '', 1, 0, 0, 0),
(14000044, 'FB 8 X 35-18 MC G7 MKM', '0.00', 0, '0', '', 1, 0, 0, 0),
(14000045, 'FB 8 X 40-18 MC G4 MKM', '0.00', 0, '0', '', 1, 0, 0, 0),
(14000046, 'FB 8 X 40-18 MC G7 MKM', '0.00', 0, '0', '', 1, 0, 0, 0),
(14000047, 'FB 8 X 45-18 MC G7 MKM', '0.00', 0, '0', '', 1, 0, 0, 0),
(14000048, 'FB 8 X 50-18 MC G8 MKM', '0.00', 0, '0', '', 1, 0, 0, 0),
(14000049, 'FB 8 X 55-18 MC G4 MKM', '0.00', 0, '0', '', 1, 0, 0, 0),
(14000050, 'FB 8 X 55-18 MC G7 MKM', '0.00', 0, '0', '', 1, 0, 0, 0),
(14000051, 'FB 8 X 60-18 MC G4 MKM', '0.00', 0, '0', '', 1, 0, 0, 0),
(14000052, 'FB 8 X 60-18 MC G7 MKM', '0.00', 0, '0', '', 1, 0, 0, 0),
(14000053, 'FB 8 X 65-18 MC G4  MKM', '0.00', 0, '0', '', 1, 0, 0, 0),
(14000054, 'FB 8 X 70-18 MC G7 MKM', '0.00', 0, '0', '', 1, 0, 0, 0),
(14000055, 'FB 8 X 75-18 MC G7 MKM', '0.00', 0, '0', '', 1, 0, 0, 0),
(14000056, 'FB 8 X 80-18 MC G4 MKM', '0.00', 0, '0', '', 1, 0, 0, 0),
(14000057, 'FB 8 X 90-18 MC G4 MKM', '0.00', 0, '0', '', 1, 0, 0, 0),
(14000058, 'FB 10 X 20 MC G8S P1.25 MKM', '0.00', 0, '0', '', 1, 0, 0, 0),
(14000059, 'FB 10 X 25-20 MC G7S P1.25 MKM', '0.00', 0, '0', '', 1, 0, 0, 0),
(14000060, 'FB 10 X 30-20 MC G7S P1.25 MKM', '0.00', 0, '0', '', 1, 0, 0, 0),
(14000061, 'FB 8 X 10 UC G7 K10 KMI', '0.00', 0, '0', '', 1, 0, 0, 0),
(14000062, 'FB 8 X 45-40 MC G7 YDI', '0.00', 0, '0', '', 1, 0, 0, 0),
(14000063, 'FB 8 X 35 NC 7T K10 KMI', '0.00', 0, '0', '', 1, 0, 0, 0),
(14000064, 'FB 6 X 12 MC MIT', '0.00', 0, '0', '', 1, 0, 0, 0),
(14000065, 'FB 6 X 16 MC  G7 YDI', '0.00', 0, '0', '', 1, 0, 0, 0),
(14000066, 'FB 6 X 20 MC G7 YDI', '0.00', 0, '0', '', 1, 0, 0, 0),
(14000067, 'FB 6 X 22-18 MC G7 YDI', '0.00', 0, '0', '', 1, 0, 0, 0),
(14000068, 'FB 6 X 28-18 MC G7 YDI', '0.00', 0, '0', '', 1, 0, 0, 0),
(14000069, 'FB 6 X 30-18 MC G7 YDI', '0.00', 0, '0', '', 1, 0, 0, 0),
(14000071, 'FB 6 X 60-18 MC G7 YDI', '0.00', 0, '0', '', 1, 0, 0, 0),
(14000072, 'FB 6 X 70-18 MC G7 YDI', '0.00', 0, '0', '', 1, 0, 0, 0),
(14000073, 'FB 8 X 10 MC G7 YDI', '0.00', 0, '0', '', 1, 0, 0, 0),
(14000074, 'FB 8 X 12 MC G7  YDI', '0.00', 0, '0', '', 1, 0, 0, 0),
(14000075, 'FB 8 X 14 MC G7 YDI', '0.00', 0, '0', '', 1, 0, 0, 0),
(14000076, 'FB 8 X 16 MC G7 YDI', '0.00', 0, '0', '', 1, 0, 0, 0),
(14000077, 'FB 8 X 18 MC G7 YDI', '0.00', 0, '0', '', 1, 0, 0, 0),
(14000078, 'FB 8 X 20 MC G7 YDI', '0.00', 0, '0', '', 1, 0, 0, 0),
(14000079, 'FB 8 X 22 MC G7 YDI', '0.00', 0, '0', '', 1, 0, 0, 0),
(14000080, 'FB 8 X 25 MC G7 YDI', '0.00', 0, '0', '', 1, 0, 0, 0),
(14000081, 'FB 8 X 30-22 MC G7 YDI', '0.00', 0, '0', '', 1, 0, 0, 0),
(14000082, 'FB 8 X 35-22 MC G7 YDI', '0.00', 0, '0', '', 1, 0, 0, 0),
(14000083, 'FB 8 X 40-22 MC G7 YDI', '0.00', 0, '0', '', 1, 0, 0, 0),
(14000084, 'FB 8 X 60-22 MC G7 YDI', '0.00', 0, '0', '', 1, 0, 0, 0),
(14000085, 'FB 8 X 65-22 MC G7 YDI', '0.00', 0, '0', '', 1, 0, 0, 0),
(14000086, 'FB 8 X 70-22 MC G7 YDI', '0.00', 0, '0', '', 1, 0, 0, 0),
(14000087, 'FB 8 X 75-22 MC G7 YDI', '0.00', 0, '0', '', 1, 0, 0, 0),
(14000088, 'FB 10 X 16 MC G4S P1.25 MKM', '0.00', 0, '0', '', 1, 0, 0, 0),
(14000090, 'FB 10 X 40-20 MC G7S P1.25 MKM', '0.00', 0, '0', '', 1, 0, 0, 0),
(14000091, 'FB 6 X 12 MC G7 MKM', '0.00', 0, '0', '', 1, 0, 0, 0),
(14000093, 'FB 8 X 32-18 MC G7 MKM', '0.00', 0, '0', '', 1, 0, 0, 0),
(14000094, 'FB 8 X 35-18 MC G4 MKM', '0.00', 0, '0', '', 1, 0, 0, 0),
(14000095, 'FB 8 X 50-18 MC G4 MKM', '0.00', 0, '0', '', 1, 0, 0, 0),
(14000096, 'FB 8 X 80-18 MC G7 MKM', '0.00', 0, '0', '', 1, 0, 0, 0),
(14000097, 'FB 8 X 90-18 MC G7 MKM', '0.00', 0, '0', '', 1, 0, 0, 0),
(14000098, 'FB 6 X 12 GR 4T 20C YIM', '0.00', 0, '0', '', 1, 0, 0, 0),
(14000099, 'FB 8 X 10 MC G7 MKM', '0.00', 0, '0', '', 1, 0, 0, 0),
(14000100, 'FB 8 X 38-18 MC G7 MKM', '0.00', 0, '0', '', 1, 0, 0, 0),
(14000101, 'FB 6 X 55-18 MC G7 YDI', '0.00', 0, '0', '', 1, 0, 0, 0),
(14000102, 'FB 8 X 30-18 MC G8 MKM', '0.00', 0, '0', '', 1, 0, 0, 0),
(14000103, 'FB 6 X 14 UC G7 K8 KMI', '0.00', 0, '0', '', 1, 0, 0, 0),
(14000104, 'FB 6 X 14 ZK G7 K8 KMI', '0.00', 0, '0', '', 1, 0, 0, 0),
(14000105, 'FB 6 X 20 ZK G7 K8 KMI', '0.00', 0, '0', '', 1, 0, 0, 0),
(14000106, 'FB 6 X 35-18 UC 7T K8 KMI', '0.00', 0, '0', '', 1, 0, 0, 0),
(14000107, 'FB 6 X 50-18 UC 7T K8 KMI', '0.00', 0, '0', '', 1, 0, 0, 0),
(14000108, 'FB 6 X 60-18 UC G7 K8 KMI', '0.00', 0, '0', '', 1, 0, 0, 0),
(14000109, 'FB 6 X 65-18 UC 7T K8 KMI', '0.00', 0, '0', '', 1, 0, 0, 0),
(14000110, 'FB 6 X 70-18 UC 7T K8 KMI', '0.00', 0, '0', '', 1, 0, 0, 0),
(14000111, 'FB 6 X 75-18 UC 7T K8 KMI', '0.00', 0, '0', '', 1, 0, 0, 0),
(14000112, 'FB 6 X 40-18 UC 7T K8 KMI', '0.00', 0, '0', '', 1, 0, 0, 0),
(14000113, 'FB 8 X 18 MC G4  MKM', '0.00', 0, '0', '', 1, 0, 0, 0),
(14000114, 'FB 6 X 50-16 MC G7 MKM', '0.00', 0, '0', '', 1, 0, 0, 0),
(14000115, 'FB 8 X 65-18 MC G7 MKM', '0.00', 0, '0', '', 1, 0, 0, 0),
(14000116, 'FB 10 X 16 MC G7 P1.5 YDI', '0.00', 0, '0', '', 1, 0, 0, 0),
(14000117, 'FB 10 X 20 MC G7 P1.5 YDI', '0.00', 0, '0', '', 1, 0, 0, 0),
(14000118, 'FB 10 X 25 MC G7 P1.5 YDI', '0.00', 0, '0', '', 1, 0, 0, 0),
(14000119, 'FB 10 X 40-26 MC G7 P1.5 YDI', '0.00', 0, '0', '', 1, 0, 0, 0),
(14000120, 'FB 10 X 50-26 MC G7 K14 P1.5 YDI', '0.00', 0, '0', '', 1, 0, 0, 0),
(14000121, 'FB 10 X 80-26 MC G7 P1.5 YDI', '0.00', 0, '0', '', 1, 0, 0, 0),
(14000122, 'FB 6 X 12 ZK G7 K8 KMI', '0.00', 0, '0', '', 1, 0, 0, 0),
(14000123, 'FB 8 X 30 NC 7T K10 KMI', '0.00', 0, '0', '', 1, 0, 0, 0),
(14000124, 'FB 10 X 14 MC G7 P1.5 YDI', '0.00', 0, '0', '', 1, 0, 0, 0),
(14000125, 'FB 6 X 10 GR G7 K10', '0.00', 0, '0', '', 1, 0, 0, 0),
(14000126, 'FB 8 X M8X115-20 GR G8 UT', '0.00', 0, '0', '', 1, 0, 0, 0),
(14000127, 'FB 6 X 10 NC 7T K8 KMI', '0.00', 0, '0', '', 1, 0, 0, 0),
(14000128, 'FB 10 X 28 MC G7 P1.5 YDI', '0.00', 0, '0', '', 1, 0, 0, 0),
(14000129, 'FB 10 X 60-26 MC G7 P1.5  YDI', '0.00', 0, '0', '', 1, 0, 0, 0),
(14000130, 'FB 8 X 20 GR - 9.8T K12 D24', '0.00', 0, '0', '', 1, 0, 0, 0),
(14000131, 'FB 6 X 12 GR 7T K8 IMI', '0.00', 0, '0', '', 1, 0, 0, 0),
(14000132, 'FB 6 X 25 GR 7T K8 IMI', '0.00', 0, '0', '', 1, 0, 0, 0),
(14000133, 'FB 6 X 8 ZK 7T K8 KMI', '0.00', 0, '0', '', 1, 0, 0, 0),
(14000134, 'FB 6 X 10 GR 7T K8 IS2', '0.00', 0, '0', '', 1, 0, 0, 0),
(14000135, 'FB 6 X 12 GR G7 K10 IS2', '0.00', 0, '0', '', 1, 0, 0, 0),
(14000136, 'FB 6 X 20 GR 7T K10 IS2', '0.00', 0, '0', '', 1, 0, 0, 0),
(14000137, 'FB 6 X 32-18 MC G7 YDI', '0.00', 0, '0', '', 1, 0, 0, 0),
(14000138, 'FB 10 X 22 MC G7 P1.5 YDI', '0.00', 0, '0', '', 1, 0, 0, 0),
(14000139, 'FB 8 X 12 GR G7 IS2', '0.00', 0, '0', '', 1, 0, 0, 0),
(14000140, 'FB 10 X 55-20 MC G7S P1.25 MKM', '0.00', 0, '0', '', 1, 0, 0, 0),
(14000141, 'FB 6 X 55-18 GR 7T K8 IS2', '0.00', 0, '0', '', 1, 0, 0, 0),
(14000142, 'FB 6 X 65-18 GR 7T K8 IS2', '0.00', 0, '0', '', 1, 0, 0, 0),
(14000143, 'FB 6 X 35-18 GR 7T K8 IS2', '0.00', 0, '0', '', 1, 0, 0, 0),
(14000144, 'FB 6 X 12 MC3 10.9T K8 SCI', '0.00', 0, '0', '', 1, 0, 0, 0),
(14000145, 'FB 10 X 25 GR P1.25 ISC', '0.00', 0, '0', '', 1, 0, 0, 0),
(14000146, 'FB 10 X 25-20 MC G4S P1.25 MKM', '0.00', 0, '0', '', 1, 0, 0, 0),
(14000147, 'FB 6 X 30-18 NC 7T K8 IS2', '0.00', 0, '0', '', 1, 0, 0, 0),
(14000148, 'FB 10 X 38-26 MC G7 P1.5 YDI', '0.00', 0, '0', '', 1, 0, 0, 0),
(14000149, 'FB 8 X 50-22 MC G7 YDI', '0.00', 0, '0', '', 1, 0, 0, 0),
(14000150, 'FB 10 X 30-20 MC G8S P1.25 MKM', '0.00', 0, '0', '', 1, 0, 0, 0),
(14000151, 'FB 10 X 40-20 MC G8S P1.25 MKM', '0.00', 0, '0', '', 1, 0, 0, 0),
(14000152, 'FB 6 X 10 ZK 7T K8 KMI', '0.00', 0, '0', '', 1, 0, 0, 0),
(14000153, 'FB 8 X 85-18 MC G7 MKM', '0.00', 0, '0', '', 1, 0, 0, 0),
(14000154, 'FB 10 X 75-26 MC G7 P1.5 YDI', '0.00', 0, '0', '', 1, 0, 0, 0),
(14000155, 'FB 6 X 25 NC 7T K8 IS2', '0.00', 0, '0', '', 1, 0, 0, 0),
(14000156, 'FB 10 X 45-26 MC G7 K14 P1.5 YDI', '0.00', 0, '0', '', 1, 0, 0, 0),
(14000157, 'FB 6 X 12 EB 7T K8 IS2', '0.00', 0, '0', '', 1, 0, 0, 0),
(14000158, 'FB 6 X 16 EB 7T K8 IS2', '0.00', 0, '0', '', 1, 0, 0, 0),
(14000159, 'FB 6 X 20 EB 7T K8 IS2', '0.00', 0, '0', '', 1, 0, 0, 0),
(14000160, 'FB 6 X 20 MC3 7T K8 IS2', '0.00', 0, '0', '', 1, 0, 0, 0),
(14000161, 'FB 6 X 25 EB 7T K8 IS2', '0.00', 0, '0', '', 1, 0, 0, 0),
(14000162, 'FB 6 X 25 MC3 7T K8 IS2', '0.00', 0, '0', '', 1, 0, 0, 0),
(14000163, 'FB 6 X 30-18 MC3 7T K8 IS2', '0.00', 0, '0', '', 1, 0, 0, 0),
(14000164, 'FB 6 X 35-18 EB 7T K8 IS2', '0.00', 0, '0', '', 1, 0, 0, 0),
(14000165, 'FB 6 X 35-18 MC3 7T K8 IS2', '0.00', 0, '0', '', 1, 0, 0, 0),
(14000166, 'FB 6 X 40-18 MC3 7T K8 IS2', '0.00', 0, '0', '', 1, 0, 0, 0),
(14000167, 'FB 6 X 50-18 EB 7T K8 IS2', '0.00', 0, '0', '', 1, 0, 0, 0),
(14000168, 'FB 6 X 55-18 NC 7T K8 IS2', '0.00', 0, '0', '', 1, 0, 0, 0),
(14000169, 'FB 6 X 65-18 EB 7T K8 IS2', '0.00', 0, '0', '', 1, 0, 0, 0),
(14000170, 'FB 6 X 70-18 MC3 7T K8 IS2', '0.00', 0, '0', '', 1, 0, 0, 0),
(14000171, 'FB 6 X 75-18 EB 7T K8 IS2', '0.00', 0, '0', '', 1, 0, 0, 0),
(14000172, 'FB 8 X 12 EB G7 IS2', '0.00', 0, '0', '', 1, 0, 0, 0),
(14000173, 'FB 8 X 12 MC3 G7 IS2', '0.00', 0, '0', '', 1, 0, 0, 0),
(14000174, 'FB 10 X 25 EB UT P1.25 IS2', '0.00', 0, '0', '', 1, 0, 0, 0),
(14000175, 'FB 8 X 50-18 MC G7 MKM', '0.00', 0, '0', '', 1, 0, 0, 0),
(14000176, 'FB 10 X 20 MC G7S P1.25 MKM', '0.00', 0, '0', '', 1, 0, 0, 0),
(14000177, 'FB 8 X 110-18 MC G7 MKM', '0.00', 0, '0', '', 1, 0, 0, 0),
(14000178, 'FB 6 X 12 MC3 G7 K10 IS2', '0.00', 0, '0', '', 1, 0, 0, 0),
(14000179, 'FB 5 X 22-16A EB 6.8T K8', '0.00', 0, '0', '', 1, 0, 0, 0),
(14000180, 'FB 10 X 32-26 MC G7 P1.5 YDI', '0.00', 0, '0', '', 1, 0, 0, 0),
(14000181, 'FB 10 X 12 MC 4T K12 P1.25 IS2', '0.00', 0, '0', '', 1, 0, 0, 0),
(14000182, 'FB 10 X 60-20 MC G7S P1.25 MKM', '0.00', 0, '0', '', 1, 0, 0, 0),
(14000183, 'FB 10 X 25 MC3 UT P1.25 IS2', '0.00', 0, '0', '', 1, 0, 0, 0),
(14000184, 'FB 8 X 30-22 EB G7 IS2', '0.00', 0, '0', '', 1, 0, 0, 0),
(14000185, 'FB 6 X 16 ZK G7 K10 SAN', '0.00', 0, '0', '', 1, 0, 0, 0),
(14000186, 'FB 8 X 16 MC3 4T IS2', '0.00', 0, '0', '', 1, 0, 0, 0),
(14000187, 'FB 6 X 10 EB 7T K8 IS2', '0.00', 0, '0', '', 1, 0, 0, 0),
(14000188, 'FB 6 X 16 MC3 7T K8 IS2', '0.00', 0, '0', '', 1, 0, 0, 0),
(14000189, 'FB 6 X 25-18 UC G7 K8 KMI', '0.00', 0, '0', '', 1, 0, 0, 0),
(14000190, 'FB 6 X 30-18 EB 7T K8 IS2', '0.00', 0, '0', '', 1, 0, 0, 0),
(14000191, 'FB 8 X 25 EB G7 IS2', '0.00', 0, '0', '', 1, 0, 0, 0),
(14000192, 'FB 6 X 55-18 EB 7T K8 IS2', '0.00', 0, '0', '', 1, 0, 0, 0),
(14000193, 'FB 6 X 60-18 EB 7T K8 IS2', '0.00', 0, '0', '', 1, 0, 0, 0),
(14000194, 'FB 6 X 65-18 MC3 7T K8 IS2', '0.00', 0, '0', '', 1, 0, 0, 0),
(14000195, 'FB 6 X 12 EB G7 K10 IS2', '0.00', 0, '0', '', 1, 0, 0, 0),
(14000196, 'FB 10 X 25-20A MC G7S P1.25 ISZ', '0.00', 0, '0', '', 1, 0, 0, 0),
(14000197, 'FB 6 X 12 MC3 + 6.8T K10 C/3 IS4', '0.00', 0, '0', '', 1, 0, 0, 0),
(14000198, 'FB 6 X 16 MC3 G7S K10 IS4', '0.00', 0, '0', '', 1, 0, 0, 0),
(14000199, 'FB 6 X 30-18 MC3 G7S K10 IS4', '0.00', 0, '0', '', 1, 0, 0, 0),
(14000200, 'FB 6 X 40-25 MC3 + 6.8T K10 C/3 IS4', '0.00', 0, '0', '', 1, 0, 0, 0),
(14000201, 'FB 10 X M10X100-30 GR G8 UT  P1.25', '0.00', 0, '0', '', 1, 0, 0, 0),
(14000202, 'FB 10 X M10X39-13.5 GR G9.8 UT  P1.25', '0.00', 0, '0', '', 1, 0, 0, 0),
(14000203, 'FB 6 X 20-16 UC G7 DPM', '0.00', 0, '0', '', 1, 0, 0, 0),
(14000204, 'FB 6 X 25-18 UC 7T K8 YIMM', '0.00', 0, '0', '', 1, 0, 0, 0),
(14000205, 'FB 5 X 40-15 NI G4 K8', '0.00', 0, '0', '', 1, 0, 0, 0),
(14000206, 'FB 10 X M10X120-15 ZK G9 LT UT   P1.25', '0.00', 0, '0', '', 1, 0, 0, 0),
(14000207, 'FB 10 X M10X110-20 UC G9 LT UT  P1.25', '0.00', 0, '0', '', 1, 0, 0, 0),
(14000208, 'FB 6 X 20-16 NI G4 K10 SPP', '0.00', 0, '0', '', 1, 0, 0, 0),
(14000209, 'FB 6 X 35-18 NI G4 K10 SPP', '0.00', 0, '0', '', 1, 0, 0, 0),
(14000210, 'FB 6 X 12 MC3 7T K8 IS2', '0.00', 0, '0', '', 1, 0, 0, 0),
(14000211, 'FB 6 X 40-18 EB 7T K8 IS2', '0.00', 0, '0', '', 1, 0, 0, 0),
(14000212, 'FB 8 X 45-22 MC G7 YDI', '0.00', 0, '0', '', 1, 0, 0, 0),
(14000213, 'FB 10 X M10X110-20 MC3 G9 LT UT  P1.25', '0.00', 0, '0', '', 1, 0, 0, 0),
(14000214, 'FB 10 X M10X120-15 EB G9 LT UT  P1.25', '0.00', 0, '0', '', 1, 0, 0, 0),
(14000215, 'FB 6 X 10 MC3 6.8T K10 IS2', '0.00', 0, '0', '', 1, 0, 0, 0),
(14000216, 'FB 6 X 25 GR 7T UT K8 IMI', '0.00', 0, '0', '', 1, 0, 0, 0),
(14000217, 'FB 6 X 10 MC3 7T K8 IS2', '0.00', 0, '0', '', 1, 0, 0, 0),
(14000218, 'FB 6 X 12 MC3 7T K10 TB', '0.00', 0, '0', '', 1, 0, 0, 0),
(14000219, 'FB 8 X 45-22 GR 7T YIMM', '0.00', 0, '0', '', 1, 0, 0, 0),
(14000220, 'FB 10 X M10X32-14 GR 5.8T UT  P1.25', '0.00', 0, '0', '', 1, 0, 0, 0),
(14000221, 'FB 6 X 55-18 MC3 7T K8 IS2', '0.00', 0, '0', '', 1, 0, 0, 0),
(14000222, 'FB 6 X 20 NC 7T K8 KMI', '0.00', 0, '0', '', 1, 0, 0, 0),
(14000223, 'FB 6 X 10 MC3 G7 YDI', '0.00', 0, '0', '', 1, 0, 0, 0),
(14000224, 'FB 6 X 12 MC3 G7 YDI', '0.00', 0, '0', '', 1, 0, 0, 0),
(14000225, 'FB 6 X 22-18 MC3 G7 YDI', '0.00', 0, '0', '', 1, 0, 0, 0),
(14000226, 'FB 6 X 25-18 MC3 G7 K10 YDI', '0.00', 0, '0', '', 1, 0, 0, 0),
(14000227, 'FB 6 X 65-18 MC3 G7 YDI', '0.00', 0, '0', '', 1, 0, 0, 0),
(14000228, 'FB 8 X 22 MC3 G7 YDI', '0.00', 0, '0', '', 1, 0, 0, 0),
(14000229, 'FB 8 X 30-22 MC3 G7 YDI', '0.00', 0, '0', '', 1, 0, 0, 0),
(14000230, 'FB 8 X 35-22 MC3 G7 YDI', '0.00', 0, '0', '', 1, 0, 0, 0),
(14000231, 'FB 10 X 16 MC3 G7 P1.5 YDI', '0.00', 0, '0', '', 1, 0, 0, 0),
(14000232, 'FB 10 X M10X95-15 ZN G7 UT  P1.25', '0.00', 0, '0', '', 1, 0, 0, 0),
(14000233, 'FB 6 X 40-18 NC 7T K8 IS2', '0.00', 0, '0', '', 1, 0, 0, 0),
(14000234, 'FB 6 X 70-18 EB 7T K8 IS2', '0.00', 0, '0', '', 1, 0, 0, 0),
(14000235, 'FB 6 X 20 MC3 G7 YDI', '0.00', 0, '0', '', 1, 0, 0, 0),
(14000236, 'FB 8 X 12 MC3 G7 YDI', '0.00', 0, '0', '', 1, 0, 0, 0),
(14000237, 'FB 8 X 16 MC3 G7 YDI', '0.00', 0, '0', '', 1, 0, 0, 0),
(14000238, 'FB 8 X 18 MC3 G7 YDI', '0.00', 0, '0', '', 1, 0, 0, 0),
(14000239, 'FB 8 X 20 MC3 G7 YDI', '0.00', 0, '0', '', 1, 0, 0, 0),
(14000240, 'FB 8 X 60-22 MC3 G7 YDI', '0.00', 0, '0', '', 1, 0, 0, 0),
(14000241, 'FB 8 X 75-22 MC3 G7 YDI', '0.00', 0, '0', '', 1, 0, 0, 0),
(14000242, 'FB 10 X 20 MC3 G7 P1.5 YDI', '0.00', 0, '0', '', 1, 0, 0, 0),
(14000243, 'FB 10 X 25 MC3 G7 P1.5 YDI', '0.00', 0, '0', '', 1, 0, 0, 0),
(14000244, 'FB 10 X 28 MC3 G7 K14 P1.5 YDI', '0.00', 0, '0', '', 1, 0, 0, 0),
(14000245, 'FB 10 X 32-26 MC3 G7 P1.5 YDI', '0.00', 0, '0', '', 1, 0, 0, 0),
(14000246, 'FB 10 X 60-26 MC3 G7 P1.5 YDI', '0.00', 0, '0', '', 1, 0, 0, 0),
(14000247, 'FB 10 X 22 MC3 G7 P1.5 YDI', '0.00', 0, '0', '', 1, 0, 0, 0),
(14000248, 'FB 6 X 16 MC3 G7 YDI', '0.00', 0, '0', '', 1, 0, 0, 0),
(14000249, 'FB 8 X 14 MC3 G7 YDI', '0.00', 0, '0', '', 1, 0, 0, 0),
(14000250, 'FB 8 X 40-22 MC3 G7 YDI', '0.00', 0, '0', '', 1, 0, 0, 0),
(14000251, 'FB 6 X 8 EB 7T K8 KMI', '0.00', 0, '0', '', 1, 0, 0, 0),
(14000252, 'FB 6 X 14 EB 7T K8 KMI', '0.00', 0, '0', '', 1, 0, 0, 0),
(14000253, 'FB 6 X 14 MC3 7T K8 KMI', '0.00', 0, '0', '', 1, 0, 0, 0),
(14000254, 'FB 6 X 20 EB 7T K8 KMI', '0.00', 0, '0', '', 1, 0, 0, 0),
(14000255, 'FB 6 X 35-18 MC3 7T K8 KMI', '0.00', 0, '0', '', 1, 0, 0, 0),
(14000256, 'FB 6 X 40-18 MC3 7T K8 KMI', '0.00', 0, '0', '', 1, 0, 0, 0),
(14000257, 'FB 6 X 50-18 MC3 7T K8 KMI', '0.00', 0, '0', '', 1, 0, 0, 0),
(14000258, 'FB 6 X 60-18 MC3 7T K8 KMI', '0.00', 0, '0', '', 1, 0, 0, 0),
(14000259, 'FB 6 X 65-18 MC3 7T K8 KMI', '0.00', 0, '0', '', 1, 0, 0, 0),
(14000260, 'FB 6 X 70-18 MC3 7T K8 KMI', '0.00', 0, '0', '', 1, 0, 0, 0),
(14000261, 'FB 6 X 75-18 MC3 7T K8 KMI', '0.00', 0, '0', '', 1, 0, 0, 0),
(14000262, 'FB 8 X 10 MC3 7T K10 KMI', '0.00', 0, '0', '', 1, 0, 0, 0),
(14000263, 'FB 6 X 22 MC3 7T K8 KMI', '0.00', 0, '0', '', 1, 0, 0, 0),
(14000264, 'FB 6 X 10 EB 7T K8 KMI', '0.00', 0, '0', '', 1, 0, 0, 0),
(14000265, 'FB 6 X 12 EB 7T K8 KMI', '0.00', 0, '0', '', 1, 0, 0, 0),
(14000266, 'FB 6 X 12 ZK UT G7 K10 HMMI', '0.00', 0, '0', '', 1, 0, 0, 0),
(14000267, 'FB 10 X 85-20 MC G7 P1.25 MKM', '0.00', 0, '0', '', 1, 0, 0, 0),
(14000268, 'FB 10 X 40-26 MC3 G7 P1.5 YDI', '0.00', 0, '0', '', 1, 0, 0, 0),
(14000269, 'FB 10 X 80-26 MC3 G7 P1.5 YDI', '0.00', 0, '0', '', 1, 0, 0, 0),
(14000270, 'FB 6 X 60-18 MC3 G7 YDI', '0.00', 0, '0', '', 1, 0, 0, 0),
(14000271, 'FB 8 X 25 MC3 G7 YDI', '0.00', 0, '0', '', 1, 0, 0, 0),
(14000272, 'FB 6 X 60-18 MC3 7T K8 IS2', '0.00', 0, '0', '', 1, 0, 0, 0),
(14000273, 'FB 6 X 75-18 MC3 7T K8 IS2', '0.00', 0, '0', '', 1, 0, 0, 0),
(14000274, 'FB 8 X 35 MC3 7T K10 KMI', '0.00', 0, '0', '', 1, 0, 0, 0),
(14000275, 'FB 10 X 16 MC3 G4S P1.25 MKM', '0.00', 0, '0', '', 1, 0, 0, 0),
(14000276, 'FB 10 X 20 MC3 G7S P1.25 MKM', '0.00', 0, '0', '', 1, 0, 0, 0),
(14000277, 'FB 10 X 25-20 MC3 G4S P1.25 MKM', '0.00', 0, '0', '', 1, 0, 0, 0),
(14000278, 'FB 10 X 25-20 MC3 G7S P1.25 MKM', '0.00', 0, '0', '', 1, 0, 0, 0),
(14000279, 'FB 10 X 30-20 MC3 G7S P1.25 MKM', '0.00', 0, '0', '', 1, 0, 0, 0),
(14000280, 'FB 10 X 55-20 MC3 G7S P1.25 MKM', '0.00', 0, '0', '', 1, 0, 0, 0),
(14000281, 'FB 10 X 60-20 MC3 G7S P1.25 MKM', '0.00', 0, '0', '', 1, 0, 0, 0),
(14000282, 'FB 6 X 20-16 MC3 G7 MKM', '0.00', 0, '0', '', 1, 0, 0, 0),
(14000283, 'FB 6 X 22-16 MC3 G7 MKM', '0.00', 0, '0', '', 1, 0, 0, 0),
(14000284, 'FB 6 X 50-16 MC3 G7 MKM', '0.00', 0, '0', '', 1, 0, 0, 0),
(14000285, 'FB 8 X 12 MC3 G4 MKM', '0.00', 0, '0', '', 1, 0, 0, 0),
(14000286, 'FB 8 X 12 MC3 G7 MKM', '0.00', 0, '0', '', 1, 0, 0, 0),
(14000287, 'FB 8 X 16 MC3 G4 MKM', '0.00', 0, '0', '', 1, 0, 0, 0),
(14000288, 'FB 8 X 16 MC3 G7 MKM', '0.00', 0, '0', '', 1, 0, 0, 0),
(14000289, 'FB 8 X 18 MC3 G7 MKM', '0.00', 0, '0', '', 1, 0, 0, 0),
(14000290, 'FB 8 X 20-18 MC3 G7 MKM', '0.00', 0, '0', '', 1, 0, 0, 0),
(14000291, 'FB 8 X 22-18 MC3 G4 MKM', '0.00', 0, '0', '', 1, 0, 0, 0),
(14000292, 'FB 8 X 25-18 MC3 G7 MKM', '0.00', 0, '0', '', 1, 0, 0, 0),
(14000293, 'FB 8 X 30-18 MC3 G7 MKM', '0.00', 0, '0', '', 1, 0, 0, 0),
(14000294, 'FB 8 X 35-18 MC3 G4 MKM', '0.00', 0, '0', '', 1, 0, 0, 0),
(14000295, 'FB 8 X 38-18 MC3 G7 MKM', '0.00', 0, '0', '', 1, 0, 0, 0),
(14000296, 'FB 8 X 40-18 MC3 G4 MKM', '0.00', 0, '0', '', 1, 0, 0, 0),
(14000297, 'FB 8 X 40-18 MC3 G7 MKM', '0.00', 0, '0', '', 1, 0, 0, 0),
(14000298, 'FB 8 X 50-18 MC3 G4 MKM', '0.00', 0, '0', '', 1, 0, 0, 0),
(14000299, 'FB 8 X 50-18 MC3 G8 MKM', '0.00', 0, '0', '', 1, 0, 0, 0),
(14000300, 'FB 8 X 55-18 MC3 G4 MKM', '0.00', 0, '0', '', 1, 0, 0, 0),
(14000301, 'FB 8 X 55-18 MC3 G7 MKM', '0.00', 0, '0', '', 1, 0, 0, 0),
(14000302, 'FB 8 X 60-18 MC3 G7 MKM', '0.00', 0, '0', '', 1, 0, 0, 0),
(14000303, 'FB 8 X 65-18 MC3 G4  MKM', '0.00', 0, '0', '', 1, 0, 0, 0),
(14000304, 'FB 8 X 70-18 MC3 G7 MKM', '0.00', 0, '0', '', 1, 0, 0, 0),
(14000305, 'FB 8 X 75-18 MC3 G7 MKM', '0.00', 0, '0', '', 1, 0, 0, 0),
(14000306, 'FB 8 X 85-18 MC3 G7 MKM', '0.00', 0, '0', '', 1, 0, 0, 0),
(14000307, 'FB 8 X 70-22 MC3 G7 YDI', '0.00', 0, '0', '', 1, 0, 0, 0),
(14000308, 'FB 10 X 50-26 MC3 G7 K14 P1.5 YDI', '0.00', 0, '0', '', 1, 0, 0, 0),
(14000309, 'FB 8 X 110-18 MC3 G7 MKM', '0.00', 0, '0', '', 1, 0, 0, 0),
(14000310, 'FB 6 X 12 MC3 G7 MKM', '0.00', 0, '0', '', 1, 0, 0, 0),
(14000311, 'FB 8 X 22-18 MC3 G7 MKM', '0.00', 0, '0', '', 1, 0, 0, 0),
(14000312, 'FB 10 X 85-20 MC3 G7 P1.25 MKM', '0.00', 0, '0', '', 1, 0, 0, 0),
(14000313, 'FB 8 X 80-18 MC3 G7 MKM', '0.00', 0, '0', '', 1, 0, 0, 0),
(14000314, 'FB 8 X 50-18 MC3 G7 MKM', '0.00', 0, '0', '', 1, 0, 0, 0),
(14000315, 'FB 6 X 25-18 MC3 G7 K10 MHI', '0.00', 0, '0', '', 1, 0, 0, 0),
(14000316, 'FB 10 X 40-20 MC3 G7S P1.25 MKM', '0.00', 0, '0', '', 1, 0, 0, 0),
(14000317, 'FB 8 X 25-18 MC3 G4 MKM', '0.00', 0, '0', '', 1, 0, 0, 0),
(14000318, 'FB 8 X 45-18 MC3 G7 MKM', '0.00', 0, '0', '', 1, 0, 0, 0),
(14000319, 'FB 8 X 80-18 MC3 G4 MKM', '0.00', 0, '0', '', 1, 0, 0, 0),
(14000320, 'FB 8 X 30-18 MC3 G4 MKM', '0.00', 0, '0', '', 1, 0, 0, 0),
(14000321, 'FB 8 X 90-18 MC3 G7 MKM', '0.00', 0, '0', '', 1, 0, 0, 0),
(14000322, 'FB 6 X 16 MC3 G7 MKM', '0.00', 0, '0', '', 1, 0, 0, 0),
(14000323, 'FB 6 X 10 MC3 G7 MKM', '0.00', 0, '0', '', 1, 0, 0, 0),
(14000324, 'FB 6 X 18-16 MC3 G7 MKM', '0.00', 0, '0', '', 1, 0, 0, 0),
(14000325, 'FB 8 X 14 MC3 G7 MKM', '0.00', 0, '0', '', 1, 0, 0, 0),
(14000326, 'FB 6 X 60-16 MC3 G7 MKM', '0.00', 0, '0', '', 1, 0, 0, 0),
(14000327, 'FB 8 X 35-18 MC3 G7 MKM', '0.00', 0, '0', '', 1, 0, 0, 0),
(14000328, 'FB 6 X 14 MC3 G7 MKM', '0.00', 0, '0', '', 1, 0, 0, 0),
(14000329, 'FB 6 X 25-18 EB 7T K10 MHI', '0.00', 0, '0', '', 1, 0, 0, 0),
(14000330, 'FB 6 X 25-18 MC3 7T K10 MHI', '0.00', 0, '0', '', 1, 0, 0, 0),
(14000331, 'FB 8 X 10 MC3 G7 K12 YDI', '0.00', 0, '0', '', 1, 0, 0, 0),
(14000332, 'FB 8 X 20-18 MC3 G4 MKM', '0.00', 0, '0', '', 1, 0, 0, 0),
(14000334, 'FB 6 X 55-18 MC3 G7 YDI', '0.00', 0, '0', '', 1, 0, 0, 0),
(14000335, 'FB 10 X 14 MC3 G7 P1.5 YDI', '0.00', 0, '0', '', 1, 0, 0, 0),
(14000336, 'FB 5 X 18 MC3 7T K7 TB KMI', '0.00', 0, '0', '', 1, 0, 0, 0),
(14000337, 'FB 6 X 70-18 MC3 G7 YDI', '0.00', 0, '0', '', 1, 0, 0, 0),
(14000338, 'FB 6 X 32-18 MC3 G7 YDI', '0.00', 0, '0', '', 1, 0, 0, 0),
(14000339, 'FB 8 X 45-40 MC3 G7 YDI', '0.00', 0, '0', '', 1, 0, 0, 0),
(14000340, 'FB 6 X 28-18 MC3 G7 YDI', '0.00', 0, '0', '', 1, 0, 0, 0),
(14000341, 'FB 8 X 50-22 MC3 G7 YDI', '0.00', 0, '0', '', 1, 0, 0, 0),
(14000342, 'FB 10 X 75-26 MC3 G7 P1.5 YDI', '0.00', 0, '0', '', 1, 0, 0, 0),
(14000343, 'FB 10 X 45-26 MC3 G7 K14 P1.5 YDI', '0.00', 0, '0', '', 1, 0, 0, 0),
(14000344, 'FB 10 X 38-26 MC3 G7 P1.5 YDI', '0.00', 0, '0', '', 1, 0, 0, 0),
(14000345, 'FB 8 X 65-22 MC3 G7 YDI', '0.00', 0, '0', '', 1, 0, 0, 0),
(14000346, 'FB 6 X 50-18 MC3 7T K8 IS2', '0.00', 0, '0', '', 1, 0, 0, 0),
(14000347, 'FB 6 X 20 CF 9.8T K8 IMI', '0.00', 0, '0', '', 1, 0, 0, 0),
(14000348, 'FB 8 X 25 GR 4T YIMM', '0.00', 0, '0', '', 1, 0, 0, 0),
(14000349, 'FB 8 X 16 MC3 7T K10 KMI', '0.00', 0, '0', '', 1, 0, 0, 0),
(14000350, 'FB 6 X 10 MC3 7T K8 KMI', '0.00', 0, '0', '', 1, 0, 0, 0),
(14000351, 'FB 8 X 28-18 MC3 G4 MKM', '0.00', 0, '0', '', 1, 0, 0, 0),
(14000352, 'FB 6 X 16 MC3 7T K8 KMI', '0.00', 0, '0', '', 1, 0, 0, 0),
(14000353, 'FB 8 X 40-18 MC3 G7 AJC', '0.00', 0, '0', '', 1, 0, 0, 0),
(14000354, 'FB 6 X 16 EB G7 K10 SAN', '0.00', 0, '0', '', 1, 0, 0, 0),
(14000355, 'FB 6 X 12 EB 7T K8 IMI', '0.00', 0, '0', '', 1, 0, 0, 0),
(14000356, 'FB 8 X 40-22 CF 7T K10 YIMM', '0.00', 0, '0', '', 1, 0, 0, 0),
(14000357, 'FB 8 X 35 CF 7T K10 YIMM', '0.00', 0, '0', '', 1, 0, 0, 0),
(14000358, 'FB 6 X 20 EB G7 TKG', '0.00', 0, '0', '', 1, 0, 0, 0),
(14000359, 'FB 6 X 25-18 MC3 7T K10 IS2', '0.00', 0, '0', '', 1, 0, 0, 0),
(14000360, 'FB 8 X 25 MC3 7T IS2', '0.00', 0, '0', '', 1, 0, 0, 0),
(14000361, 'FB 12 X M12X254-22 MC3 8.8 UT P1.25 IS2', '0.00', 0, '0', '', 1, 0, 0, 0),
(14000362, 'FB 6 X 25 EB 7T K8 IMI', '0.00', 0, '0', '', 1, 0, 0, 0),
(14000363, 'FB 10 X 25 MC3 G7 P1.25 KBT', '0.00', 0, '0', '', 1, 0, 0, 0),
(14000364, 'FB 10 X 22 MC3 G7 P1.25 KBT', '0.00', 0, '0', '', 1, 0, 0, 0),
(14000365, 'FB 10 X 30-26 MC3 G7 P1.25 KBT', '0.00', 0, '0', '', 1, 0, 0, 0),
(14000366, 'FB 8 X 30-18 MC3 G8 MKM', '0.00', 0, '0', '', 1, 0, 0, 0),
(14000367, 'FB 10 X 70-30 CF G8 UT P1.25', '0.00', 0, '0', '', 1, 0, 0, 0),
(14000368, 'FB 10 X 40-26 MC3 7T UT P1.25 IS2', '0.00', 0, '0', '', 1, 0, 0, 0),
(14000369, 'FB 10 X M10X76.5-15 CF 8.8 TB 2481', '0.00', 0, '0', '', 1, 0, 0, 0),
(14000370, 'FB 6 X 95-18 MC3 7T K8', '0.00', 0, '0', '', 1, 0, 0, 0),
(14000371, 'FB 9.5 X M10X35-26 CF G11 UT P1.25', '0.00', 0, '0', '', 1, 0, 0, 0),
(14000372, 'FB 8 X 20 CF G6', '0.00', 0, '0', '', 1, 0, 0, 0),
(14000373, 'FB 8 X 50-22 MC3 G9', '0.00', 0, '0', '', 1, 0, 0, 0),
(14000374, 'FB 11 X M6X36.2-14.5 MC3 8.8 UT K10', '0.00', 0, '0', '', 1, 0, 0, 0),
(14000375, 'FB 8 X 90-22 MC3 G7 YDI', '0.00', 0, '0', '', 1, 0, 0, 0),
(14000376, 'FB 6 X 100-18 EB 7T K8 IS2', '0.00', 0, '0', '', 1, 0, 0, 0),
(14000377, 'FB 6 X 12 CF 20K YIMM', '0.00', 0, '0', '', 1, 0, 0, 0),
(14000378, 'FB 6 X 8 MC3 G7 YDI', '0.00', 0, '0', '', 1, 0, 0, 0),
(14000379, 'FB 8 X 32-22 MC3 G7 YDI', '0.00', 0, '0', '', 1, 0, 0, 0),
(14000380, 'FB 6 X 12 KF 20K YIMM', '0.00', 0, '0', '', 1, 0, 0, 0),
(14000381, 'FB 10 X M10X39-13.5 KF 9.8 UT K14 P1.25', '0.00', 0, '0', '', 1, 0, 0, 0),
(14000382, 'FB 10 X M10X32-14 KF 35K UT K14 P1.25', '0.00', 0, '0', '', 1, 0, 0, 0),
(14000383, 'FB 8 X 25 KF 12A YIMM', '0.00', 0, '0', '', 1, 0, 0, 0),
(14000384, 'FB 8 X 45-22 KF 7T YIMM', '0.00', 0, '0', '', 1, 0, 0, 0),
(14000385, 'FB 6 X 25-18 CF 8.8 K8 YIMM', '0.00', 0, '0', '', 1, 0, 0, 0),
(14000386, 'FB 12 X M12X40-30 MC3 7T P1.25', '0.00', 0, '0', '', 1, 0, 0, 0),
(14000387, 'FB 10 X M10X20-17 MC3 G7 UT K14 P1.25', '0.00', 0, '0', '', 1, 0, 0, 0),
(14000388, 'FB 10 X M8X51.2-10 FE-K 7T', '0.00', 0, '0', '', 1, 0, 0, 0),
(14000389, 'FB 10 X M10X60-20 UC G8.8S P1.25 ISZ', '0.00', 0, '0', '', 1, 0, 0, 0),
(14000390, 'FB 6 X 12 KF 7T K8 IMI', '0.00', 0, '0', '', 1, 0, 0, 0),
(14000391, 'FB 6 X 25 KF 7T K8 IMI', '0.00', 0, '0', '', 1, 0, 0, 0),
(14000392, 'FB 10 X M8X62.4-8 EB 7T TB 2440', '0.00', 0, '0', '', 1, 0, 0, 0),
(14000393, 'FB 8 X M6X41.2-9.5 EB 7T TB2430', '0.00', 0, '0', '', 1, 0, 0, 0),
(14000394, 'FB 10 X M8X46.4-8 EB 7T TB 2440', '0.00', 0, '0', '', 1, 0, 0, 0),
(14000395, 'FB 10 X 50-20 MC G7S P1.25 TBI', '0.00', 0, '0', '', 1, 0, 0, 0),
(14000396, 'FB 6 X 30 MC3 7T K8 KMI', '0.00', 0, '0', '', 1, 0, 0, 0),
(14000397, 'FB 8 X 45-22 CF 7T YIMM', '0.00', 0, '0', '', 1, 0, 0, 0),
(14000398, 'FB 6 X 25-18 CF 7T K10 YIMM', '0.00', 0, '0', '', 1, 0, 0, 0),
(14000399, 'FB 10 X M10X95-15 MC3 G7 UT P1.25', '0.00', 0, '0', '', 1, 0, 0, 0),
(14000400, 'FB 10 X 12 MC3 4T K12 P1.25 IS2', '0.00', 0, '0', '', 1, 0, 0, 0),
(14000401, 'FB 6 X 14 CF 7T K8 IMI', '0.00', 0, '0', '', 1, 0, 0, 0),
(14000402, 'FB 6 X 30 NC 7T K8 KMI', '0.00', 0, '0', '', 1, 0, 0, 0),
(14000403, 'FB 12 X 20 MC3 4T P1.25', '0.00', 0, '0', '', 1, 0, 0, 0),
(14000404, 'FB 6 X 14 CF 7T K10 YIMM', '0.00', 0, '0', '', 1, 0, 0, 0),
(14000405, 'FB 8 X 25 CF 7T YIMM', '0.00', 0, '0', '', 1, 0, 0, 0),
(14000406, 'FB 6 X 14 CF G9 K10 YIMM', '0.00', 0, '0', '', 1, 0, 0, 0),
(14000407, 'FB 8 X 40-22 CF G9 YIMM', '0.00', 0, '0', '', 1, 0, 0, 0),
(14000408, 'FB 10 X M10X39-13.5 CF G9 UT K14 P1.25', '0.00', 0, '0', '', 1, 0, 0, 0),
(14000409, 'FB 6 X 25 CF 7T K8 IMI', '0.00', 0, '0', '', 1, 0, 0, 0),
(14000410, 'FB 6 X 12 CF 7T K8 IMI', '0.00', 0, '0', '', 1, 0, 0, 0),
(14000411, 'FB 6 X 12 MC3 G7 ISZ', '0.00', 0, '0', '', 1, 0, 0, 0),
(14000412, 'FB 8 X 16 MC G7 ISZ', '0.00', 0, '0', '', 1, 0, 0, 0),
(14000413, 'FB 8 X 25-18 MC3 G7 ISZ', '0.00', 0, '0', '', 1, 0, 0, 0),
(14000414, 'FB 10 X 25-20 MC3 G7S P1.25 ISZ', '0.00', 0, '0', '', 1, 0, 0, 0),
(14000415, 'FB SPC 8 X 25 MC3 7T', '0.00', 0, '0', '', 1, 0, 0, 0),
(14000416, 'FB 6 X 10 MC3 G7S K10 IS4', '0.00', 0, '0', '', 1, 0, 0, 0),
(14000417, 'FB 5 X 10 MC3 + 6.8 C/3', '0.00', 0, '0', '', 1, 0, 0, 0),
(14000418, 'FB 6 X 45-18 MC3 7T K8 IS2', '0.00', 0, '0', '', 1, 0, 0, 0),
(14000419, 'FB 10 X 12 MC3 12A K14 P1.25', '0.00', 0, '0', '', 1, 0, 0, 0),
(14000420, 'FB 8 X 20 CF G7 HMMI', '0.00', 0, '0', '', 1, 0, 0, 0),
(14000421, 'FB 10 X M10X32-14 CF 35K UT K14 P1.25', '0.00', 0, '0', '', 1, 0, 0, 0),
(14000422, 'FB 6 X 12 CF 20K', '0.00', 0, '0', '', 1, 0, 0, 0),
(14000423, 'FB 8 X 40-22 CF 7T YIMM', '0.00', 0, '0', '', 1, 0, 0, 0),
(14000424, 'FB 8 X M8X201-24 GM 10.9 UT', '0.00', 0, '0', '', 1, 0, 0, 0),
(14000425, 'FB 8 X 65-22 EB 7T K12 P1.25', '0.00', 0, '0', '', 1, 0, 0, 0),
(14000426, 'FB 6 X 60-18 MC3 9.8 K8 DOT', '0.00', 0, '0', '', 1, 0, 0, 0),
(14000427, 'FB 6 X 20 MC3 7T K8', '0.00', 0, '0', '', 1, 0, 0, 0),
(14000428, 'FB 8 X 23 MC3 9T UT TB2440 LEFT', '0.00', 0, '0', '', 1, 0, 0, 0),
(14000429, 'FB 6 X 55-18 MC3 7T K8 KMI', '0.00', 0, '0', '', 1, 0, 0, 0),
(14000430, 'FB 10 X M10X290-20 MC3 7T UT P1.25', '0.00', 0, '0', '', 1, 0, 0, 0),
(14000431, 'FB 4 X M4X76-13 CF 10.9 UT', '0.00', 0, '0', '', 1, 0, 0, 0),
(14000432, 'FB 7.9 X M8X140-22 KZ UT K12 12.9T', '0.00', 0, '0', '', 1, 0, 0, 0),
(14000433, 'FB 12 X M12X105-20 KF UT 9.8T K17', '0.00', 0, '0', '', 1, 0, 0, 0),
(14000434, 'FB 6 X 12 CF G9 K10 YIMM', '0.00', 0, '0', '', 1, 0, 0, 0),
(14000435, 'FB 14 X 45-38 MC3 UT K19 P1.50 10.9T', '0.00', 0, '0', '', 1, 0, 0, 0),
(14000436, 'FB 10 X M10X240-26 MC3 K14 P1.25 G9', '0.00', 0, '0', '', 1, 0, 0, 0),
(14000437, 'FB 8 X 50-22 MC3 K12 G7S', '0.00', 0, '0', '', 1, 0, 0, 0),
(14000438, 'FB 12 X M12X224-18 MC3 UT K14 P1.25 10.9T', '0.00', 0, '0', '', 1, 0, 0, 0),
(20000001, 'TSAB 3 X 12 ZK', '0.00', 0, '0', '', 1, 0, 0, 0),
(20000002, 'TSAB 3 X 15 ZK', '0.00', 0, '0', '', 1, 0, 0, 0),
(20000003, 'TSAB 3 X 16 ZK', '0.00', 0, '0', '', 1, 0, 0, 0),
(20000004, 'TSAB 3.5 X 10 ZK', '0.00', 0, '0', '', 1, 0, 0, 0),
(20000005, 'TSAB 3.5 X 12 UC', '0.00', 0, '0', '', 1, 0, 0, 0),
(20000006, 'TSAB 3.5 X 14 ZK', '0.00', 0, '0', '', 1, 0, 0, 0),
(20000007, 'TSAB 3.5 X 20 ZK', '0.00', 0, '0', '', 1, 0, 0, 0),
(20000008, 'TSAB 3 X 35-25 MC', '0.00', 0, '0', '', 1, 0, 0, 0),
(20000009, 'TSAB 3 X 35-25 ZK', '0.00', 0, '0', '', 1, 0, 0, 0),
(20000010, 'TSAB 3 X 40-25 MC', '0.00', 0, '0', '', 1, 0, 0, 0),
(20000011, 'TSAB 4 X 10 MC', '0.00', 0, '0', '', 1, 0, 0, 0),
(20000012, 'TSAB 4 X 12 MC', '0.00', 0, '0', '', 1, 0, 0, 0),
(20000013, 'TSAB 4 X 12 ZK', '0.00', 0, '0', '', 1, 0, 0, 0),
(20000014, 'TSAB 4 X 14 ZK', '0.00', 0, '0', '', 1, 0, 0, 0),
(20000015, 'TSAB 4 X 15 MC', '0.00', 0, '0', '', 1, 0, 0, 0),
(20000016, 'TSAB 4 X 15 ZK', '0.00', 0, '0', '', 1, 0, 0, 0),
(20000017, 'TSAB 4 X 16 MC', '0.00', 0, '0', '', 1, 0, 0, 0),
(20000018, 'TSAB 4 X 16 NI', '0.00', 0, '0', '', 1, 0, 0, 0),
(20000019, 'TSAB 4 X 16 UC', '0.00', 0, '0', '', 1, 0, 0, 0),
(20000020, 'TSAB 4 X 16 ZK', '0.00', 0, '0', '', 1, 0, 0, 0),
(20000021, 'TSAB 4 X 18 MC', '0.00', 0, '0', '', 1, 0, 0, 0),
(20000022, 'TSAB 4 X 18 ZK', '0.00', 0, '0', '', 1, 0, 0, 0),
(20000023, 'TSAB 4 X 20 ZK', '0.00', 0, '0', '', 1, 0, 0, 0),
(20000024, 'TSAB 4 X 25 ZK', '0.00', 0, '0', '', 1, 0, 0, 0),
(20000025, 'TSAB 4 X 40 MC', '0.00', 0, '0', '', 1, 0, 0, 0),
(20000026, 'TSAB 4 X 40 ZK', '0.00', 0, '0', '', 1, 0, 0, 0),
(20000027, 'TSABH 5 X 15 BK', '0.00', 0, '0', '', 1, 0, 0, 0),
(20000028, 'TSABP 3 X 16 SUS ?', '0.00', 0, '0', '', 1, 0, 0, 0),
(20000029, 'TSABP 6 X 20 GR', '0.00', 0, '0', '', 1, 0, 0, 0),
(20000030, 'TSAF 3 X 8 ZK', '0.00', 0, '0', '', 1, 0, 0, 0),
(20000031, 'TSAF 3 X 10 UC', '0.00', 0, '0', '', 1, 0, 0, 0),
(20000032, 'TSAF 3 X 10 ZK', '0.00', 0, '0', '', 1, 0, 0, 0),
(20000033, 'TSAF 3 X 12 ZK', '0.00', 0, '0', '', 1, 0, 0, 0),
(20000034, 'TSAF 3 X 20 ZK', '0.00', 0, '0', '', 1, 0, 0, 0),
(20000035, 'TSAF 4 X 12 SUS', '0.00', 0, '0', '', 1, 0, 0, 0),
(20000036, 'TSAF 4 X 12 UC', '0.00', 0, '0', '', 1, 0, 0, 0),
(20000037, 'TSAF 4 X 15 ZK', '0.00', 0, '0', '', 1, 0, 0, 0),
(20000038, 'TSAN 3 X 10 MC D8T0.5', '0.00', 0, '0', '', 1, 0, 0, 0),
(20000039, 'TSAN 4 X 12 MC D10T1', '0.00', 0, '0', '', 1, 0, 0, 0),
(20000040, 'TSAN 4 X 15 MC D10T1', '0.00', 0, '0', '', 1, 0, 0, 0),
(20000041, 'TSAN 4 X 15 ZN', '0.00', 0, '0', '', 1, 0, 0, 0),
(20000042, 'TSAN 5 X 16 ZK D12T0.8', '0.00', 0, '0', '', 1, 0, 0, 0),
(20000043, 'TSAO 3.5 X 16 ZK', '0.00', 0, '0', '', 1, 0, 0, 0),
(20000044, 'TSAO 5 X 16 ZK', '0.00', 0, '0', '', 1, 0, 0, 0);
INSERT INTO `m_item` (`m_item_id`, `m_item_name`, `m_item_net_weight`, `m_item_ext_id`, `m_item_qty_box`, `m_item_note`, `m_item_mark`, `m_item_baking`, `m_item_bom_stat`, `m_item_route_stat`) VALUES
(20000045, 'TSAO 5 X 22 UC', '0.00', 0, '0', '', 1, 0, 0, 0),
(20000046, 'TSAP 3 X 6 MC', '0.00', 0, '0', '', 1, 0, 0, 0),
(20000047, 'TSAP 3 X 8 MC', '0.00', 0, '0', '', 1, 0, 0, 0),
(20000048, 'TSAP 3 X 20 MC', '0.00', 0, '0', '', 1, 0, 0, 0),
(20000049, 'TSAP 3.5 X 6 MC', '0.00', 0, '0', '', 1, 0, 0, 0),
(20000050, 'TSAP 3.5 X 12 MC', '0.00', 0, '0', '', 1, 0, 0, 0),
(20000051, 'TSAP 4 X 12 MC', '0.00', 0, '0', '', 1, 0, 0, 0),
(20000052, 'TSAP 4 X 12 ZK', '0.00', 0, '0', '', 1, 0, 0, 0),
(20000053, 'TSAP 4 X 14 MC', '0.00', 0, '0', '', 1, 0, 0, 0),
(20000054, 'TSAP 4 X 14 ZK', '0.00', 0, '0', '', 1, 0, 0, 0),
(20000055, 'TSAP 4 X 28 MC', '0.00', 0, '0', '', 1, 0, 0, 0),
(20000056, 'TSAP 4 X 30 MC', '0.00', 0, '0', '', 1, 0, 0, 0),
(20000057, 'TSAP 5 X 14 MC', '0.00', 0, '0', '', 1, 0, 0, 0),
(20000058, 'TSAP 5 X 14 UC', '0.00', 0, '0', '', 1, 0, 0, 0),
(20000059, 'TSAP 5 X 20 MC', '0.00', 0, '0', '', 1, 0, 0, 0),
(20000060, 'TSAT 3.5 X 12 ZK', '0.00', 0, '0', '', 1, 0, 0, 0),
(20000061, 'TSAT 3.5 X 16 ZK', '0.00', 0, '0', '', 1, 0, 0, 0),
(20000062, 'TSAT 3.5 X 20 MC', '0.00', 0, '0', '', 1, 0, 0, 0),
(20000063, 'TSAT 4 X 8 MC', '0.00', 0, '0', '', 1, 0, 0, 0),
(20000064, 'TSAT 4 X 8 MC EG', '0.00', 0, '0', '', 1, 0, 0, 0),
(20000065, 'TSAT 4 X 8 MC SB', '0.00', 0, '0', '', 1, 0, 0, 0),
(20000066, 'TSAT 4 X 8 MC SG', '0.00', 0, '0', '', 1, 0, 0, 0),
(20000067, 'TSAT 4 X 8 MC SW', '0.00', 0, '0', '', 1, 0, 0, 0),
(20000068, 'TSAT 4 X 8 MC AB', '0.00', 0, '0', '', 1, 0, 0, 0),
(20000069, 'TSAT 4 X 8 MC CG', '0.00', 0, '0', '', 1, 0, 0, 0),
(20000070, 'TSAT 4 X 8 MC LNG', '0.00', 0, '0', '', 1, 0, 0, 0),
(20000071, 'TSAT 4 X 10 MC', '0.00', 0, '0', '', 1, 0, 0, 0),
(20000072, 'TSAT 4 X 10 SUS', '0.00', 0, '0', '', 1, 0, 0, 0),
(20000073, 'TSAT 4 X 10 ZK', '0.00', 0, '0', '', 1, 0, 0, 0),
(20000074, 'TSAT 4 X 10 NC ? SUS 410', '0.00', 0, '0', '', 1, 0, 0, 0),
(20000075, 'TSAT 4 X 12 MC', '0.00', 0, '0', '', 1, 0, 0, 0),
(20000076, 'TSAT 4 X 12 SUS', '0.00', 0, '0', '', 1, 0, 0, 0),
(20000077, 'TSAT 4 X 12 UC', '0.00', 0, '0', '', 1, 0, 0, 0),
(20000078, 'TSAT 4 X 12 ZK', '0.00', 0, '0', '', 1, 0, 0, 0),
(20000079, 'TSAT 4 X 12 MC UR', '0.00', 0, '0', '', 1, 0, 0, 0),
(20000080, 'TSAT 4 X 14 MC', '0.00', 0, '0', '', 1, 0, 0, 0),
(20000081, 'TSAT 4 X 14 SUS', '0.00', 0, '0', '', 1, 0, 0, 0),
(20000082, 'TSAT 4 X 14 SUS WP', '0.00', 0, '0', '', 1, 0, 0, 0),
(20000083, 'TSAT 4 X 14 UC', '0.00', 0, '0', '', 1, 0, 0, 0),
(20000084, 'TSAT 4 X 16 MC', '0.00', 0, '0', '', 1, 0, 0, 0),
(20000085, 'TSAT 4 X 16 NI', '0.00', 0, '0', '', 1, 0, 0, 0),
(20000086, 'TSAT 4 X 16 SUS', '0.00', 0, '0', '', 1, 0, 0, 0),
(20000087, 'TSAT 4 X 16 UC', '0.00', 0, '0', '', 1, 0, 0, 0),
(20000088, 'TSAT 4 X 16 ZK', '0.00', 0, '0', '', 1, 0, 0, 0),
(20000089, 'TSAT 4 X 18 SUS', '0.00', 0, '0', '', 1, 0, 0, 0),
(20000090, 'TSAT 4 X 18 ZK', '0.00', 0, '0', '', 1, 0, 0, 0),
(20000091, 'TSAT 4 X 20 MC', '0.00', 0, '0', '', 1, 0, 0, 0),
(20000092, 'TSAT 4 X 25 MC', '0.00', 0, '0', '', 1, 0, 0, 0),
(20000093, 'TSAT 4 X 25 SUS', '0.00', 0, '0', '', 1, 0, 0, 0),
(20000094, 'TSAT 4 X 25 ZK', '0.00', 0, '0', '', 1, 0, 0, 0),
(20000095, 'TSAT 4 X 35 NI', '0.00', 0, '0', '', 1, 0, 0, 0),
(20000096, 'TSAT 4 X 35 SUS', '0.00', 0, '0', '', 1, 0, 0, 0),
(20000097, 'TSAT W/S 4 X 14 MC SG', '0.00', 0, '0', '', 1, 0, 0, 0),
(20000098, 'TSAV 3 X 8 MC', '0.00', 0, '0', '', 1, 0, 0, 0),
(20000099, 'TSAV 3 X 8 UC', '0.00', 0, '0', '', 1, 0, 0, 0),
(20000100, 'TSAV 3 X 10 MC', '0.00', 0, '0', '', 1, 0, 0, 0),
(20000101, 'TSAV 3 X 10 ZK', '0.00', 0, '0', '', 1, 0, 0, 0),
(20000102, 'TSAV 3 X 12 MC', '0.00', 0, '0', '', 1, 0, 0, 0),
(20000103, 'TSAV 3 X 12 ZK', '0.00', 0, '0', '', 1, 0, 0, 0),
(20000104, 'TSAV 3 X 16 UC', '0.00', 0, '0', '', 1, 0, 0, 0),
(20000105, 'TSAV 4 X 10 MC', '0.00', 0, '0', '', 1, 0, 0, 0),
(20000106, 'TSAV 4 X 10 ZK', '0.00', 0, '0', '', 1, 0, 0, 0),
(20000107, 'TSAV 4 X 12 MC', '0.00', 0, '0', '', 1, 0, 0, 0),
(20000108, 'TSAV 4 X 12 ZK', '0.00', 0, '0', '', 1, 0, 0, 0),
(20000109, 'TSAV 4 X 16 MC', '0.00', 0, '0', '', 1, 0, 0, 0),
(20000110, 'TSAV 4 X 20 MC', '0.00', 0, '0', '', 1, 0, 0, 0),
(20000111, 'TSAZ 3 X 10 MC D8T0.5', '0.00', 0, '0', '', 1, 0, 0, 0),
(20000112, 'TSAZ 3 X 12 MC D8T0.5', '0.00', 0, '0', '', 1, 0, 0, 0),
(20000113, 'TSBAP 5 X 16 GR', '0.00', 0, '0', '', 1, 0, 0, 0),
(20000114, 'TSBAT 4 X 10 GR', '0.00', 0, '0', '', 1, 0, 0, 0),
(20000115, 'TSBAT 4 X 12 GR', '0.00', 0, '0', '', 1, 0, 0, 0),
(20000116, 'TSBAT 4 X 12 NC ?SUS 410', '0.00', 0, '0', '', 1, 0, 0, 0),
(20000117, 'TSBAT 4 X 14 GR', '0.00', 0, '0', '', 1, 0, 0, 0),
(20000118, 'TSBAT 4 X 16 GR', '0.00', 0, '0', '', 1, 0, 0, 0),
(20000119, 'TSBAT 5 X 10 GR', '0.00', 0, '0', '', 1, 0, 0, 0),
(20000120, 'TSBAT 5 X 12 GR', '0.00', 0, '0', '', 1, 0, 0, 0),
(20000121, 'TSBAT 5 X 14 GR', '0.00', 0, '0', '', 1, 0, 0, 0),
(20000122, 'TSBAT 5 X 16 GR', '0.00', 0, '0', '', 1, 0, 0, 0),
(20000123, 'TSBAT 5 X 20 GR', '0.00', 0, '0', '', 1, 0, 0, 0),
(20000124, 'TSBB 4 X 15 MC', '0.00', 0, '0', '', 1, 0, 0, 0),
(20000125, 'TSBP 2 X 6 MC', '0.00', 0, '0', '', 1, 0, 0, 0),
(20000126, 'TSBP 2.6 X 8 MC', '0.00', 0, '0', '', 1, 0, 0, 0),
(20000127, 'TSBP 3 X 6 MC', '0.00', 0, '0', '', 1, 0, 0, 0),
(20000128, 'TSBP 3 X 6 UC', '0.00', 0, '0', '', 1, 0, 0, 0),
(20000129, 'TSBP 3 X 8 MC', '0.00', 0, '0', '', 1, 0, 0, 0),
(20000130, 'TSBP 3.5 X 10-8A MC', '0.00', 0, '0', '', 1, 0, 0, 0),
(20000131, 'TSBP 4 X 6 MC', '0.00', 0, '0', '', 1, 0, 0, 0),
(20000132, 'TSBP 4 X 25 SUS', '0.00', 0, '0', '', 1, 0, 0, 0),
(20000133, 'TSBP 4 X 25 ZK', '0.00', 0, '0', '', 1, 0, 0, 0),
(20000134, 'TSBP 5 X 10 GR', '0.00', 0, '0', '', 1, 0, 0, 0),
(20000135, 'TSBP 5 X 16 MC ?', '0.00', 0, '0', '', 1, 0, 0, 0),
(20000136, 'TSBP 5 X 16 SUS', '0.00', 0, '0', '', 1, 0, 0, 0),
(20000137, 'TSBP 5 X 20 ZK', '0.00', 0, '0', '', 1, 0, 0, 0),
(20000138, 'TSBP 5 X 25 SUS', '0.00', 0, '0', '', 1, 0, 0, 0),
(20000139, 'TSBT 3 X 10 MC', '0.00', 0, '0', '', 1, 0, 0, 0),
(20000140, 'TSBT 4 X 8 MC', '0.00', 0, '0', '', 1, 0, 0, 0),
(20000141, 'TSBT 4 X 8 UC', '0.00', 0, '0', '', 1, 0, 0, 0),
(20000142, 'TSBT 4 X 10 MC', '0.00', 0, '0', '', 1, 0, 0, 0),
(20000143, 'TSBT 4 X 12 GR', '0.00', 0, '0', '', 1, 0, 0, 0),
(20000144, 'TSBT 4 X 12 MC', '0.00', 0, '0', '', 1, 0, 0, 0),
(20000145, 'TSBT 4 X 14 MC', '0.00', 0, '0', '', 1, 0, 0, 0),
(20000146, 'TSBT 4 X 16 ZK', '0.00', 0, '0', '', 1, 0, 0, 0),
(20000147, 'TSBT 5 X 12 GR', '0.00', 0, '0', '', 1, 0, 0, 0),
(20000148, 'TSBT 5 X 12 ZK', '0.00', 0, '0', '', 1, 0, 0, 0),
(20000149, 'TSBT 5 X 20 MC', '0.00', 0, '0', '', 1, 0, 0, 0),
(20000150, 'TSBT 5 X 25 GR', '0.00', 0, '0', '', 1, 0, 0, 0),
(20000151, 'TSBT 5 X 25 MC', '0.00', 0, '0', '', 1, 0, 0, 0),
(20000152, 'TSBT 5 X 25 UC', '0.00', 0, '0', '', 1, 0, 0, 0),
(20000153, 'TSBT 5 X 30 ZK', '0.00', 0, '0', '', 1, 0, 0, 0),
(20000154, 'TSBW 5 X 25 MC +', '0.00', 0, '0', '', 1, 0, 0, 0),
(20000155, 'TSCF 4 X 10 SUS D7', '0.00', 0, '0', '', 1, 0, 0, 0),
(20000156, 'TSCF 4 X 14 SUS', '0.00', 0, '0', '', 1, 0, 0, 0),
(20000157, 'TSCF 4 X 16 SUS', '0.00', 0, '0', '', 1, 0, 0, 0),
(20000158, 'TSCP 4 X 8 SUS', '0.00', 0, '0', '', 1, 0, 0, 0),
(20000159, 'TSCP 4 X 10 SUS', '0.00', 0, '0', '', 1, 0, 0, 0),
(20000160, 'TSCP 4 X 12 SUS', '0.00', 0, '0', '', 1, 0, 0, 0),
(20000161, 'TSCV 4 X 8 SUS D7.5', '0.00', 0, '0', '', 1, 0, 0, 0),
(20000162, 'UTSBP 5 X 30 ZK', '0.00', 0, '0', '', 1, 0, 0, 0),
(20000163, 'TSCV 4 X 40 SUS D7.5', '0.00', 0, '0', '', 1, 0, 0, 0),
(20000164, 'TSBW  W/S 4 X 9 ZK + D8', '0.00', 0, '0', '', 1, 0, 0, 0),
(20000165, 'TSAT W/S 4 X 10 MC SG', '0.00', 0, '0', '', 1, 0, 0, 0),
(20000166, 'TSAB 4 X 20 NI', '0.00', 0, '0', '', 1, 0, 0, 0),
(20000167, 'TSAB 3 X 8 ZK', '0.00', 0, '0', '', 1, 0, 0, 0),
(20000168, 'TSBB 4 X 12 MC', '0.00', 0, '0', '', 1, 0, 0, 0),
(20000169, 'TSBB 4 X 12 ZK', '0.00', 0, '0', '', 1, 0, 0, 0),
(20000170, 'TSBB 4 X 16 ZK', '0.00', 0, '0', '', 1, 0, 0, 0),
(20000171, 'TSBB 4 X 16 MC', '0.00', 0, '0', '', 1, 0, 0, 0),
(20000172, 'TSAT 4 X 20 ZK', '0.00', 0, '0', '', 1, 0, 0, 0),
(20000173, 'TSAT 5 X 14 ZK', '0.00', 0, '0', '', 1, 0, 0, 0),
(20000174, 'TSAV 3 X 6 MC', '0.00', 0, '0', '', 1, 0, 0, 0),
(20000175, 'TSAP 4 X 16 MC', '0.00', 0, '0', '', 1, 0, 0, 0),
(20000176, 'TSAP 4 X 6 MC', '0.00', 0, '0', '', 1, 0, 0, 0),
(20000177, 'TSAP 4 X 10 MC', '0.00', 0, '0', '', 1, 0, 0, 0),
(20000178, 'TSCF 4 X 25 SUS D7', '0.00', 0, '0', '', 1, 0, 0, 0),
(20000179, 'TSCV 4 X 8 SUS', '0.00', 0, '0', '', 1, 0, 0, 0),
(20000180, 'TSCV 4 X 10 SUS D8.5', '0.00', 0, '0', '', 1, 0, 0, 0),
(20000181, 'TSBP 4 X 10 MC', '0.00', 0, '0', '', 1, 0, 0, 0),
(20000182, 'TSAP 5 X 25 MC', '0.00', 0, '0', '', 1, 0, 0, 0),
(20000183, 'TSAP 2 X 6 UC', '0.00', 0, '0', '', 1, 0, 0, 0),
(20000184, 'TSBAT 4 X 12 NC', '0.00', 0, '0', '', 1, 0, 0, 0),
(20000185, 'TSCV 4 X 10 SUS', '0.00', 0, '0', '', 1, 0, 0, 0),
(20000186, 'TSCV 4 X 25 SUS D7', '0.00', 0, '0', '', 1, 0, 0, 0),
(20000187, 'TSAT 3.5 X 20 ZK', '0.00', 0, '0', '', 1, 0, 0, 0),
(20000188, 'TSAN 3 X 14 MC D8T0.5', '0.00', 0, '0', '', 1, 0, 0, 0),
(20000189, 'TSAB 3 X 10 ZK', '0.00', 0, '0', '', 1, 0, 0, 0),
(20000190, 'TSAO 3 X 12 ZK', '0.00', 0, '0', '', 1, 0, 0, 0),
(20000191, 'TSAP 4 X 14 UC', '0.00', 0, '0', '', 1, 0, 0, 0),
(20000192, 'TSAP 5 X 25 DC', '0.00', 0, '0', '', 1, 0, 0, 0),
(20000193, 'TSAP 5 X 35-30 DC', '0.00', 0, '0', '', 1, 0, 0, 0),
(20000194, 'TSCV 4 X 25 SUS D7.5', '0.00', 0, '0', '', 1, 0, 0, 0),
(20000195, 'TSAT 4 X 10 MC3', '0.00', 0, '0', '', 1, 0, 0, 0),
(20000196, 'TSAB 4 X 12 MC3', '0.00', 0, '0', '', 1, 0, 0, 0),
(20000197, 'TSAN 4 X 12 MC3 D10T1', '0.00', 0, '0', '', 1, 0, 0, 0),
(20000198, 'TSAN 4 X 15 MC3 D10T1', '0.00', 0, '0', '', 1, 0, 0, 0),
(20000199, 'TSAT 3.5 X 25 UC', '0.00', 0, '0', '', 1, 0, 0, 0),
(20000200, 'TSAT 4 X 14 MC3', '0.00', 0, '0', '', 1, 0, 0, 0),
(20000201, 'TSCF 4 X 8 SUS D6', '0.00', 0, '0', '', 1, 0, 0, 0),
(20000202, 'TSCV 5 X 10 SUS D9.5 H3', '0.00', 0, '0', '', 1, 0, 0, 0),
(20000203, 'TSCF 4 X 16 SUS D7', '0.00', 0, '0', '', 1, 0, 0, 0),
(20000204, 'TSBT 4 X 10 MC3', '0.00', 0, '0', '', 1, 0, 0, 0),
(20000205, 'TSAB 4 X 10 MC3', '0.00', 0, '0', '', 1, 0, 0, 0),
(20000206, 'TSAB 4 X 12 SUS', '0.00', 0, '0', '', 1, 0, 0, 0),
(20000207, 'TSAT 4 X 14 ZK', '0.00', 0, '0', '', 1, 0, 0, 0),
(20000208, 'TSAB 4 X 15 MC3', '0.00', 0, '0', '', 1, 0, 0, 0),
(20000209, 'TSAZ 3 X 10 ZK D8T0.5', '0.00', 0, '0', '', 1, 0, 0, 0),
(20000210, 'TSCF 4 X 20 SUS D7', '0.00', 0, '0', '', 1, 0, 0, 0),
(20000211, 'TSBP 3 X 6 MC3', '0.00', 0, '0', '', 1, 0, 0, 0),
(20000212, 'TSBT 4 X 14 MC3', '0.00', 0, '0', '', 1, 0, 0, 0),
(20000213, 'TSBB 4 X 10 MC3', '0.00', 0, '0', '', 1, 0, 0, 0),
(20000214, 'TSCT 4 X 10 MC', '0.00', 0, '0', '', 1, 0, 0, 0),
(20000215, 'TSBP 4 X 6 MC3', '0.00', 0, '0', '', 1, 0, 0, 0),
(20000216, 'TSBP 3 X 6 UC3', '0.00', 0, '0', '', 1, 0, 0, 0),
(20000217, 'TSAB 4 X 20 MC3', '0.00', 0, '0', '', 1, 0, 0, 0),
(20000218, 'TSAB 4 X 35 MC', '0.00', 0, '0', '', 1, 0, 0, 0),
(20000220, 'TSBB 4.8 X 16 MC PZ', '0.00', 0, '0', '', 1, 0, 0, 0),
(20000221, 'TSBT 4 X 20 MC3', '0.00', 0, '0', '', 1, 0, 0, 0),
(20000222, 'UTSBP 4 X 12 SUS', '0.00', 0, '0', '', 1, 0, 0, 0),
(20000223, 'TSBT 4 X 12 MC3', '0.00', 0, '0', '', 1, 0, 0, 0),
(20000224, 'TSCV 4 X 16 SUS D8.5 H2.5', '0.00', 0, '0', '', 1, 0, 0, 0),
(20000225, 'TSABP 3 X 11 MC ?', '0.00', 0, '0', '', 1, 0, 0, 0),
(20000226, 'TSCV 4 X 12 SUS D8.5H2.5', '0.00', 0, '0', '', 1, 0, 0, 0),
(20000227, 'TSBAT 5 X 14 GR SOCK', '0.00', 0, '0', '', 1, 0, 0, 0),
(20000228, 'TSAT 5 X 16 MC', '0.00', 0, '0', '', 1, 0, 0, 0),
(20000229, 'TSBP 4 X 10 UC', '0.00', 0, '0', '', 1, 0, 0, 0),
(20000230, 'TSBT 5 X 20 MC3', '0.00', 0, '0', '', 1, 0, 0, 0),
(20000231, 'SPC TSBB 3.5 X 7.5 MC +', '0.00', 0, '0', '', 1, 0, 0, 0),
(20000232, 'TSAB 4 X 25 EB', '0.00', 0, '0', '', 1, 0, 0, 0),
(20000233, 'TSBAP 4 X 12 GR', '0.00', 0, '0', '', 1, 0, 0, 0),
(20000234, 'TSAB 3 X 8 MC3', '0.00', 0, '0', '', 1, 0, 0, 0),
(20000235, 'TSAB 4 X 35 MC3', '0.00', 0, '0', '', 1, 0, 0, 0),
(20000237, 'TSAB 4 X 25 MC3', '0.00', 0, '0', '', 1, 0, 0, 0),
(20000238, 'TSBP 5 X 20 GR', '0.00', 0, '0', '', 1, 0, 0, 0),
(20000239, 'TSAT 4 X 20 MC3', '0.00', 0, '0', '', 1, 0, 0, 0),
(20000240, 'TSAT 3 X 8 SUS', '0.00', 0, '0', '', 1, 0, 0, 0),
(20000241, 'TSBB 4 X 15 MC3', '0.00', 0, '0', '', 1, 0, 0, 0),
(20000242, 'TSAT 4 X 12 MC3 UR', '0.00', 0, '0', '', 1, 0, 0, 0),
(20000243, 'TSAN 3 X 10 MC3 D8T0.5', '0.00', 0, '0', '', 1, 0, 0, 0),
(20000244, 'TSAT 4 X 8 MC3 AB', '0.00', 0, '0', '', 1, 0, 0, 0),
(20000245, 'TSAT 4 X 8 MC3 CG', '0.00', 0, '0', '', 1, 0, 0, 0),
(20000246, 'TSAT 4 X 8 MC3 EG', '0.00', 0, '0', '', 1, 0, 0, 0),
(20000247, 'TSAT 4 X 8 MC3 SB', '0.00', 0, '0', '', 1, 0, 0, 0),
(20000248, 'TSAT 4 X 8 MC3 SW', '0.00', 0, '0', '', 1, 0, 0, 0),
(20000249, 'TSAT 4 X 8 MC3 SG', '0.00', 0, '0', '', 1, 0, 0, 0),
(20000250, 'TSAT 4 X 8 MC3 LNG', '0.00', 0, '0', '', 1, 0, 0, 0),
(20000251, 'TSAT 4 X 16 MC3', '0.00', 0, '0', '', 1, 0, 0, 0),
(20000252, 'TSAK 4 X 8 MC3 FB', '0.00', 0, '0', '', 1, 0, 0, 0),
(20000253, 'TSAK 4 X 8 MC3 LNG', '0.00', 0, '0', '', 1, 0, 0, 0),
(20000254, 'TSAN 3 X 14 MC3 D8T0.8', '0.00', 0, '0', '', 1, 0, 0, 0),
(20000255, 'TSAK 4 X 8 MC3 SW', '0.00', 0, '0', '', 1, 0, 0, 0),
(20000256, 'TSBT 4 X 10 ZK', '0.00', 0, '0', '', 1, 0, 0, 0),
(20000257, 'TSCB 5 X 22 ZK UT', '0.00', 0, '0', '', 1, 0, 0, 0),
(20000258, 'TSAB 4 X 38 MC3', '0.00', 0, '0', '', 1, 0, 0, 0),
(20000259, 'TSAK 4 X 8 MC3', '0.00', 0, '0', '', 1, 0, 0, 0),
(20000260, 'TSCV 5 X 16 SUS D9.5 H3', '0.00', 0, '0', '', 1, 0, 0, 0),
(20000261, 'TSBAP 5 X 12 GR', '0.00', 0, '0', '', 1, 0, 0, 0),
(20000262, 'TSCV 5 X 12 SUS D9.5H3', '0.00', 0, '0', '', 1, 0, 0, 0),
(20000263, 'TSBP SPC 3 X 10 MC', '0.00', 0, '0', '', 1, 0, 0, 0),
(20000264, 'TSAP 4 X 12 NI', '0.00', 0, '0', '', 1, 0, 0, 0),
(20000265, 'TSBT 5 X 12 ZK SUS', '0.00', 0, '0', '', 1, 0, 0, 0),
(20000266, 'TSBP 4 X 14 MC', '0.00', 0, '0', '', 1, 0, 0, 0),
(20000267, 'TSBT 3 X 8 MC', '0.00', 0, '0', '', 1, 0, 0, 0),
(20000268, 'TSBAT 5 X 25 GR', '0.00', 0, '0', '', 1, 0, 0, 0),
(20000269, 'TSAB 3.5 X 16 EB', '0.00', 0, '0', '', 1, 0, 0, 0),
(20000270, 'TSAK 4 X 8 MC3 AB', '0.00', 0, '0', '', 1, 0, 0, 0),
(20000271, 'UTSAT 4 X 14 PS', '0.00', 0, '0', '', 1, 0, 0, 0),
(20000272, 'TSBB 4 X 12 MC3', '0.00', 0, '0', '', 1, 0, 0, 0),
(20000273, 'SPC SMB 4 X 14-10 MC3 ?', '0.00', 0, '0', '', 1, 0, 0, 0),
(20000274, 'TSABW 5 X 25 MC3', '0.00', 0, '0', '', 1, 0, 0, 0),
(20000275, 'TSABW 5 X 16 MC', '0.00', 0, '0', '', 1, 0, 0, 0),
(20000276, 'TSBK SQ 3.5 X 23-11 MC ? TR', '0.00', 0, '0', '', 1, 0, 0, 0),
(20000277, 'TSBP 4 X 10 MC3', '0.00', 0, '0', '', 1, 0, 0, 0),
(20000278, 'TSBP 4 X 12 UC', '0.00', 0, '0', '', 1, 0, 0, 0),
(20000279, 'TSAP 4 X 14 MC3', '0.00', 0, '0', '', 1, 0, 0, 0),
(20000280, 'TSBP 3 X 8 MC3 8 MIKRON', '0.00', 0, '0', '', 1, 0, 0, 0),
(20000282, 'TSBP 3 X 8 MC 8 MIKRON', '0.00', 0, '0', '', 1, 0, 0, 0),
(20000283, 'TSBT 3 X 16 UC', '0.00', 0, '0', '', 1, 0, 0, 0),
(20000284, 'TSAT 5 X 16 GR', '0.00', 0, '0', '', 1, 0, 0, 0),
(20000285, 'TSBW 4 X 12 UC +', '0.00', 0, '0', '', 1, 0, 0, 0),
(20000286, 'TSBAP 5 X 16 EB', '0.00', 0, '0', '', 1, 0, 0, 0),
(20000287, 'TSBAT 4 X 12 EB', '0.00', 0, '0', '', 1, 0, 0, 0),
(20000288, 'TSBAT 4 X 16 EB', '0.00', 0, '0', '', 1, 0, 0, 0),
(20000289, 'TSBAT 5 X 12 EB', '0.00', 0, '0', '', 1, 0, 0, 0),
(20000290, 'TSBAT 5 X 16 EB', '0.00', 0, '0', '', 1, 0, 0, 0),
(20000291, 'TSBN W/S 3 X 8 MC D6.5T0.8', '0.00', 0, '0', '', 1, 0, 0, 0),
(20000292, 'TSAP 4 X 10 MC3', '0.00', 0, '0', '', 1, 0, 0, 0),
(20000293, 'TSAB 3 X 12 MC3', '0.00', 0, '0', '', 1, 0, 0, 0),
(20000294, 'TSAP 5 X 25 GM', '0.00', 0, '0', '', 1, 0, 0, 0),
(20000295, 'TSAP 5 X 35-30 GM', '0.00', 0, '0', '', 1, 0, 0, 0),
(20000296, 'TSAT 5 X 12 MC3', '0.00', 0, '0', '', 1, 0, 0, 0),
(20000297, 'TSCF 4 X 8 SUS D7', '0.00', 0, '0', '', 1, 0, 0, 0),
(20000298, 'TSBAP 5 X 20 SUS', '0.00', 0, '0', '', 1, 0, 0, 0),
(20000299, 'TSBAT 5 X 12 MC3', '0.00', 0, '0', '', 1, 0, 0, 0),
(20000300, 'TSBAT 5 X 16 MC3', '0.00', 0, '0', '', 1, 0, 0, 0),
(20000301, 'TSBAT 5 X 20 EB', '0.00', 0, '0', '', 1, 0, 0, 0),
(20000302, 'TSAT 6 X 15 MC', '0.00', 0, '0', '', 1, 0, 0, 0),
(20000303, 'TSBAT 4 X 16 MC3', '0.00', 0, '0', '', 1, 0, 0, 0),
(20000304, 'TSBAT 5 X 20 MC3', '0.00', 0, '0', '', 1, 0, 0, 0),
(20000305, 'TSBAP 5 X 16 MC3', '0.00', 0, '0', '', 1, 0, 0, 0),
(20000306, 'TSBAT 4 X 12 MC3', '0.00', 0, '0', '', 1, 0, 0, 0),
(20000307, 'TSBN 2.24 X 8 ZK D5T0.4', '0.00', 0, '0', '', 1, 0, 0, 0),
(20000308, 'TSBP 3 X 8 UC', '0.00', 0, '0', '', 1, 0, 0, 0),
(20000309, 'TSAN 4 X 12 ZK D10TI', '0.00', 0, '0', '', 1, 0, 0, 0),
(20000310, 'TSAT 5 X 16 EB', '0.00', 0, '0', '', 1, 0, 0, 0),
(20000311, 'TSBN 4 X 14 EB D12T0.8', '0.00', 0, '0', '', 1, 0, 0, 0),
(20000312, 'TSBN 4 X 20-7 EB D12T0.8', '0.00', 0, '0', '', 1, 0, 0, 0),
(20000313, 'TSBAP 5 X 12 EB', '0.00', 0, '0', '', 1, 0, 0, 0),
(20000314, 'TSBT 5 X 30 EB', '0.00', 0, '0', '', 1, 0, 0, 0),
(20000315, 'TSBAT 5 X 25 MC3', '0.00', 0, '0', '', 1, 0, 0, 0),
(20000316, 'SPC TSBK 5 X 14.3-11.8 MC3 P1.60', '0.00', 0, '0', '', 1, 0, 0, 0),
(20000317, 'TSBW 6 X 12 MC3 + D13T0.9', '0.00', 0, '0', '', 1, 0, 0, 0),
(20000318, 'TSAT 4 X 18 MC3', '0.00', 0, '0', '', 1, 0, 0, 0),
(20000319, 'TSAT 4 X 12 MC3 SW', '0.00', 0, '0', '', 1, 0, 0, 0),
(20000320, 'TSAT 4 X 20 EB', '0.00', 0, '0', '', 1, 0, 0, 0),
(20000321, 'TSAT 4 X 16 EB', '0.00', 0, '0', '', 1, 0, 0, 0),
(20000322, 'TSCF 4 X 17.5 MC', '0.00', 0, '0', '', 1, 0, 0, 0),
(20000323, 'TSBP 3 X 10 MC3', '0.00', 0, '0', '', 1, 0, 0, 0),
(20000324, 'TSBP 5 X 16 MC3', '0.00', 0, '0', '', 1, 0, 0, 0),
(20000325, 'TSBAT 5 X 16 SUS', '0.00', 0, '0', '', 1, 0, 0, 0),
(20000326, 'TSAB 4 X 16 MC3', '0.00', 0, '0', '', 1, 0, 0, 0),
(20000327, 'TSBT 5 X 20 ZK', '0.00', 0, '0', '', 1, 0, 0, 0),
(20000328, 'TSAT 4.5 X 16 UC', '0.00', 0, '0', '', 1, 0, 0, 0),
(20000329, 'TSAP 4 X 35 MC', '0.00', 0, '0', '', 1, 0, 0, 0),
(20000330, 'TSAV 3 X 16 MC', '0.00', 0, '0', '', 1, 0, 0, 0),
(20000331, 'TSAT 5 X 12 UC', '0.00', 0, '0', '', 1, 0, 0, 0),
(20000332, 'TSAT 4 X 12 MC3', '0.00', 0, '0', '', 1, 0, 0, 0),
(20000333, 'TSBT 5 X 12 UC', '0.00', 0, '0', '', 1, 0, 0, 0),
(20000334, 'TSBAT 5 X 10 EB', '0.00', 0, '0', '', 1, 0, 0, 0),
(20000335, 'TSBT 5 X 25 MC3', '0.00', 0, '0', '', 1, 0, 0, 0),
(20000336, 'TSBT 5 X 12 MC3', '0.00', 0, '0', '', 1, 0, 0, 0),
(20000337, 'TSAP 5 X 35-30 MC', '0.00', 0, '0', '', 1, 0, 0, 0),
(20000338, 'TSBT 4 X 12 UC', '0.00', 0, '0', '', 1, 0, 0, 0),
(20000339, 'TSAB 5 X 14 MC', '0.00', 0, '0', '', 1, 0, 0, 0),
(20000340, 'TSAB 3.5 X 14 MC3', '0.00', 0, '0', '', 1, 0, 0, 0),
(20000341, 'TSAF 3.5 X 16 EB', '0.00', 0, '0', '', 1, 0, 0, 0),
(20000342, 'TSAT 4 X 30 MC3', '0.00', 0, '0', '', 1, 0, 0, 0),
(20000343, 'TSAB 4 X 18 MC3', '0.00', 0, '0', '', 1, 0, 0, 0),
(20000344, 'TSAB 4 X 35 EB', '0.00', 0, '0', '', 1, 0, 0, 0),
(20000345, 'TSAN 3 X 14 MC3 D8T0.5', '0.00', 0, '0', '', 1, 0, 0, 0),
(20000346, 'TSAV 4 X 16 MC3', '0.00', 0, '0', '', 1, 0, 0, 0),
(20000347, 'TSAV 4 X 20 MC3', '0.00', 0, '0', '', 1, 0, 0, 0),
(20000348, 'TSAB 4 X 20 EB', '0.00', 0, '0', '', 1, 0, 0, 0),
(20000349, 'TSAT 4 X 25 EB', '0.00', 0, '0', '', 1, 0, 0, 0),
(20000350, 'TSAP 4 X 12 MC3 15 M', '0.00', 0, '0', '', 1, 0, 0, 0),
(20000351, 'TSAF 3 X 10 MC', '0.00', 0, '0', '', 1, 0, 0, 0),
(20000352, 'TSBW 5 X 25 MC3 +', '0.00', 0, '0', '', 1, 0, 0, 0),
(20000353, 'TSAB 3.5 X 20 MC3', '0.00', 0, '0', '', 1, 0, 0, 0),
(20000354, 'TSAB 3.5 X 20 EB', '0.00', 0, '0', '', 1, 0, 0, 0),
(20000355, 'TSAB 4 X 14 EB', '0.00', 0, '0', '', 1, 0, 0, 0),
(20000356, 'TSAB 4 X 16 EB', '0.00', 0, '0', '', 1, 0, 0, 0),
(20000357, 'TSABN 5 X 12 ZK D11T0.8', '0.00', 0, '0', '', 1, 0, 0, 0),
(20000358, 'TSAO 3.5 X 16 EB', '0.00', 0, '0', '', 1, 0, 0, 0),
(20000359, 'TSAB 3 X 16 EB', '0.00', 0, '0', '', 1, 0, 0, 0),
(20000360, 'TSAO 3.5 X 20 EB', '0.00', 0, '0', '', 1, 0, 0, 0),
(20000361, 'TSAT 4 X 12 NC SUS 410', '0.00', 0, '0', '', 1, 0, 0, 0),
(20000362, 'TSAT 4 X 16 NC SUS 410', '0.00', 0, '0', '', 1, 0, 0, 0),
(20000363, 'TSBT 4 X 8 MC3', '0.00', 0, '0', '', 1, 0, 0, 0),
(20000364, 'TSAF 3.5 X 16 MC3', '0.00', 0, '0', '', 1, 0, 0, 0),
(20000365, 'TSAP 5 X 25 MC3', '0.00', 0, '0', '', 1, 0, 0, 0),
(20000366, 'TSAT 4 X 14 EB', '0.00', 0, '0', '', 1, 0, 0, 0),
(20000367, 'TSBT 5 X 16 MC3', '0.00', 0, '0', '', 1, 0, 0, 0),
(20000368, 'TSBT 5 X 25 EB', '0.00', 0, '0', '', 1, 0, 0, 0),
(20000369, 'TSAV 3 X 16 MC3', '0.00', 0, '0', '', 1, 0, 0, 0),
(20000370, 'TSAK 4 X 8 MC3 EG', '0.00', 0, '0', '', 1, 0, 0, 0),
(20000371, 'TSBP 5 X 16 EB', '0.00', 0, '0', '', 1, 0, 0, 0),
(20000372, 'TSAF 3.5 X 20 EB', '0.00', 0, '0', '', 1, 0, 0, 0),
(20000373, 'TSAF 4 X 14 EB', '0.00', 0, '0', '', 1, 0, 0, 0),
(20000374, 'TSAO 4 X 20 EB', '0.00', 0, '0', '', 1, 0, 0, 0),
(20000375, 'SWF 3.1 X 16 MC3', '0.00', 0, '0', '', 1, 0, 0, 0),
(20000376, 'TSAB 4 X 20 ZK SOCK', '0.00', 0, '0', '', 1, 0, 0, 0),
(20000377, 'TSBT 5 X 12 ZK 8M', '0.00', 0, '0', '', 1, 0, 0, 0),
(20000378, 'TSAT 4 X 8 MC3', '0.00', 0, '0', '', 1, 0, 0, 0),
(20000379, 'TSAF 5 X 25 MC3', '0.00', 0, '0', '', 1, 0, 0, 0),
(20000380, 'TSAF 4 X 20 EB', '0.00', 0, '0', '', 1, 0, 0, 0),
(20000381, 'TSBP SPC 3 X 14 EB', '0.00', 0, '0', '', 1, 0, 0, 0),
(20000382, 'TSAB 4 X 45 MC3', '0.00', 0, '0', '', 1, 0, 0, 0),
(20000383, 'TSAT 4 X 12 EB', '0.00', 0, '0', '', 1, 0, 0, 0),
(20000384, 'TSAN SPC 4 X 16 EB D9T0.7', '0.00', 0, '0', '', 1, 0, 0, 0),
(20000385, 'TSAO SPC 4 X 10 EB D7', '0.00', 0, '0', '', 1, 0, 0, 0),
(20000386, 'TSAB 5 X 14 ZK', '0.00', 0, '0', '', 1, 0, 0, 0),
(20000387, 'TSBN 2.15 X 8 ZK D5T0.4', '0.00', 0, '0', '', 1, 0, 0, 0),
(20000388, 'TSAZ 3 X 12 MC3 D8T0.5', '0.00', 0, '0', '', 1, 0, 0, 0),
(20000389, 'TSAN SPC 4 X 16 EB D10T0.9', '0.00', 0, '0', '', 1, 0, 0, 0),
(20000390, 'TSAN 5 X 16 MC3 D12T0.8', '0.00', 0, '0', '', 1, 0, 0, 0),
(20000391, 'TSBT 5 X 25 ZK', '0.00', 0, '0', '', 1, 0, 0, 0),
(20000392, 'TSAF 4.5 X 20 MC', '0.00', 0, '0', '', 1, 0, 0, 0),
(20000393, 'TSAN 4 X 12 EB D10T0.9', '0.00', 0, '0', '', 1, 0, 0, 0),
(20000394, 'TSAV 4 X 10 MC3', '0.00', 0, '0', '', 1, 0, 0, 0),
(20000395, 'TSAB 5 X 14 MC3', '0.00', 0, '0', '', 1, 0, 0, 0),
(20000396, 'TSAT 4 X 18 MC', '0.00', 0, '0', '', 1, 0, 0, 0),
(20000397, 'TSBT 4 X 12 EB', '0.00', 0, '0', '', 1, 0, 0, 0),
(20000398, 'TSBB 3 X 20 MC3 +-', '0.00', 0, '0', '', 1, 0, 0, 0),
(20000399, 'TSAT 4 X 8 EB', '0.00', 0, '0', '', 1, 0, 0, 0),
(20000400, 'TSBT 4 X 12 NI-K', '0.00', 0, '0', '', 1, 0, 0, 0),
(20000401, 'TSAF 3.5 X 12 SUS', '0.00', 0, '0', '', 1, 0, 0, 0),
(20000402, 'TSAF 3.5 X 16 SUS', '0.00', 0, '0', '', 1, 0, 0, 0),
(20000403, 'TSAB 3.5 X 14 EB', '0.00', 0, '0', '', 1, 0, 0, 0),
(20000404, 'TSAF 2.6 X 12 MC3', '0.00', 0, '0', '', 1, 0, 0, 0),
(20000405, 'TSAN 3 X 6 MC3 D10T0.6', '0.00', 0, '0', '', 1, 0, 0, 0),
(20000406, 'TSAP 3 X 10 EB D7', '0.00', 0, '0', '', 1, 0, 0, 0),
(20000407, 'TSAF 4 X 20 MC3', '0.00', 0, '0', '', 1, 0, 0, 0),
(20000408, 'TSAB 3 X 20 EB', '0.00', 0, '0', '', 1, 0, 0, 0),
(20000409, 'TSBT 4 X 40 MC3', '0.00', 0, '0', '', 1, 0, 0, 0),
(20000410, 'TSAF 5 X 12 MC3', '0.00', 0, '0', '', 1, 0, 0, 0),
(20000411, 'TSAF 5 X 16 MC3', '0.00', 0, '0', '', 1, 0, 0, 0),
(20000412, 'TSAP 6 X 25 MC3', '0.00', 0, '0', '', 1, 0, 0, 0),
(20000413, 'TSBB 5 X 12 EB', '0.00', 0, '0', '', 1, 0, 0, 0),
(20000414, 'TSBT 5 X 10 MC3', '0.00', 0, '0', '', 1, 0, 0, 0),
(20000415, 'TSBT 6 X 12 MC3', '0.00', 0, '0', '', 1, 0, 0, 0),
(20000416, 'TSBAF 5 X 16 EB', '0.00', 0, '0', '', 1, 0, 0, 0),
(20000417, 'TSCN 4 X 10 EB D10T0.9', '0.00', 0, '0', '', 1, 0, 0, 0),
(20000418, 'TSAB 3.5 X 10 EB', '0.00', 0, '0', '', 1, 0, 0, 0),
(20000419, 'TSBT SPC 3 X 14 EB', '0.00', 0, '0', '', 1, 0, 0, 0),
(20000420, 'TSAF 3 X 16 MC3', '0.00', 0, '0', '', 1, 0, 0, 0),
(20000421, 'TSAT 4 X 40 EB', '0.00', 0, '0', '', 1, 0, 0, 0),
(20000422, 'TSAF 4 X 35 EB', '0.00', 0, '0', '', 1, 0, 0, 0),
(20000423, 'TSAF 3 X 12 NI', '0.00', 0, '0', '', 1, 0, 0, 0),
(20000424, 'TSAF 3 X 20 MC3', '0.00', 0, '0', '', 1, 0, 0, 0),
(20000425, 'TSAF 4 X 40 MC3', '0.00', 0, '0', '', 1, 0, 0, 0),
(20000426, 'TSAF 3.5 X 12 EB', '0.00', 0, '0', '', 1, 0, 0, 0),
(20000427, 'TSAB 3.5 X 8 EB', '0.00', 0, '0', '', 1, 0, 0, 0),
(20000428, 'TSAB 3 X 10 EB', '0.00', 0, '0', '', 1, 0, 0, 0),
(20000429, 'TSAF 3 X 10 EB', '0.00', 0, '0', '', 1, 0, 0, 0),
(20000430, 'TSABP 5 X 25 EB', '0.00', 0, '0', '', 1, 0, 0, 0),
(20000431, 'TSBAT 5 X 12 EB SOCK', '0.00', 0, '0', '', 1, 0, 0, 0),
(20000432, 'TSAN 4 X 18 MC3 D10T1', '0.00', 0, '0', '', 1, 0, 0, 0),
(20000433, 'TSABP 3 X 18 MC3', '0.00', 0, '0', '', 1, 0, 0, 0),
(20000434, 'TSBP 4 X 14 EB', '0.00', 0, '0', '', 1, 0, 0, 0),
(20000435, 'TSAB 5 X 22 MC3', '0.00', 0, '0', '', 1, 0, 0, 0),
(20000436, 'TSBW 4 X 12 EB +', '0.00', 0, '0', '', 1, 0, 0, 0),
(20000437, 'TSAF 2.6 X 15 MC3', '0.00', 0, '0', '', 1, 0, 0, 0),
(20000438, 'TSBT 4 X 14 CF', '0.00', 0, '0', '', 1, 0, 0, 0),
(20000439, 'TSABB 5 X 22 MC3', '0.00', 0, '0', '', 1, 0, 0, 0),
(20000440, 'TSAW 8 X 50 EB ?', '0.00', 0, '0', '', 1, 0, 0, 0),
(20000441, 'TSAB 4 X 12 EB', '0.00', 0, '0', '', 1, 0, 0, 0),
(20000442, 'TSBAT 5 X 10 MC3', '0.00', 0, '0', '', 1, 0, 0, 0),
(20000443, 'TSBB 4 X 12 CF', '0.00', 0, '0', '', 1, 0, 0, 0),
(20000444, 'TSAB 3 X 10 MC3', '0.00', 0, '0', '', 1, 0, 0, 0),
(20000445, 'TSBAT 5 X 35 NI-K', '0.00', 0, '0', '', 1, 0, 0, 0),
(20000446, 'TSAT 4 X 35 EB', '0.00', 0, '0', '', 1, 0, 0, 0),
(20000447, 'TSBF SPC 7 X 50-40 MC3', '0.00', 0, '0', '', 1, 0, 0, 0),
(20000448, 'TSBK 2.3 X 5 MC3 +', '0.00', 0, '0', '', 1, 0, 0, 0),
(20000449, 'TSBB #8 X 15.8 MC3', '0.00', 0, '0', '', 1, 0, 0, 0),
(20000450, 'TSBP 3 X 10 EB', '0.00', 0, '0', '', 1, 0, 0, 0),
(20000451, 'TSBN SPC 2.2 X 5.8 MC3', '0.00', 0, '0', '', 1, 0, 0, 0),
(20000452, 'TSBP SPC 2 X 5 EB', '0.00', 0, '0', '', 1, 0, 0, 0),
(20000453, 'TSBP SPC 3 X 10 EB', '0.00', 0, '0', '', 1, 0, 0, 0),
(20000454, 'TSBN W/S 3 X 8 UC D6.5T0.8', '0.00', 0, '0', '', 1, 0, 0, 0),
(20000455, 'TSAB 4 X 30 EB', '0.00', 0, '0', '', 1, 0, 0, 0),
(20000456, 'TSAF 4.5 X 20 MC3', '0.00', 0, '0', '', 1, 0, 0, 0),
(20000457, 'TSAT 4 X 17 MC3', '0.00', 0, '0', '', 1, 0, 0, 0),
(20000458, 'TSAF 3.5 X 8 EB', '0.00', 0, '0', '', 1, 0, 0, 0),
(20000459, 'TSAB 5 X 20 EB', '0.00', 0, '0', '', 1, 0, 0, 0),
(20000460, 'TSABO 2.8 X 11.5 BR NON HT', '0.00', 0, '0', '', 1, 0, 0, 0),
(20000461, 'TSABO 2.8 X 11.5 NI NON HT', '0.00', 0, '0', '', 1, 0, 0, 0),
(20000462, 'TSAF 2.6 X 16 MC3', '0.00', 0, '0', '', 1, 0, 0, 0),
(20000463, 'TSAP 4 X 20 MC3', '0.00', 0, '0', '', 1, 0, 0, 0),
(20000464, 'TSAR SPC 5 X 16 MC3', '0.00', 0, '0', '', 1, 0, 0, 0),
(20000465, 'TSAT 3.5 X 30 EB', '0.00', 0, '0', '', 1, 0, 0, 0),
(20000466, 'TSAS 4 X 20 EB KNURL', '0.00', 0, '0', '', 1, 0, 0, 0),
(20000467, 'TSAT 5 X 16 MC3', '0.00', 0, '0', '', 1, 0, 0, 0),
(20000468, 'TSAT 4 X 30 EB', '0.00', 0, '0', '', 1, 0, 0, 0),
(20000469, 'TSAF 3.5 X 20 MC', '0.00', 0, '0', '', 1, 0, 0, 0),
(20000470, 'TSBB 5 X 20 MC3', '0.00', 0, '0', '', 1, 0, 0, 0),
(20000471, 'RSF #8 X 65-40 MC3', '0.00', 0, '0', '', 1, 0, 0, 0),
(20000472, 'TSAP 4 X 16 NI', '0.00', 0, '0', '', 1, 0, 0, 0),
(20000473, 'TSAF #9 X 40 EB', '0.00', 0, '0', '', 1, 0, 0, 0),
(20000474, 'TSAB 3.5 X 25 EB', '0.00', 0, '0', '', 1, 0, 0, 0),
(20000475, 'TSAT 5 X 12 ZK', '0.00', 0, '0', '', 1, 0, 0, 0),
(20000476, 'TSBAT 5 X 16 CF', '3.08', 24000537, '6000', 'LIHAT TABEL STANDARD\r\nHD= 5 BR 16\r\nSURF : 500~600 HV CORE : 250~380 HV', 1, 1, 1, 1),
(20000477, 'TSBAT 5 X 16 KF', '3.08', 24000585, '6000', 'LIHAT TABEL STANDARD\r\nHD= 5 BR 16\r\nSURF : 500~600 HV CORE : 250~380 HV', 1, 1, 1, 1),
(20000478, 'TSBAT 5 X 12 KF', '0.00', 0, '0', '', 1, 0, 0, 0),
(20000479, 'TSBAT 5 X 12 KF SOCK', '0.00', 0, '0', '', 1, 0, 0, 0),
(20000480, 'TSBAT 5 X 10 KF', '0.00', 0, '0', '', 1, 0, 0, 0),
(20000481, 'TSBAT 4 X 14 KF', '0.00', 0, '0', '', 1, 0, 0, 0),
(20000482, 'TSBW 4 X 12 CF +', '0.00', 0, '0', '', 1, 0, 0, 0),
(20000483, 'TSBAT 5 X 14 KF', '0.00', 0, '0', '', 1, 0, 0, 0),
(20000484, 'TSBAT 5 X 25 KF', '0.00', 0, '0', '', 1, 0, 0, 0),
(20000485, 'TSBW 4 X 12 KF +', '0.00', 0, '0', '', 1, 0, 0, 0),
(20000486, 'TSBAT 5 X 20 KF', '0.00', 0, '0', '', 1, 0, 0, 0),
(20000487, 'TSBAT 5 X 14 KF SOCK', '0.00', 0, '0', '', 1, 0, 0, 0),
(20000488, 'TSBAT 4 X 12 KF', '0.00', 0, '0', '', 1, 0, 0, 0),
(20000489, 'TSBP 4 X 14 KF', '0.00', 0, '0', '', 1, 0, 0, 0),
(20000490, 'TSBT 5 X 12 KF', '0.00', 0, '0', '', 1, 0, 0, 0),
(20000491, 'TSBT 4 X 12 KF', '0.00', 0, '0', '', 1, 0, 0, 0),
(20000492, 'TSBP 5 X 30 SUS KF', '0.00', 0, '0', '', 1, 0, 0, 0),
(20000493, 'TSBAT 5 X 30 CF', '0.00', 0, '0', '', 1, 0, 0, 0),
(20000494, 'TSBAT 5 X 30 KF', '0.00', 0, '0', '', 1, 0, 0, 0),
(20000495, 'TSBT 5 X 12 EB', '0.00', 0, '0', '', 1, 0, 0, 0),
(20000496, 'TSBW 5 X 25 CF +', '0.00', 0, '0', '', 1, 0, 0, 0),
(20000497, 'TSBP 3 X 6 CF', '0.00', 0, '0', '', 1, 0, 0, 0),
(20000498, 'TSBAX 4 X 7.3 MC3 D11T1.2', '0.00', 0, '0', '', 1, 0, 0, 0),
(20000499, 'TSAF 3 X 12 MC3', '0.00', 0, '0', '', 1, 0, 0, 0),
(20000500, 'TSAB 3 X 14 EB', '0.00', 0, '0', '', 1, 0, 0, 0),
(20000501, 'TSBP 5 X 20 KF', '0.00', 0, '0', '', 1, 0, 0, 0),
(20000502, 'TSBT SPC 3 X 14 KF', '0.00', 0, '0', '', 1, 0, 0, 0),
(20000503, 'TSBT 4 X 10 CF', '0.00', 0, '0', '', 1, 0, 0, 0),
(20000504, 'TSBT 3 X 8 CF', '0.00', 0, '0', '', 1, 0, 0, 0),
(20000505, 'TSBP SPC 3 X 10 CF', '0.00', 0, '0', '', 1, 0, 0, 0),
(20000506, 'TSBT 4 X 14 EB', '0.00', 0, '0', '', 1, 0, 0, 0),
(20000507, 'TSBT 3 X 16 CF', '0.00', 0, '0', '', 1, 0, 0, 0),
(20000508, 'TSAN 4 X 20 EB D10T0.8', '0.00', 0, '0', '', 1, 0, 0, 0),
(20000509, 'TSBT 4 X 16 EB', '0.00', 0, '0', '', 1, 0, 0, 0),
(20000510, 'TSBAT 5 X 14 CF', '0.00', 0, '0', '', 1, 0, 0, 0),
(20000511, 'TSBAT 5 X 12 CF', '0.00', 0, '0', '', 1, 0, 0, 0),
(20000512, 'TSAW 8 X 30 EB ?', '0.00', 0, '0', '', 1, 0, 0, 0),
(20000513, 'TSAT 4 X 10 EB', '0.00', 0, '0', '', 1, 0, 0, 0),
(20000514, 'TSABH 6 X 30-25 MC +', '0.00', 0, '0', '', 1, 0, 0, 0),
(20000515, 'TSBT SPC 3 X 16 KF', '0.00', 0, '0', '', 1, 0, 0, 0),
(20000516, 'TSBF SPC 3 X 6 NI3', '0.00', 0, '0', '', 1, 0, 0, 0),
(20000517, 'TSAO SPC 5.3 X 57-37 NI3 NON HT', '0.00', 0, '0', '', 1, 0, 0, 0),
(20000518, 'TSAP 3 X 12 MC3', '0.00', 0, '0', '', 1, 0, 0, 0),
(20000519, 'TSAT 4 X 25 MC3', '0.00', 0, '0', '', 1, 0, 0, 0),
(20000520, 'TSABF #8 X 5/8 UC', '0.00', 0, '0', '', 1, 0, 0, 0),
(20000521, 'TSBP 3 X 8 EB D7', '0.00', 0, '0', '', 1, 0, 0, 0),
(20000522, 'TSBN SPC 4 X 8 MC3 D12T1.1', '0.00', 0, '0', '', 1, 0, 0, 0),
(20000523, 'TSBAP 4 X 6 MC3', '0.00', 0, '0', '', 1, 0, 0, 0),
(20000524, 'TSBAT 5 X 20 CF', '0.00', 0, '0', '', 1, 0, 0, 0),
(20000525, 'TSAB 5 X 16 EB', '0.00', 0, '0', '', 1, 0, 0, 0),
(20000526, 'TSAF 4 X 30 MC3', '0.00', 0, '0', '', 1, 0, 0, 0),
(20000527, 'TSBT SPC 3 X 12 CF', '0.00', 0, '0', '', 1, 0, 0, 0),
(20000528, 'TSAF 4 X 30 EB', '0.00', 0, '0', '', 1, 0, 0, 0),
(20000530, 'TSAF 4.5 X 30 MC3', '0.00', 0, '0', '', 1, 0, 0, 0),
(20000531, 'TSBAT 5 X 25 CF', '0.00', 0, '0', '', 1, 0, 0, 0),
(20000532, 'TSAN 5 X 12 EB D11T0.8', '0.00', 0, '0', '', 1, 0, 0, 0),
(20000533, 'TSAF 3.5 X 51 MC3', '0.00', 0, '0', '', 1, 0, 0, 0),
(20000534, 'TSBP 3 X 12 MC3 D5.6 TORX', '0.00', 0, '0', '', 1, 0, 0, 0),
(20000535, 'TSBAT 5 X 12 SUS', '0.00', 0, '0', '', 1, 0, 0, 0),
(20000536, 'TSBX 6.5 X M4X11 MC3', '0.00', 0, '0', '', 1, 0, 0, 0),
(20000537, 'TSAB 4.5 X 16 NI3', '0.00', 0, '0', '', 1, 0, 0, 0),
(20000538, 'TSBP 3 X 10 MC3 16A', '0.00', 0, '0', '', 1, 0, 0, 0),
(20000539, 'TSBK SPC 4.4 X 10 MC3 + D14 C/4', '0.00', 0, '0', '', 1, 0, 0, 0),
(20000540, 'TSBN 2.24 X 8 EB D5T0.4', '0.00', 0, '0', '', 1, 0, 0, 0),
(20000541, 'TSBP 3 X 12 SUS', '0.00', 0, '0', '', 1, 0, 0, 0),
(20000542, 'TSBP 3 X 8 SUS', '0.00', 0, '0', '', 1, 0, 0, 0),
(20000543, 'TSABT 5 X 16 EB', '0.00', 0, '0', '', 1, 0, 0, 0),
(20000544, 'TSBF 4 X 8 EB', '0.00', 0, '0', '', 1, 0, 0, 0),
(20000545, 'TSBF 5 X 16 EB', '0.00', 0, '0', '', 1, 0, 0, 0),
(20000546, 'TSBP 3 X 16 CF', '0.00', 0, '0', '', 1, 0, 0, 0),
(20000547, 'TSAX 4 X 12 CF D11T0.8', '0.00', 0, '0', '', 1, 0, 0, 0),
(20000548, 'TSAT 6.5 X M5X17 UC', '0.00', 0, '0', '', 1, 0, 0, 0),
(20000549, 'TSBAT 4 X 8 KF', '0.00', 0, '0', '', 1, 0, 0, 0),
(20000550, 'TSAF 4 X 12 KF', '0.00', 0, '0', '', 1, 0, 0, 0),
(20000551, 'TSAF 4 X 14 KF', '0.00', 0, '0', '', 1, 0, 0, 0),
(20000552, 'TSAT 6 X 15 EB', '0.00', 0, '0', '', 1, 0, 0, 0),
(20000553, 'TSAP 3 X 8 NI', '0.00', 0, '0', '', 1, 0, 0, 0),
(20000554, 'TSBAX 4 X 10 MC3 D11T1.2', '0.00', 0, '0', '', 1, 0, 0, 0),
(20000555, 'TSAS 4 X 20 NI3 KNURL', '0.00', 0, '0', '', 1, 0, 0, 0),
(20000556, 'TSBN 2.15 X 8 KF D5T0.4', '0.00', 0, '0', '', 1, 0, 0, 0),
(20000557, 'TSBF 5 X 12 MC3', '0.00', 0, '0', '', 1, 0, 0, 0),
(20000558, 'TSBK 5 X 3X9.5-5 MC3 C/4', '0.00', 0, '0', '', 1, 0, 0, 0),
(20000559, 'TSBP 3 X 8 CF', '0.00', 0, '0', '', 1, 0, 0, 0),
(20000560, 'TSBP SPC 3 X 14 CF', '0.00', 0, '0', '', 1, 0, 0, 0),
(20000561, 'TSBAT 4 X 25 CF', '0.00', 0, '0', '', 1, 0, 0, 0),
(20000562, 'TSBAT 4 X 20 KF', '0.00', 0, '0', '', 1, 0, 0, 0),
(20000563, 'TSAP 4 X 12 MC3', '0.00', 0, '0', '', 1, 0, 0, 0),
(21000001, 'TSB1B 3 X 12 MC', '0.00', 0, '0', '', 1, 0, 0, 0),
(21000002, 'TSB1B 3 X 16 MC', '0.00', 0, '0', '', 1, 0, 0, 0),
(21000003, 'TSB1B 3 X 16 ZK', '0.00', 0, '0', '', 1, 0, 0, 0),
(21000004, 'TSB1F 4 X 10 MC', '0.00', 0, '0', '', 1, 0, 0, 0),
(21000005, 'TSB1F 4 X 12 MC', '0.00', 0, '0', '', 1, 0, 0, 0),
(21000006, 'TSB1F 4 X 20 ZK', '0.00', 0, '0', '', 1, 0, 0, 0),
(21000007, 'TSB1P 3 X 10 MC', '0.00', 0, '0', '', 1, 0, 0, 0),
(21000008, 'TSB1P 3 X 10 NI', '0.00', 0, '0', '', 1, 0, 0, 0),
(21000009, 'TSB1P 3 X 12 MC', '0.00', 0, '0', '', 1, 0, 0, 0),
(21000010, 'TSB1P 3 X 12 SUS', '0.00', 0, '0', '', 1, 0, 0, 0),
(21000011, 'TSB1P 3 X 12 UC', '0.00', 0, '0', '', 1, 0, 0, 0),
(21000012, 'TSB1P 3 X 16 MC', '0.00', 0, '0', '', 1, 0, 0, 0),
(21000013, 'TSB1P 3 X 20 MC', '0.00', 0, '0', '', 1, 0, 0, 0),
(21000014, 'TSB1P 3 X 28 UC', '0.00', 0, '0', '', 1, 0, 0, 0),
(21000015, 'TSB1P 4 X 8 MC', '0.00', 0, '0', '', 1, 0, 0, 0),
(21000016, 'TSB1P 4 X 10 MC', '0.00', 0, '0', '', 1, 0, 0, 0),
(21000017, 'TSB1P 4 X 10 SUS', '0.00', 0, '0', '', 1, 0, 0, 0),
(21000018, 'TSB1P 4 X 10 UC', '0.00', 0, '0', '', 1, 0, 0, 0),
(21000019, 'TSB1P 4 X 12 MC', '0.00', 0, '0', '', 1, 0, 0, 0),
(21000020, 'TSB1P 4 X 12 UC', '0.00', 0, '0', '', 1, 0, 0, 0),
(21000021, 'TSB1P 4 X 14 MC', '0.00', 0, '0', '', 1, 0, 0, 0),
(21000022, 'TSB1P 4 X 14 UC', '0.00', 0, '0', '', 1, 0, 0, 0),
(21000023, 'TSB1P 4 X 16 GR', '0.00', 0, '0', '', 1, 0, 0, 0),
(21000024, 'TSB1P 4 X 16 MC', '0.00', 0, '0', '', 1, 0, 0, 0),
(21000025, 'TSB1P 4 X 16 UC', '0.00', 0, '0', '', 1, 0, 0, 0),
(21000026, 'TSB1P 4 X 16 ZK', '0.00', 0, '0', '', 1, 0, 0, 0),
(21000027, 'TSB1P 4 X 20 MC', '0.00', 0, '0', '', 1, 0, 0, 0),
(21000028, 'TSB1P 4 X 20 UC', '0.00', 0, '0', '', 1, 0, 0, 0),
(21000029, 'TSB1P 4 X 20 ZK', '0.00', 0, '0', '', 1, 0, 0, 0),
(21000030, 'TSB1P 4 X 30 ZK', '0.00', 0, '0', '', 1, 0, 0, 0),
(21000031, 'TSB1P W/S 4 X 10 MC', '0.00', 0, '0', '', 1, 0, 0, 0),
(21000032, 'TSB1T 3.5 X 10 MC', '0.00', 0, '0', '', 1, 0, 0, 0),
(21000033, 'TSB1T 3.5 X 12 MC', '0.00', 0, '0', '', 1, 0, 0, 0),
(21000034, 'TSB1T 4 X 8 MC', '0.00', 0, '0', '', 1, 0, 0, 0),
(21000035, 'TSB1T 4 X 10 MC', '0.00', 0, '0', '', 1, 0, 0, 0),
(21000036, 'TSB1T 4 X 10 SUS', '0.00', 0, '0', '', 1, 0, 0, 0),
(21000037, 'TSB1T 4 X 12 MC', '0.00', 0, '0', '', 1, 0, 0, 0),
(21000038, 'TSB1T 4 X 12 SUS', '0.00', 0, '0', '', 1, 0, 0, 0),
(21000039, 'TSB1T 4 X 12 ZK', '0.00', 0, '0', '', 1, 0, 0, 0),
(21000040, 'TSB1T 4 X 14 MC', '0.00', 0, '0', '', 1, 0, 0, 0),
(21000041, 'TSB1T 4 X 14 SUS', '0.00', 0, '0', '', 1, 0, 0, 0),
(21000042, 'TSB1T 4 X 16 MC', '0.00', 0, '0', '', 1, 0, 0, 0),
(21000043, 'TSB1T 4 X 16 SUS', '0.00', 0, '0', '', 1, 0, 0, 0),
(21000044, 'TSB1T 4 X 16 ZK', '0.00', 0, '0', '', 1, 0, 0, 0),
(21000045, 'TSB1T 5 X 25 MC', '0.00', 0, '0', '', 1, 0, 0, 0),
(21000046, 'TSB1T 5 X 30 MC', '0.00', 0, '0', '', 1, 0, 0, 0),
(21000047, 'TSB1T 5 X 35 MC', '0.00', 0, '0', '', 1, 0, 0, 0),
(21000048, 'TSB1V 3 X 12 MC', '0.00', 0, '0', '', 1, 0, 0, 0),
(21000049, 'TSB1V 3 X 12 ZK', '0.00', 0, '0', '', 1, 0, 0, 0),
(21000050, 'TSC1H 5 X 20 MC', '0.00', 0, '0', '', 1, 0, 0, 0),
(21000051, 'TSC1P 5 X 20 ZK', '0.00', 0, '0', '', 1, 0, 0, 0),
(21000052, 'TSB1P 5 X 20 MC', '0.00', 0, '0', '', 1, 0, 0, 0),
(21000053, 'TSB1F 3 X 10 DC', '0.00', 0, '0', '', 1, 0, 0, 0),
(21000054, 'TSC1H 5 X 16 MC', '0.00', 0, '0', '', 1, 0, 0, 0),
(21000055, 'TSB1P 4 X 12 MC3', '0.00', 0, '0', '', 1, 0, 0, 0),
(21000056, 'TSB1V 3 X 15 MC', '0.00', 0, '0', '', 1, 0, 0, 0),
(21000057, 'TSB1T SPC #8 X 8.5 MC3 8M', '0.00', 0, '0', '', 1, 0, 0, 0),
(21000058, 'TSB1N 4 X 15 CF D10.2T0.8', '0.00', 0, '0', '', 1, 0, 0, 0),
(21000059, 'TSB1P 4 X 10 CF', '0.00', 0, '0', '', 1, 0, 0, 0),
(21000060, 'TSB1P 5 X 14 MC3', '0.00', 0, '0', '', 1, 0, 0, 0),
(21000111, 'TSB1P 4 X 20 CF', '0.00', 0, '0', '', 1, 0, 0, 0),
(21000167, 'TSBAT 5 X 12 UC', '0.00', 0, '0', '', 1, 0, 0, 0),
(21000168, 'ETSCW 5.6 X 38 MC', '0.00', 0, '0', '', 1, 0, 0, 0),
(21000169, 'TSCV 4 X 10 SUS D8.5 H2.5', '0.00', 0, '0', '', 1, 0, 0, 0),
(21000170, 'TSB1P 3 X 20 ZK', '0.00', 0, '0', '', 1, 0, 0, 0),
(21000171, 'TSC1H 5 X 16 MC3', '0.00', 0, '0', '', 1, 0, 0, 0),
(21000172, 'TSB1B 4 X 45 MC', '0.00', 0, '0', '', 1, 0, 0, 0),
(21000173, 'TSC1H 5 X 20 MC3', '0.00', 0, '0', '', 1, 0, 0, 0),
(21000174, 'TSB1P 3 X 12 UC3', '0.00', 0, '0', '', 1, 0, 0, 0),
(21000175, 'TSB1P W/S 4 X 10 MC3', '0.00', 0, '0', '', 1, 0, 0, 0),
(21000176, 'TSB1P 3 X 12 MC3', '0.00', 0, '0', '', 1, 0, 0, 0),
(21000177, 'TSB1T 4 X 18 MC', '0.00', 0, '0', '', 1, 0, 0, 0),
(21000178, 'TSB1T 5 X 12 UC', '0.00', 0, '0', '', 1, 0, 0, 0),
(21000179, 'TSB1B 4,2 X 13 UC +', '0.00', 0, '0', '', 1, 0, 0, 0),
(21000180, 'TSB1P 3 X 24 MC', '0.00', 0, '0', '', 1, 0, 0, 0),
(21000181, 'TSB1B 3 X 12 MC3', '0.00', 0, '0', '', 1, 0, 0, 0),
(21000182, 'TSB1P 5 X 14 UC', '0.00', 0, '0', '', 1, 0, 0, 0),
(21000183, 'TSB1P 5 X 14 MC', '0.00', 0, '0', '', 1, 0, 0, 0),
(21000184, 'TSB1B 3 X 16 MC3', '0.00', 0, '0', '', 1, 0, 0, 0),
(21000185, 'TSB1P 4 X 20 MC3', '0.00', 0, '0', '', 1, 0, 0, 0),
(21000186, 'TSB1T 4 X 16 MC3', '0.00', 0, '0', '', 1, 0, 0, 0),
(21000187, 'TSB1V 4 X 10 MC', '0.00', 0, '0', '', 1, 0, 0, 0),
(21000188, 'TSBP 4 X 14 ZK', '0.00', 0, '0', '', 1, 0, 0, 0),
(21000189, 'TSB1P 4 X 20 EB', '0.00', 0, '0', '', 1, 0, 0, 0),
(21000190, 'TSB1P 4 X 30 MC', '0.00', 0, '0', '', 1, 0, 0, 0),
(21000191, 'TSB1P 4.2 X 13 UC', '0.00', 0, '0', '', 1, 0, 0, 0),
(21000192, 'TSB1F 3 X 10 GM', '0.00', 0, '0', '', 1, 0, 0, 0),
(21000193, 'TSB1P 4 X 8 MC3', '0.00', 0, '0', '', 1, 0, 0, 0),
(21000194, 'TSB1T 5 X 12 ZK', '0.00', 0, '0', '', 1, 0, 0, 0),
(21000195, 'TSB1P 4 X 14 MC3', '0.00', 0, '0', '', 1, 0, 0, 0),
(21000196, 'TSB1T 5 X 16 EB', '0.00', 0, '0', '', 1, 0, 0, 0),
(21000197, 'TSC1P 5 X 8 MC3', '0.00', 0, '0', '', 1, 0, 0, 0),
(21000198, 'TSC1P 5 X 10 MC3', '0.00', 0, '0', '', 1, 0, 0, 0),
(21000199, 'TSB1B 3 X 10 MC', '0.00', 0, '0', '', 1, 0, 0, 0),
(21000200, 'TSB1T 4 X 12 UC', '0.00', 0, '0', '', 1, 0, 0, 0),
(21000201, 'TSB1T 4 X 12 MC3', '0.00', 0, '0', '', 1, 0, 0, 0),
(21000202, 'TSB1P 3 X 10 MC3', '0.00', 0, '0', '', 1, 0, 0, 0),
(21000203, 'TSB1P 4 X 25 EB', '0.00', 0, '0', '', 1, 0, 0, 0),
(21000204, 'TSB1P 4 X 16 MC3', '0.00', 0, '0', '', 1, 0, 0, 0),
(21000205, 'TSB1B 3 X 10 MC3', '0.00', 0, '0', '', 1, 0, 0, 0),
(21000206, 'TSB1T 4 X 25 MC', '0.00', 0, '0', '', 1, 0, 0, 0),
(21000207, 'TSB1B 3 X 14 EB', '0.00', 0, '0', '', 1, 0, 0, 0),
(21000208, 'TSB1B 3 X 14 MC3', '0.00', 0, '0', '', 1, 0, 0, 0),
(21000209, 'TSC1B 4.5 X 10 MC', '0.00', 0, '0', '', 1, 0, 0, 0),
(21000210, 'TSB1P 3 X 18 MC3', '0.00', 0, '0', '', 1, 0, 0, 0),
(21000211, 'TSB1T 4 X 18 MC3', '0.00', 0, '0', '', 1, 0, 0, 0),
(21000212, 'TSB1T 4 X 25 MC3', '0.00', 0, '0', '', 1, 0, 0, 0),
(21000213, 'TSB1T 4 X 8 MC3', '0.00', 0, '0', '', 1, 0, 0, 0),
(21000214, 'TSB1T 4 X 12 CF', '0.00', 0, '0', '', 1, 0, 0, 0),
(21000215, 'TSB1P SPC 4 X 8 MC', '0.00', 0, '0', '', 1, 0, 0, 0),
(21000216, 'TSB1P 3 X 8 UC', '0.00', 0, '0', '', 1, 0, 0, 0),
(21000217, 'TSB1B 3 X 8 MC3', '0.00', 0, '0', '', 1, 0, 0, 0),
(21000218, 'TSB1P SPC 3 X 8 MC3', '0.00', 0, '0', '', 1, 0, 0, 0),
(21000219, 'TSB1P SPC 3 X 8 UC', '0.00', 0, '0', '', 1, 0, 0, 0),
(21000220, 'TSB1B 3 X 8 MC', '0.00', 0, '0', '', 1, 0, 0, 0),
(21000221, 'TSB1P SPC 3 X 8 MC', '0.00', 0, '0', '', 1, 0, 0, 0),
(21000222, 'TSB1O 4 X 12 CF', '0.00', 0, '0', '', 1, 0, 0, 0),
(21000223, 'TSB1B 3 X 20 CF', '0.00', 0, '0', '', 1, 0, 0, 0),
(21000224, 'TSB1B 3 X 16 CF', '0.00', 0, '0', '', 1, 0, 0, 0),
(21000225, 'TSB1P 4 X 25 CF', '0.00', 0, '0', '', 1, 0, 0, 0),
(21000226, 'TSB1P 4 X 16 EB', '0.00', 0, '0', '', 1, 0, 0, 0),
(21000227, 'TSB1P 3 X 12 EB', '0.00', 0, '0', '', 1, 0, 0, 0),
(21000228, 'TSB1N 4 X 10 MC3 D10T1', '0.00', 0, '0', '', 1, 0, 0, 0),
(21000229, 'TSB1T 4 X 10 MC3', '0.00', 0, '0', '', 1, 0, 0, 0),
(21000230, 'TSB1T 4 X 14 CF', '0.00', 0, '0', '', 1, 0, 0, 0),
(21000231, 'TSB1P 4 X 14 EB', '0.00', 0, '0', '', 1, 0, 0, 0),
(21000232, 'TSB1P 4 X 12 EB', '0.00', 0, '0', '', 1, 0, 0, 0),
(21000233, 'TSB1P 3 X 8 MC3', '0.00', 0, '0', '', 1, 0, 0, 0),
(21000234, 'TSB1B 3 X 16 EB', '0.00', 0, '0', '', 1, 0, 0, 0),
(21000235, 'DRILL SCREW 4 X 22 ZK', '0.00', 0, '0', '', 1, 0, 0, 0),
(21000236, 'TSC1B 4.5 X 10 MC3 P0.75', '0.00', 0, '0', '', 1, 0, 0, 0),
(21000237, 'TSB1B 3 X 10 CF', '0.00', 0, '0', '', 1, 0, 0, 0),
(21000238, 'TSB1T 4 X 14 MC3 TORX', '0.00', 0, '0', '', 1, 0, 0, 0),
(21000239, 'TSB1P 4 X 30 CF', '0.00', 0, '0', '', 1, 0, 0, 0),
(21000240, 'TSB1P 4 X 14 CF', '0.00', 0, '0', '', 1, 0, 0, 0),
(21000241, 'TSB1P 4 X 14 KF', '0.00', 0, '0', '', 1, 0, 0, 0),
(21000242, 'TSB1T 4 X 12 KF', '0.00', 0, '0', '', 1, 0, 0, 0),
(21000243, 'TSB1P 4 X 20 KF', '0.00', 0, '0', '', 1, 0, 0, 0),
(21000244, 'TSB1P 4 X 25 KF', '0.00', 0, '0', '', 1, 0, 0, 0),
(21000245, 'TSB1P 5 X 14 CF', '0.00', 0, '0', '', 1, 0, 0, 0),
(21000246, 'TSB1P 4 X 16 KF', '0.00', 0, '0', '', 1, 0, 0, 0),
(21000247, 'TSB1P 4 X 16 CF', '0.00', 0, '0', '', 1, 0, 0, 0),
(21000248, 'TSB1P 3 X 12 CF', '0.00', 0, '0', '', 1, 0, 0, 0),
(21000249, 'TSB1P 4 X 12 CF', '0.00', 0, '0', '', 1, 0, 0, 0),
(21000250, 'TSB1T 5 X 12 CF', '0.00', 0, '0', '', 1, 0, 0, 0),
(21000251, 'TSB1P 3 X 10 CF', '0.00', 0, '0', '', 1, 0, 0, 0),
(21000252, 'TSB1P 3 X 16 CF', '0.00', 0, '0', '', 1, 0, 0, 0),
(21000253, 'TSB1B 3 X 14 CF', '0.00', 0, '0', '', 1, 0, 0, 0),
(21000254, 'TSB1P SPC 3 X 8 CF', '0.00', 0, '0', '', 1, 0, 0, 0),
(21000255, 'TSB1B 3 X 8 CF', '0.00', 0, '0', '', 1, 0, 0, 0),
(21000256, 'TSB1B 3 X 12 CF', '0.00', 0, '0', '', 1, 0, 0, 0),
(21000257, 'TSC1O 4 X 12 UC', '0.00', 0, '0', '', 1, 0, 0, 0),
(21000258, 'TSB1H 5 X 14 MC3 K10', '0.00', 0, '0', '', 1, 0, 0, 0),
(21000259, 'TSB1H 6 X 14 MC3 +', '0.00', 0, '0', '', 1, 0, 0, 0),
(21000260, 'TSB1H 6 X 14 MC +', '0.00', 0, '0', '', 1, 0, 0, 0),
(21000261, 'TSB1B 3 X 8 KF', '0.00', 0, '0', '', 1, 0, 0, 0),
(21000262, 'TSB1P 4 X 12 MC3 15M', '0.00', 0, '0', '', 1, 0, 0, 0),
(21000263, 'TSB1B 3 X 10 EB', '0.00', 0, '0', '', 1, 0, 0, 0),
(21000264, 'TSB1T 4 X 16 KF', '0.00', 0, '0', '', 1, 0, 0, 0),
(21000265, 'TSC1O 4 X 12 ZK', '0.00', 0, '0', '', 1, 0, 0, 0),
(21000266, 'TSB1T 5 X 16 KF', '0.00', 0, '0', '', 1, 0, 0, 0),
(21000267, 'TSB1O 4 X 12 KF', '0.00', 0, '0', '', 1, 0, 0, 0),
(22000001, '(F)TSAB 4 X 16 MC', '0.00', 0, '0', '', 1, 0, 0, 0),
(22000002, '(F)TSABH 5 X 25 MC +', '0.00', 0, '0', '', 1, 0, 0, 0),
(22000003, '(F)TSBAT 5 X 16 GR D12T0.8', '0.00', 0, '0', '', 1, 0, 0, 0),
(22000004, '(F)TSBT 4 X 10 GR D10T1', '0.00', 0, '0', '', 1, 0, 0, 0),
(22000005, '(F)TSBT 5 X 16 GR D12T0.8', '0.00', 0, '0', '', 1, 0, 0, 0),
(22000006, '(F)TSBT 5 X 16 NC D12T0.8', '0.00', 0, '0', '', 1, 0, 0, 0),
(22000008, '(Q)TSABH 5 X 28 MC + D17T3.8', '0.00', 0, '0', '', 1, 0, 0, 0),
(22000009, '(Q)TSABH 5 X 30 MC + D22T3.8', '0.00', 0, '0', '', 1, 0, 0, 0),
(22000010, '(Q)TSAH 5 X 25 MC + D17T3.8', '0.00', 0, '0', '', 1, 0, 0, 0),
(22000011, '(Q)TSAH 5 X 30 MC + D22T3.8', '0.00', 0, '0', '', 1, 0, 0, 0),
(22000012, '(Q)TSAH 5 X 34 MC + D22T3.8', '0.00', 0, '0', '', 1, 0, 0, 0),
(22000013, '(Q)TSCH 6 X 25 ZK + D22T3.8', '0.00', 0, '0', '', 1, 0, 0, 0),
(22000014, '(Q)TSAH 5 X 34 MC + D17T3.8', '0.00', 0, '0', '', 1, 0, 0, 0),
(22000015, '(Q)TSABH 5 X 32 MC3 + D17T3.8', '0.00', 0, '0', '', 1, 0, 0, 0),
(22000016, '(F)TSBAB 4 X 16 MC D17T0.8', '0.00', 0, '0', '', 1, 0, 0, 0),
(22000017, '(F)TSAB 4 X 25 MC D17T0.8', '0.00', 0, '0', '', 1, 0, 0, 0),
(22000018, '(Q)TSAH 5 X 30 MC + D22T3.8 +21E', '0.00', 0, '0', '', 1, 0, 0, 0),
(22000019, '(Q)TSAH 5 X 30 MC + D22T3.8 +21F', '0.00', 0, '0', '', 1, 0, 0, 0),
(22000020, '(Q)TSAH 5 X 34 MC + D22T3.8 +21E', '0.00', 0, '0', '', 1, 0, 0, 0),
(22000021, '(Q)TSAH 5 X 34 MC + D22T3.8 +21F', '0.00', 0, '0', '', 1, 0, 0, 0),
(22000022, '(Q)TSAH 5 X 34 MC + D22T3.8 +919C', '0.00', 0, '0', '', 1, 0, 0, 0),
(22000023, '(Q)TSAH 5 X 34 MC + D17T3.8 +919C', '0.00', 0, '0', '', 1, 0, 0, 0),
(22000024, '(Q)TSAH 5 X 30 MC3 + D22T3.8 +21E', '0.00', 0, '0', '', 1, 0, 0, 0),
(22000025, '(Q)TSAH 5 X 30 MC3 + D22T3.8 +21F', '0.00', 0, '0', '', 1, 0, 0, 0),
(22000026, '(Q)TSAH 5 X 34 MC3 + D22T3.8 +21E', '0.00', 0, '0', '', 1, 0, 0, 0),
(22000027, '(Q)TSAH 5 X 34 MC3 + D22T3.8 +21F', '0.00', 0, '0', '', 1, 0, 0, 0),
(22000028, '(Q)TSAH 5 X 34 MC3 + D22T3.8 +919C', '0.00', 0, '0', '', 1, 0, 0, 0),
(22000029, '(Q)TSAH 5 X 34 MC3 + D17T3.8 +919C', '0.00', 0, '0', '', 1, 0, 0, 0),
(22000030, '(Q)TSAH 5 X 30 MC3 + D22T3.8', '0.00', 0, '0', '', 1, 0, 0, 0),
(22000031, '(Q)TSAH 5 X 34 MC3 + D22T3.8', '0.00', 0, '0', '', 1, 0, 0, 0),
(22000032, '(Q)TSAH 5 X 34 MC3 + D17T3.8', '0.00', 0, '0', '', 1, 0, 0, 0),
(22000033, '(F)TSBAT 5 X 16 EB D12T0.8', '0.00', 0, '0', '', 1, 0, 0, 0),
(22000035, '(F)TSBAT 5 X 16 MC3 D12T0.8', '0.00', 0, '0', '', 1, 0, 0, 0),
(22000036, '(F)TSAB 4 X 14 ZK D14T1', '0.00', 0, '0', '', 1, 0, 0, 0),
(22000037, '(F)TSAB 4 X 25 MC3 D17T0.8', '0.00', 0, '0', '', 1, 0, 0, 0),
(22000038, '(F)TSBAB 4 X 16 MC3 D17T0.8', '0.00', 0, '0', '', 1, 0, 0, 0),
(22000039, '(Q)TSABH 5 X 30 MC3 + D22T3.8', '0.00', 0, '0', '', 1, 0, 0, 0),
(22000040, '(F)TSAT 5 X 16 MC3 D18T1', '0.00', 0, '0', '', 1, 0, 0, 0),
(22000041, '(F)TSAB 4 X 16 MC3 D14T1', '0.00', 0, '0', '', 1, 0, 0, 0),
(22000042, '(W)TSCP SPC 3 X 6 NI3 D7T0.5', '0.00', 0, '0', '', 1, 0, 0, 0),
(22000043, '(W)TSCP SPC 4 X 8 EB D8T0.8', '0.00', 0, '0', '', 1, 0, 0, 0),
(22000044, '(W)TSBT 4 X 12 MC3 D10T0.8', '0.00', 0, '0', '', 1, 0, 0, 0),
(22000045, '(F)TSABP 4 X M4X14.5-11.6 MC3 D10T1.2', '0.00', 0, '0', '', 1, 0, 0, 0),
(22000046, '(F)TSAH 6 X 16 KF D16T1', '0.00', 0, '0', '', 1, 0, 0, 0),
(23000001, '(F)TSB1P 4 X 16 MC D10T1', '0.00', 0, '0', '', 1, 0, 0, 0),
(23000002, '(W)TSB1P 4 X 14 UC D8T0.8', '0.00', 0, '0', '', 1, 0, 0, 0),
(23000003, '(F)TSBH 5.75 X 25 MC + D16T1.2 HI-LO', '0.00', 0, '0', '', 1, 0, 0, 0),
(23000004, '(F)PCAH 6 X 35 MC D20T1.2 K8', '0.00', 0, '0', '', 1, 0, 0, 0),
(23000005, '(Q)PCH 7 X 28 MC +D22T3.8', '0.00', 0, '0', '', 1, 0, 0, 0),
(23000006, '(Q)PCH 7 X 33 MC +D22T3.8', '0.00', 0, '0', '', 1, 0, 0, 0),
(23000007, '(Q)PCH 7 X 40 MC +D22T3.8', '0.00', 0, '0', '', 1, 0, 0, 0),
(23000008, '(Q)PCH 7 X 40 MC +D17T3.8', '0.00', 0, '0', '', 1, 0, 0, 0),
(23000009, '(F)TSABH 5 X 25 MC3 +', '0.00', 0, '0', '', 1, 0, 0, 0),
(23000010, '(Q)TSABH 5 X 28 MC3 + D17T3.8', '0.00', 0, '0', '', 1, 0, 0, 0),
(23000011, '(F)TSB1P 5 X 12 GR D12T0.8', '0.00', 0, '0', '', 1, 0, 0, 0),
(23000012, '(Q)PCH 7 X 40 MC +D17T3.8+919C', '0.00', 0, '0', '', 1, 0, 0, 0),
(23000013, '(Q)PCH 7 X 40 MC +D17T3.8+420A', '0.00', 0, '0', '', 1, 0, 0, 0),
(23000014, '(Q)TSABH 6 X 33 MC3 +D20', '0.00', 0, '0', '', 1, 0, 0, 0),
(23000015, '(Q)PCH 7 X 40 MC3 +D17T3.8+919C', '0.00', 0, '0', '', 1, 0, 0, 0),
(23000016, '(Q)PCH 7 X 40 MC3 +D17T3.8+420A', '0.00', 0, '0', '', 1, 0, 0, 0),
(23000017, '(Q)PCH 7 X 40 MC3 +D17T3.8', '0.00', 0, '0', '', 1, 0, 0, 0),
(23000018, '(F)TSB1P 5 X 12 EB D12T0.8', '0.00', 0, '0', '', 1, 0, 0, 0),
(23000019, '(A)TSC1T 4 X 16 MC3', '0.00', 0, '0', '', 1, 0, 0, 0),
(23000020, '(Q)PCH 7 X 40 MC3 +D17T3.8 +H721F', '0.00', 0, '0', '', 1, 0, 0, 0),
(23000021, '(F)TSB1H 6 X 10 MC3 + D16T1', '0.00', 0, '0', '', 1, 0, 0, 0),
(23000022, '(F)TSB1R 5.2 X M5X18 CF D12T0.8', '0.00', 0, '0', '', 1, 0, 0, 0),
(23000216, '(Q)TSAH 5 X 34 MC3 + D17T3.8 +21E', '0.00', 0, '0', '', 1, 0, 0, 0),
(23000217, '(Q)TSAH 5 X 34 MC3 + D17T3.8 +21F', '0.00', 0, '0', '', 1, 0, 0, 0),
(23000218, '(F)TSBT 5 X 14 ZK  D20T1', '0.00', 0, '0', '', 1, 0, 0, 0),
(23000219, '(W)TSCP 2.6 X 6.9 MC3 D8T0.5', '0.00', 0, '0', '', 1, 0, 0, 0),
(23000220, '(F)TSAP 4 X 16 MC D12T1', '0.00', 0, '0', '', 1, 0, 0, 0),
(23000221, '(W)TSCP 4 X 45 MC3 D9T0.8', '0.00', 0, '0', '', 1, 0, 0, 0),
(23000222, '(F)TSBT 5 X 14 KF D20T1', '0.00', 0, '0', '', 1, 0, 0, 0),
(23000223, '(W)TSB1P 4 X 14 CF D8T0.8', '0.00', 0, '0', '', 1, 0, 0, 0),
(23000224, '(F)TSB1H 6 X 12 MC3 + D16T1', '0.00', 0, '0', '', 1, 0, 0, 0),
(23000225, '(F)TSB1R 4.2 X M4X23 CF D10T0.8', '0.00', 0, '0', '', 1, 0, 0, 0),
(24000001, 'BTB 2.6 X 6 MC ?', '0.00', 0, '0', '', 1, 0, 0, 0),
(24000002, 'BTB 3 X 6 MC', '0.00', 0, '0', '', 1, 0, 0, 0),
(24000003, 'BTB 3 X 6 ZK', '0.00', 0, '0', '', 1, 0, 0, 0),
(24000004, 'BTB 3 X 8 MC', '0.00', 0, '0', '', 1, 0, 0, 0),
(24000005, 'BTB 3 X 8 NI', '0.00', 0, '0', '', 1, 0, 0, 0),
(24000006, 'BTB 3 X 8 ZK', '0.00', 0, '0', '', 1, 0, 0, 0),
(24000007, 'BTB 3 X 10 ZK', '0.00', 0, '0', '', 1, 0, 0, 0),
(24000008, 'BTB 3 X 12 MC', '0.00', 0, '0', '', 1, 0, 0, 0),
(24000009, 'BTB 3 X 12 NI', '0.00', 0, '0', '', 1, 0, 0, 0),
(24000010, 'BTB 3 X 12 ZK', '0.00', 0, '0', '', 1, 0, 0, 0),
(24000011, 'BTB 3 X 16 ZK', '0.00', 0, '0', '', 1, 0, 0, 0),
(24000012, 'BTB 3.5 X 10 ZK', '0.00', 0, '0', '', 1, 0, 0, 0),
(24000013, 'BTB 3.5 X 12 MC', '0.00', 0, '0', '', 1, 0, 0, 0),
(24000014, 'BTB 3.5 X 12 ZK', '0.00', 0, '0', '', 1, 0, 0, 0),
(24000015, 'BTB 3.5 X 14 ZK', '0.00', 0, '0', '', 1, 0, 0, 0),
(24000016, 'BTB 4 X 10 MC', '0.00', 0, '0', '', 1, 0, 0, 0),
(24000017, 'BTB 4 X 10 ZK', '0.00', 0, '0', '', 1, 0, 0, 0),
(24000018, 'BTB 4 X 12 MC', '0.00', 0, '0', '', 1, 0, 0, 0),
(24000019, 'BTB 4 X 12 ZK', '0.00', 0, '0', '', 1, 0, 0, 0),
(24000020, 'BTB 4 X 16 MC', '0.00', 0, '0', '', 1, 0, 0, 0),
(24000021, 'BTB 4 X 16 ZK', '0.00', 0, '0', '', 1, 0, 0, 0),
(24000022, 'BTB 4 X 20 MC', '0.00', 0, '0', '', 1, 0, 0, 0),
(24000023, 'BTF 3 X 6 ZK', '0.00', 0, '0', '', 1, 0, 0, 0),
(24000024, 'BTF 3 X 8 ZK', '0.00', 0, '0', '', 1, 0, 0, 0),
(24000025, 'BTF 3 X 10 ZK', '0.00', 0, '0', '', 1, 0, 0, 0),
(24000026, 'BTF 3 X 14 MC', '0.00', 0, '0', '', 1, 0, 0, 0),
(24000027, 'BTN 3 X 6 MC D8T0.5', '0.00', 0, '0', '', 1, 0, 0, 0),
(24000028, 'BTN 3 X 6 ZK D8T1', '0.00', 0, '0', '', 1, 0, 0, 0),
(24000029, 'BTN 3 X 8 ZK D8T1', '0.00', 0, '0', '', 1, 0, 0, 0),
(24000030, 'BTN 3 X 10 MC D10T0.5', '0.00', 0, '0', '', 1, 0, 0, 0),
(24000031, 'BTN 3 X 10 ZK D8T1', '0.00', 0, '0', '', 1, 0, 0, 0),
(24000032, 'BTN 3 X 12 ZK D8T1', '0.00', 0, '0', '', 1, 0, 0, 0),
(24000033, 'BTP 3 X 6 MC', '0.00', 0, '0', '', 1, 0, 0, 0);
INSERT INTO `m_item` (`m_item_id`, `m_item_name`, `m_item_net_weight`, `m_item_ext_id`, `m_item_qty_box`, `m_item_note`, `m_item_mark`, `m_item_baking`, `m_item_bom_stat`, `m_item_route_stat`) VALUES
(24000034, 'BTP 3 X 6 ZK', '0.00', 0, '0', '', 1, 0, 0, 0),
(24000035, 'BTP 3 X 8 ZK', '0.00', 0, '0', '', 1, 0, 0, 0),
(24000036, 'BTP 3 X 10 MC', '0.00', 0, '0', '', 1, 0, 0, 0),
(24000037, 'BTP 3 X 10 ZK', '0.00', 0, '0', '', 1, 0, 0, 0),
(24000038, 'BTP 3 X 12 ZK', '0.00', 0, '0', '', 1, 0, 0, 0),
(24000039, 'BTP 3 X 16 UC', '0.00', 0, '0', '', 1, 0, 0, 0),
(24000040, 'BTP 4 X 10 ZK', '0.00', 0, '0', '', 1, 0, 0, 0),
(24000041, 'BTV 3 X 6 MC', '0.00', 0, '0', '', 1, 0, 0, 0),
(24000042, 'BTV 3 X 6 ZK', '0.00', 0, '0', '', 1, 0, 0, 0),
(24000043, 'BTV 3 X 8 MC', '0.00', 0, '0', '', 1, 0, 0, 0),
(24000044, 'BTV 3 X 8 NC', '0.00', 0, '0', '', 1, 0, 0, 0),
(24000045, 'BTV 3 X 8 ZK', '0.00', 0, '0', '', 1, 0, 0, 0),
(24000046, 'BTV 3 X 10 MC', '0.00', 0, '0', '', 1, 0, 0, 0),
(24000047, 'BTV 3 X 10 ZK', '0.00', 0, '0', '', 1, 0, 0, 0),
(24000048, 'BTV 3 X 12 MC', '0.00', 0, '0', '', 1, 0, 0, 0),
(24000049, 'BTV 3 X 12 ZK', '0.00', 0, '0', '', 1, 0, 0, 0),
(24000050, 'BTV 3 X 15 MC', '0.00', 0, '0', '', 1, 0, 0, 0),
(24000051, 'BTV 3 X 15 ZK', '0.00', 0, '0', '', 1, 0, 0, 0),
(24000052, 'BTV 3 X 16 MC', '0.00', 0, '0', '', 1, 0, 0, 0),
(24000053, 'BTV 3 X 25-16 ZK', '0.00', 0, '0', '', 1, 0, 0, 0),
(24000054, 'BTV 4 X 6 MC', '0.00', 0, '0', '', 1, 0, 0, 0),
(24000055, 'BTV 4 X 8 MC', '0.00', 0, '0', '', 1, 0, 0, 0),
(24000056, 'BTV 4 X 8 NC', '0.00', 0, '0', '', 1, 0, 0, 0),
(24000057, 'BTV 4 X 8 NI', '0.00', 0, '0', '', 1, 0, 0, 0),
(24000058, 'BTV 4 X 8 ZK', '0.00', 0, '0', '', 1, 0, 0, 0),
(24000059, 'BTV 4 X 10 MC', '0.00', 0, '0', '', 1, 0, 0, 0),
(24000060, 'BTV 4 X 12 MC', '0.00', 0, '0', '', 1, 0, 0, 0),
(24000061, 'BTV 4 X 12 ZK', '0.00', 0, '0', '', 1, 0, 0, 0),
(24000062, 'BTV 4 X 16 MC', '0.00', 0, '0', '', 1, 0, 0, 0),
(24000063, 'BTV 4 X 16 ZK', '0.00', 0, '0', '', 1, 0, 0, 0),
(24000064, 'BTV 4 X 20 MC', '0.00', 0, '0', '', 1, 0, 0, 0),
(24000065, 'BTZ 3 X 6 MC D8T0.5', '0.00', 0, '0', '', 1, 0, 0, 0),
(24000066, 'BTZ 3 X 6 NC D8T0.5', '0.00', 0, '0', '', 1, 0, 0, 0),
(24000067, 'BTZ 3 X 6 ZK D8T0.5', '0.00', 0, '0', '', 1, 0, 0, 0),
(24000068, 'BTZ 3 X 8 MC D8T0.5', '0.00', 0, '0', '', 1, 0, 0, 0),
(24000069, 'BTZ 3 X 8 NC D8T0.5', '0.00', 0, '0', '', 1, 0, 0, 0),
(24000070, 'BTZ 3 X 10 MC D8T0.5', '0.00', 0, '0', '', 1, 0, 0, 0),
(24000071, 'BTZ 3 X 12 MC D8T0.5', '0.00', 0, '0', '', 1, 0, 0, 0),
(24000072, 'BTZ 3 X 16 MC D8T0.5', '0.00', 0, '0', '', 1, 0, 0, 0),
(24000073, 'PTB 3 X 8 MC', '0.00', 0, '0', '', 1, 0, 0, 0),
(24000074, 'PTB 4 X 8 ZK', '0.00', 0, '0', '', 1, 0, 0, 0),
(24000075, 'PTB 4 X 12 ZK', '0.00', 0, '0', '', 1, 0, 0, 0),
(24000076, 'PTB 4 X 16 MC', '0.00', 0, '0', '', 1, 0, 0, 0),
(24000077, 'PTF 2 X 7 ZK', '0.00', 0, '0', '', 1, 0, 0, 0),
(24000078, 'PTP 4 X 16 MC', '0.00', 0, '0', '', 1, 0, 0, 0),
(24000079, 'PTT 4 X 10 ZK', '0.00', 0, '0', '', 1, 0, 0, 0),
(24000080, 'PTT 4 X 12 MC', '0.00', 0, '0', '', 1, 0, 0, 0),
(24000081, 'PTT 4 X 12 ZK', '0.00', 0, '0', '', 1, 0, 0, 0),
(24000082, 'PTT 4 X 14 ZK', '0.00', 0, '0', '', 1, 0, 0, 0),
(24000083, 'PTT 4 X 16 ZK', '0.00', 0, '0', '', 1, 0, 0, 0),
(24000084, 'PTT 4 X 20 ZK', '0.00', 0, '0', '', 1, 0, 0, 0),
(24000085, 'PTV 3 X 12 ZK', '0.00', 0, '0', '', 1, 0, 0, 0),
(24000086, 'PTV 3 X 16 ZK', '0.00', 0, '0', '', 1, 0, 0, 0),
(24000087, 'PTZ 3 X 10 ZK D8T1', '0.00', 0, '0', '', 1, 0, 0, 0),
(24000088, 'PTZ 3 X 12 ZK D8T1', '0.00', 0, '0', '', 1, 0, 0, 0),
(24000089, 'PTZ 3 X 16 ZK D8T1', '0.00', 0, '0', '', 1, 0, 0, 0),
(24000090, 'STB 3 X 8 ZK', '0.00', 0, '0', '', 1, 0, 0, 0),
(24000091, 'STB 4 X 8 NI', '0.00', 0, '0', '', 1, 0, 0, 0),
(24000092, 'STB 4 X 8 ZK', '0.00', 0, '0', '', 1, 0, 0, 0),
(24000093, 'STB 4 X 10 MC', '0.00', 0, '0', '', 1, 0, 0, 0),
(24000094, 'STB 4 X 10 NI', '0.00', 0, '0', '', 1, 0, 0, 0),
(24000095, 'STP 2 X 5.5 MC', '0.00', 0, '0', '', 1, 0, 0, 0),
(24000096, 'STP 3 X 6 MC', '0.00', 0, '0', '', 1, 0, 0, 0),
(24000097, 'STP 3 X 8 MC 8 MIKRON', '0.00', 0, '0', '', 1, 0, 0, 0),
(24000098, 'STP 4 X 8 MC', '0.00', 0, '0', '', 1, 0, 0, 0),
(24000099, 'STP 4 X 10 MC', '0.00', 0, '0', '', 1, 0, 0, 0),
(24000100, 'STP 4 X 12 MC', '0.00', 0, '0', '', 1, 0, 0, 0),
(24000101, 'STT 4 X 12 MC', '0.00', 0, '0', '', 1, 0, 0, 0),
(24000102, 'STT 5 X 16 MC', '0.00', 0, '0', '', 1, 0, 0, 0),
(24000103, 'STT W/S 4 X 10 MC', '0.00', 0, '0', '', 1, 0, 0, 0),
(24000104, 'STW 5 X 12 MC +', '0.00', 0, '0', '', 1, 0, 0, 0),
(24000105, 'STW 5 X 16 MC + FLANGE', '0.00', 0, '0', '', 1, 0, 0, 0),
(24000106, 'STW 5 X 16 NI + RATA', '0.00', 0, '0', '', 1, 0, 0, 0),
(24000107, 'STW 5 X 16 NI + FLANGE', '0.00', 0, '0', '', 1, 0, 0, 0),
(24000108, 'STW 5 X 16 UC', '0.00', 0, '0', '', 1, 0, 0, 0),
(24000109, 'STF 4 X 10 EB', '0.00', 0, '0', '', 1, 0, 0, 0),
(24000110, 'PTV 3 X 10 ZK', '0.00', 0, '0', '', 1, 0, 0, 0),
(24000111, 'BTV 4 X 14 ZK', '0.00', 0, '0', '', 1, 0, 0, 0),
(24000112, 'PTZ 3 X 12 ZK D8T1 +WASHER RUBBER', '0.00', 0, '0', '', 1, 0, 0, 0),
(24000114, 'BTV 4 X 10 ZK', '0.00', 0, '0', '', 1, 0, 0, 0),
(24000115, 'PTP 3 X 30-20 UC', '0.00', 0, '0', '', 1, 0, 0, 0),
(24000116, 'STW 6 X 16 MC RATA', '0.00', 0, '0', '', 1, 0, 0, 0),
(24000117, 'BTB 3 X 8 ZKB', '0.00', 0, '0', '', 1, 0, 0, 0),
(24000118, 'SWR 3.1 X 25 MC', '0.00', 0, '0', '', 1, 0, 0, 0),
(24000119, 'BTP 3 X 16 MC', '0.00', 0, '0', '', 1, 0, 0, 0),
(24000120, 'SWR 4.5 X 38 MC', '0.00', 0, '0', '', 1, 0, 0, 0),
(24000121, 'BTP 3 X 8 MC', '0.00', 0, '0', '', 1, 0, 0, 0),
(24000122, 'BTP 3 X 20 MC ?', '0.00', 0, '0', '', 1, 0, 0, 0),
(24000123, 'STP 4 X 6 MC', '0.00', 0, '0', '', 1, 0, 0, 0),
(24000124, 'BTB 4 X 8 MC', '0.00', 0, '0', '', 1, 0, 0, 0),
(24000125, 'BTZ 3 X 8 MC3 D8T0.5', '0.00', 0, '0', '', 1, 0, 0, 0),
(24000126, 'BTZ 3 X 10 MC3 D8T0.5', '0.00', 0, '0', '', 1, 0, 0, 0),
(24000127, 'BTP 3 X 16 UC3', '0.00', 0, '0', '', 1, 0, 0, 0),
(24000128, 'BTB 4 X 10 MC3', '0.00', 0, '0', '', 1, 0, 0, 0),
(24000129, 'BTN 4.5 X M3X16-7 ZK TORX LT', '0.00', 0, '0', '', 1, 0, 0, 0),
(24000130, 'BTP 3 X 16 MC3', '0.00', 0, '0', '', 1, 0, 0, 0),
(24000131, 'BTN 3 X 6 MC3 D8T0.5', '0.00', 0, '0', '', 1, 0, 0, 0),
(24000132, 'BTB 4 X 20 MC3', '0.00', 0, '0', '', 1, 0, 0, 0),
(24000133, 'PTZ 3 X 12 MC D8T1', '0.00', 0, '0', '', 1, 0, 0, 0),
(24000134, 'STW 6 X 16 UC RATA', '0.00', 0, '0', '', 1, 0, 0, 0),
(24000135, 'BTB 3 X 8 MC3', '0.00', 0, '0', '', 1, 0, 0, 0),
(24000136, 'BTB 3 X 8 EB', '0.00', 0, '0', '', 1, 0, 0, 0),
(24000137, 'BTB 3 X 6 MC3', '0.00', 0, '0', '', 1, 0, 0, 0),
(24000138, 'BTB 3 X 6 EB', '0.00', 0, '0', '', 1, 0, 0, 0),
(24000139, 'BTB 3 X 16 EB', '0.00', 0, '0', '', 1, 0, 0, 0),
(24000140, 'STB 3 X 8 EB', '0.00', 0, '0', '', 1, 0, 0, 0),
(24000141, 'BTB 3 X 12 EB', '0.00', 0, '0', '', 1, 0, 0, 0),
(24000142, 'BTB 4 X 16 EB', '0.00', 0, '0', '', 1, 0, 0, 0),
(24000143, 'STW 5 X 16 MC3', '0.00', 0, '0', '', 1, 0, 0, 0),
(24000144, 'STW 6 X 16 MC3 RATA', '0.00', 0, '0', '', 1, 0, 0, 0),
(24000145, 'BTB 4 X 8 MC3', '0.00', 0, '0', '', 1, 0, 0, 0),
(24000146, 'BTB 3 X 10 MC', '0.00', 0, '0', '', 1, 0, 0, 0),
(24000147, 'BTF 3 X 8 MC', '0.00', 0, '0', '', 1, 0, 0, 0),
(24000148, 'BTB 4 X 16 MC3', '0.00', 0, '0', '', 1, 0, 0, 0),
(24000149, 'BTV 3 X 16 MC3', '0.00', 0, '0', '', 1, 0, 0, 0),
(24000150, 'STT W/S 4 X 10 MC3', '0.00', 0, '0', '', 1, 0, 0, 0),
(24000151, 'BTB 4 X 12 MC3', '0.00', 0, '0', '', 1, 0, 0, 0),
(24000152, 'STF 3 X 10 ZK', '0.00', 0, '0', '', 1, 0, 0, 0),
(24000153, 'PTB 3 X 10 MC', '0.00', 0, '0', '', 1, 0, 0, 0),
(24000154, 'BTB 3 X 14 MC', '0.00', 0, '0', '', 1, 0, 0, 0),
(24000155, 'PTB 2.6 X 8 MC', '0.00', 0, '0', '', 1, 0, 0, 0),
(24000156, 'PTB 3 X 12 MC', '0.00', 0, '0', '', 1, 0, 0, 0),
(24000157, 'PTB 3 X 20 MC', '0.00', 0, '0', '', 1, 0, 0, 0),
(24000158, 'PTF 3 X 10 MC', '0.00', 0, '0', '', 1, 0, 0, 0),
(24000159, 'BTP 3 X 6 EB', '0.00', 0, '0', '', 1, 0, 0, 0),
(24000160, 'BTP 3 X 8 EB', '0.00', 0, '0', '', 1, 0, 0, 0),
(24000161, 'BTP 3 X 10 EB', '0.00', 0, '0', '', 1, 0, 0, 0),
(24000162, 'BTP 3 X 12 EB', '0.00', 0, '0', '', 1, 0, 0, 0),
(24000163, 'BTN 3 X 8 EB D8T1', '0.00', 0, '0', '', 1, 0, 0, 0),
(24000164, 'BTN 3 X 10 EB D8T1', '0.00', 0, '0', '', 1, 0, 0, 0),
(24000165, 'BTN 3 X 12 EB D8T1', '0.00', 0, '0', '', 1, 0, 0, 0),
(24000166, 'BTN 3 X 8 MC D8T0.5', '0.00', 0, '0', '', 1, 0, 0, 0),
(24000167, 'PTT 4 X 12 EB', '0.00', 0, '0', '', 1, 0, 0, 0),
(24000168, 'PTB 3 X 25-18 MC', '0.00', 0, '0', '', 1, 0, 0, 0),
(24000169, 'PTB 3 X 8 MC3', '0.00', 0, '0', '', 1, 0, 0, 0),
(24000170, 'PTZ 3 X 12 EB D8T1', '0.00', 0, '0', '', 1, 0, 0, 0),
(24000171, 'PTT 4 X 16 EB', '0.00', 0, '0', '', 1, 0, 0, 0),
(24000172, 'PTT 4 X 10 EB', '0.00', 0, '0', '', 1, 0, 0, 0),
(24000173, 'PTV 3 X 12 EB', '0.00', 0, '0', '', 1, 0, 0, 0),
(24000174, 'PTZ 3 X 10 EB D8T1', '0.00', 0, '0', '', 1, 0, 0, 0),
(24000175, 'BTN 3 X 6 EB D8T1', '0.00', 0, '0', '', 1, 0, 0, 0),
(24000176, 'BTF 3 X 14 MC3', '0.00', 0, '0', '', 1, 0, 0, 0),
(24000177, 'PTV 3 X 10 EB', '0.00', 0, '0', '', 1, 0, 0, 0),
(24000178, 'PTP 4 X 16 MC3', '0.00', 0, '0', '', 1, 0, 0, 0),
(24000179, 'PTV 3 X 16 EB', '0.00', 0, '0', '', 1, 0, 0, 0),
(24000180, 'PTV 3 X 12 MC3', '0.00', 0, '0', '', 1, 0, 0, 0),
(24000181, 'PTV 3 X 10 MC3', '0.00', 0, '0', '', 1, 0, 0, 0),
(24000182, 'PTV 3 X 8 MC3', '0.00', 0, '0', '', 1, 0, 0, 0),
(24000183, 'PTT 4 X 14 EB', '0.00', 0, '0', '', 1, 0, 0, 0),
(24000184, 'BTB 4 X 8 ZK', '0.00', 0, '0', '', 1, 0, 0, 0),
(24000185, 'STP 3 X 6 EB', '0.00', 0, '0', '', 1, 0, 0, 0),
(24000186, 'STW 5 X 16 MC + RATA', '0.00', 0, '0', '', 1, 0, 0, 0),
(24000187, 'BTB 4 X 12 EB', '0.00', 0, '0', '', 1, 0, 0, 0),
(24000188, 'STB 3 X 6 EB', '0.00', 0, '0', '', 1, 0, 0, 0),
(24000189, 'BTB 4 X 10 EB', '0.00', 0, '0', '', 1, 0, 0, 0),
(24000190, 'BTB 4 X 15 MC3', '0.00', 0, '0', '', 1, 0, 0, 0),
(24000191, 'STB 5 X 12 ZK', '0.00', 0, '0', '', 1, 0, 0, 0),
(24000192, 'BTN 3 X 8 MC3 D8T1', '0.00', 0, '0', '', 1, 0, 0, 0),
(24000193, 'BTV 4 X 12 EB', '0.00', 0, '0', '', 1, 0, 0, 0),
(24000194, 'PTT 4 X 20 EB', '0.00', 0, '0', '', 1, 0, 0, 0),
(24000195, 'BTB 3 X 16 MC', '0.00', 0, '0', '', 1, 0, 0, 0),
(24000196, 'BTB 4 X 12 NI', '0.00', 0, '0', '', 1, 0, 0, 0),
(24000197, 'BTV 3 X 8 MC3', '0.00', 0, '0', '', 1, 0, 0, 0),
(24000198, 'STP 3 X 6 MC3', '0.00', 0, '0', '', 1, 0, 0, 0),
(24000199, 'BTZ 3 X 12 MC3 D8T0.5', '0.00', 0, '0', '', 1, 0, 0, 0),
(24000200, 'BTB 4 X 8 EB', '0.00', 0, '0', '', 1, 0, 0, 0),
(24000201, 'STW 6 X 12 MC3', '0.00', 0, '0', '', 1, 0, 0, 0),
(24000202, 'STZ W/S 3 X 6 MC3 D8T0.8', '0.00', 0, '0', '', 1, 0, 0, 0),
(24000203, 'STW 6 X 20 MC3 RATA', '0.00', 0, '0', '', 1, 0, 0, 0),
(24000205, 'PTZ 3 X 16 EB D8T1', '0.00', 0, '0', '', 1, 0, 0, 0),
(24000206, 'BTF 3 X 12 NI', '0.00', 0, '0', '', 1, 0, 0, 0),
(24000207, 'STN 5 X 10 EB D12T1', '0.00', 0, '0', '', 1, 0, 0, 0),
(24000208, 'STB 4 X 10 ZK', '0.00', 0, '0', '', 1, 0, 0, 0),
(24000209, 'PTB 4 X 8 EB', '0.00', 0, '0', '', 1, 0, 0, 0),
(24000210, 'STN 4 X 10 EB D10T0.8', '0.00', 0, '0', '', 1, 0, 0, 0),
(24000211, 'PTB 3 X 8 EB', '0.00', 0, '0', '', 1, 0, 0, 0),
(24000212, 'BTB 3 X 6 NI', '0.00', 0, '0', '', 1, 0, 0, 0),
(24000213, 'BTB 3 X 12 MC3', '0.00', 0, '0', '', 1, 0, 0, 0),
(24000214, 'BTB 4 X 8 NI', '0.00', 0, '0', '', 1, 0, 0, 0),
(24000215, 'BTB 3 X 10 MC3', '0.00', 0, '0', '', 1, 0, 0, 0),
(24000216, 'STB 5 X 12 EB', '0.00', 0, '0', '', 1, 0, 0, 0),
(24000217, 'STP 3 X 12 MC3', '0.00', 0, '0', '', 1, 0, 0, 0),
(24000218, 'PTB 4 X 10 MC3', '0.00', 0, '0', '', 1, 0, 0, 0),
(24000219, 'STP 3 X 16 MC3', '0.00', 0, '0', '', 1, 0, 0, 0),
(24000220, 'STB 4 X 8 EB', '0.00', 0, '0', '', 1, 0, 0, 0),
(24000221, 'BTB 3 X 10 EB', '0.00', 0, '0', '', 1, 0, 0, 0),
(24000222, 'PTB 3 X 16 MC3', '0.00', 0, '0', '', 1, 0, 0, 0),
(24000223, 'PTB 4 X 12 EB', '0.00', 0, '0', '', 1, 0, 0, 0),
(24000224, 'PTB 3 X 10 EB', '0.00', 0, '0', '', 1, 0, 0, 0),
(24000225, 'PTB 4 X 16 EB', '0.00', 0, '0', '', 1, 0, 0, 0),
(24000226, 'PTP 3 X 10 EB', '0.00', 0, '0', '', 1, 0, 0, 0),
(24000227, 'PTP 4 X 10 EB', '0.00', 0, '0', '', 1, 0, 0, 0),
(24000228, 'STT 4 X 10 MC', '0.00', 0, '0', '', 1, 0, 0, 0),
(24000229, 'PTB 3.5 X 16 MC3', '0.00', 0, '0', '', 1, 0, 0, 0),
(24000230, 'STB 4 X 10 EB', '0.00', 0, '0', '', 1, 0, 0, 0),
(24000231, 'STB 2.5 X 14 MC3', '0.00', 0, '0', '', 1, 0, 0, 0),
(24000232, 'STW 5 X 20 MC + FLANGE', '0.00', 0, '0', '', 1, 0, 0, 0),
(24000233, 'PTP 2 X 8 MC3', '0.00', 0, '0', '', 1, 0, 0, 0),
(24000234, 'STN SPC 4 X 9 EB UR D10T0.9', '0.00', 0, '0', '', 1, 0, 0, 0),
(24000235, 'STW 5 X 12 MC3 + RATA', '0.00', 0, '0', '', 1, 0, 0, 0),
(24000236, 'PTB 3 X 16 EB', '0.00', 0, '0', '', 1, 0, 0, 0),
(24000237, 'BTT 4 X 12 EB', '0.00', 0, '0', '', 1, 0, 0, 0),
(24000238, 'PTB 5 X 25 MC3', '0.00', 0, '0', '', 1, 0, 0, 0),
(24000239, 'BTF 4 X 20 NC', '0.00', 0, '0', '', 1, 0, 0, 0),
(24000240, 'PTB 3 X 6 EB', '0.00', 0, '0', '', 1, 0, 0, 0),
(24000241, 'BTP 3 X 14 MC3', '0.00', 0, '0', '', 1, 0, 0, 0),
(24000242, 'STT 4 X 10 MC3', '0.00', 0, '0', '', 1, 0, 0, 0),
(24000243, 'BTP 4 X 12 MC3', '0.00', 0, '0', '', 1, 0, 0, 0),
(24000244, 'STP 3 X 8 CF 8M', '0.00', 0, '0', '', 1, 0, 0, 0),
(24000245, 'PTB 3 X 14 EB', '0.00', 0, '0', '', 1, 0, 0, 0),
(24000246, 'PTB SPC 3 X 16 MC3', '0.00', 0, '0', '', 1, 0, 0, 0),
(24000247, 'PTB SPC 3 X 16 EB', '0.00', 0, '0', '', 1, 0, 0, 0),
(24000248, 'BTF 3 X 8 EB', '0.00', 0, '0', '', 1, 0, 0, 0),
(24000249, 'PTP 3 X 6 MC3', '0.00', 0, '0', '', 1, 0, 0, 0),
(24000250, 'STT 4 X 14 EB', '0.00', 0, '0', '', 1, 0, 0, 0),
(24000251, 'BTN 3 X 8 MC3 D8T0.5', '0.00', 0, '0', '', 1, 0, 0, 0),
(24000252, 'PTB 4 X 55 MC3', '0.00', 0, '0', '', 1, 0, 0, 0),
(24000253, 'PTF 4 X 16 MC3', '0.00', 0, '0', '', 1, 0, 0, 0),
(24000254, 'PTN 4 X 25-17 EB D12T1', '0.00', 0, '0', '', 1, 0, 0, 0),
(24000255, 'PTB 4 X 10 EB', '0.00', 0, '0', '', 1, 0, 0, 0),
(24000256, 'BTB 3 X 20 EB', '0.00', 0, '0', '', 1, 0, 0, 0),
(24000257, 'PTP 3 X 8 EB', '0.00', 0, '0', '', 1, 0, 0, 0),
(24000258, 'STT SPC 4 X 8 MC3 UR', '0.00', 0, '0', '', 1, 0, 0, 0),
(24000259, 'STN 5 X 8 EB D12T1', '0.00', 0, '0', '', 1, 0, 0, 0),
(24000260, 'BTP 4 X 14 MC3', '0.00', 0, '0', '', 1, 0, 0, 0),
(24000261, 'STP 3 X 8 MC3 8 MICRON', '0.00', 0, '0', '', 1, 0, 0, 0),
(24000262, 'BTP 3 X 8 UC', '0.00', 0, '0', '', 1, 0, 0, 0),
(24000263, 'BTB 3 X 14 MC3', '0.00', 0, '0', '', 1, 0, 0, 0),
(24000264, 'PTZ 3 X 10 MC D10T0.6', '0.00', 0, '0', '', 1, 0, 0, 0),
(24000265, 'STF 3 X 6 MC3', '0.00', 0, '0', '', 1, 0, 0, 0),
(24000266, 'STB 2 X 8 MC3', '0.00', 0, '0', '', 1, 0, 0, 0),
(24000267, 'STT SPC 4 X 9 MC3 UR', '0.00', 0, '0', '', 1, 0, 0, 0),
(24000268, 'BTB 4 X 25 EB', '0.00', 0, '0', '', 1, 0, 0, 0),
(24000269, 'BTN 3 X 10 MC3 D12T0.8', '0.00', 0, '0', '', 1, 0, 0, 0),
(24000270, 'BTN SPC 3 X 10 MC3 D10', '0.00', 0, '0', '', 1, 0, 0, 0),
(24000271, 'BTN 3 X 8 CU D8T0.8', '0.00', 0, '0', '', 1, 0, 0, 0),
(24000272, 'PTB 3 X 12 EB', '0.00', 0, '0', '', 1, 0, 0, 0),
(24000273, 'PTZ 3 X 8 MC3 D10T0.6', '0.00', 0, '0', '', 1, 0, 0, 0),
(24000274, 'STB 4 X 6 EB', '0.00', 0, '0', '', 1, 0, 0, 0),
(24000275, 'STP 5 X 11 CF TORX -', '0.00', 0, '0', '', 1, 0, 0, 0),
(24000276, 'PTB 4 X 16 CF', '0.00', 0, '0', '', 1, 0, 0, 0),
(24000277, 'PTB 4 X 20 EB', '0.00', 0, '0', '', 1, 0, 0, 0),
(24000278, 'STB 2 X 4 MC3', '0.00', 0, '0', '', 1, 0, 0, 0),
(24000279, 'BTP 2 X 5 MC3', '0.00', 0, '0', '', 1, 0, 0, 0),
(24000280, 'BTF 3 X 12 MC3', '0.00', 0, '0', '', 1, 0, 0, 0),
(24000281, 'BTN 3 X 8 UC D8T1', '0.00', 0, '0', '', 1, 0, 0, 0),
(24000282, 'STW 5 X 16 MC3 + RATA', '0.00', 0, '0', '', 1, 0, 0, 0),
(24000283, 'PTF 3 X 10 MC3 16A', '0.00', 0, '0', '', 1, 0, 0, 0),
(24000284, 'PTP 3 X 8 MC3 16A', '0.00', 0, '0', '', 1, 0, 0, 0),
(24000285, 'PTF 3 X 10 EB 16A', '0.00', 0, '0', '', 1, 0, 0, 0),
(24000286, 'PTN 3 X 8 EB D8T1', '0.00', 0, '0', '', 1, 0, 0, 0),
(24000287, 'PTP 2 X 6 MC3 16A', '0.00', 0, '0', '', 1, 0, 0, 0),
(24000288, 'BTB 2 X 8 MC3', '0.00', 0, '0', '', 1, 0, 0, 0),
(24000289, 'PTF 3 X 8 EB 16A', '0.00', 0, '0', '', 1, 0, 0, 0),
(24000290, 'PTP 3 X 6 MC3 16A', '0.00', 0, '0', '', 1, 0, 0, 0),
(24000291, 'PTB 3.5 X 12 EB', '0.00', 0, '0', '', 1, 0, 0, 0),
(24000292, 'PTB 4 X 16 MC3', '0.00', 0, '0', '', 1, 0, 0, 0),
(24000293, 'PTB 2 X 8 SUS', '0.00', 0, '0', '', 1, 0, 0, 0),
(24000294, 'STB 4 X 8 MC3', '0.00', 0, '0', '', 1, 0, 0, 0),
(24000295, 'STP 4 X 25 MC3', '0.00', 0, '0', '', 1, 0, 0, 0),
(24000296, 'PTZ 3 X 12 MC3 D8T1', '0.00', 0, '0', '', 1, 0, 0, 0),
(24000297, 'STR 4 X 10 EB D7.6 TORX', '0.00', 0, '0', '', 1, 0, 0, 0),
(24000298, 'PTV 3 X 8 EB', '0.00', 0, '0', '', 1, 0, 0, 0),
(24000299, 'PTP 4 X 20 EB', '0.00', 0, '0', '', 1, 0, 0, 0),
(24000300, 'PTT 4 X 16 MC3', '0.00', 0, '0', '', 1, 0, 0, 0),
(24000301, 'PTT 4 X 12 MC3', '0.00', 0, '0', '', 1, 0, 0, 0),
(24000302, 'PTB 3 X 10 MC3 TORX', '0.00', 0, '0', '', 1, 0, 0, 0),
(24000303, 'PTB 3 X 20 MC3 TORX', '0.00', 0, '0', '', 1, 0, 0, 0),
(24000304, 'PTP 4 X 30 MC3', '0.00', 0, '0', '', 1, 0, 0, 0),
(24000305, 'PTB 4 X 12 MC3 TORX D7.5', '0.00', 0, '0', '', 1, 0, 0, 0),
(24000306, 'STT 4 X 6 MC3', '0.00', 0, '0', '', 1, 0, 0, 0),
(24000307, 'BTN 4 X 20 EB D12.5T0.8', '0.00', 0, '0', '', 1, 0, 0, 0),
(24000308, 'BTN 4 X 25-20 EB D11T1', '0.00', 0, '0', '', 1, 0, 0, 0),
(24000309, 'PTP 4 X 30 EB', '0.00', 0, '0', '', 1, 0, 0, 0),
(24000310, 'PTF 4 X 12 MC3', '0.00', 0, '0', '', 1, 0, 0, 0),
(24000311, 'PTP 4 X 25 MC3', '0.00', 0, '0', '', 1, 0, 0, 0),
(24000312, 'PTB 3.5 X 10 EB', '0.00', 0, '0', '', 1, 0, 0, 0),
(24000313, 'BTZ 3 X 8 UC D8T0.5', '0.00', 0, '0', '', 1, 0, 0, 0),
(24000314, 'PTT 5 X 16 MC3', '0.00', 0, '0', '', 1, 0, 0, 0),
(24000315, 'PTT 5 X 10 MC3', '0.00', 0, '0', '', 1, 0, 0, 0),
(24000316, 'STN 5 X 10 EB D12T1 H3.5', '0.00', 0, '0', '', 1, 0, 0, 0),
(24000317, 'STN 3 X 6 MC3 D8T0.8', '0.00', 0, '0', '', 1, 0, 0, 0),
(24000318, 'BTF 4 X 10 EB', '0.00', 0, '0', '', 1, 0, 0, 0),
(24000319, 'BTB 2.6 X 8 EB', '0.00', 0, '0', '', 1, 0, 0, 0),
(24000320, 'STP 4 X 12 MC3 C/3', '0.00', 0, '0', '', 1, 0, 0, 0),
(24000321, 'STP SPC 4 X 10 MC3 C/3', '0.00', 0, '0', '', 1, 0, 0, 0),
(24000322, 'PTB 3 X 12 MC3', '0.00', 0, '0', '', 1, 0, 0, 0),
(24000323, 'STB 3 X 12 EB', '0.00', 0, '0', '', 1, 0, 0, 0),
(24000324, 'STB 3 X 16 MC3', '0.00', 0, '0', '', 1, 0, 0, 0),
(24000325, 'STP 4 X 20 MC3', '0.00', 0, '0', '', 1, 0, 0, 0),
(24000326, 'PTB 3 X 8 BN 16A', '0.00', 0, '0', '', 1, 0, 0, 0),
(24000327, 'BTF 3 X 16 EB', '0.00', 0, '0', '', 1, 0, 0, 0),
(24000328, 'BTF 3 X 10 EB', '0.00', 0, '0', '', 1, 0, 0, 0),
(25000001, '(F)BTV 4 X 12 MC D12T1', '0.00', 0, '0', '', 1, 0, 0, 0),
(25000002, '(Q)BTH 5 X 30 MC + D22T3.8', '0.00', 0, '0', '', 1, 0, 0, 0),
(25000003, '(F)PTT 4 X 12 ZK D14T0.8', '0.00', 0, '0', '', 1, 0, 0, 0),
(25000004, '(F)PTT 4 X 16 ZK D14T0.8', '0.00', 0, '0', '', 1, 0, 0, 0),
(25000005, '(F)PTT 4 X 16 ZK D17T0.8', '0.00', 0, '0', '', 1, 0, 0, 0),
(25000006, '(Q)DTH 6 X 35 MC +D18T3.9', '0.00', 0, '0', '', 1, 0, 0, 0),
(25000007, '(F)PTT 4 X 16 MC D17T0.8', '0.00', 0, '0', '', 1, 0, 0, 0),
(25000008, '(C)STT 4 X 10 MC3', '0.00', 0, '0', '', 1, 0, 0, 0),
(25000010, '(C)STT 4 X 10 MC', '0.00', 0, '0', '', 1, 0, 0, 0),
(25000011, '(F)PTT 4 X 16 MC3 D17T0.8', '0.00', 0, '0', '', 1, 0, 0, 0),
(25000012, '(9)DTH 6 X 35 MC  D22T3.9', '0.00', 0, '0', '', 1, 0, 0, 0),
(25000013, '(F)PTT 4 X 16 EB D14T0.8', '0.00', 0, '0', '', 1, 0, 0, 0),
(25000014, '(F)PTT 4 X 12 EB D14T0.8', '0.00', 0, '0', '', 1, 0, 0, 0),
(25000015, '(F)BTB 3 X 8 MC3 D8T0.5', '0.00', 0, '0', '', 1, 0, 0, 0),
(25000016, '(C)STT 4 X 14 MC3', '0.00', 0, '0', '', 1, 0, 0, 0),
(25000017, '(F)BTV 4 X 12 MC3 D12T1', '0.00', 0, '0', '', 1, 0, 0, 0),
(25000018, '(9)DTH 6 X 35 MC3 + D22T3.9', '0.00', 0, '0', '', 1, 0, 0, 0),
(25000019, '(Q)DTH 6 X 35 MC3 + D18T3.8', '0.00', 0, '0', '', 1, 0, 0, 0),
(25000020, '(W)BTH 3 X 18 MC3 D8T0.5', '0.00', 0, '0', '', 1, 0, 0, 0),
(25000021, '(W)BTB 3 X 10 MC3 D8T0.5', '0.00', 0, '0', '', 1, 0, 0, 0),
(25000023, '(F)STB 3 X 6 MC3 D8T0.5', '0.00', 0, '0', '', 1, 0, 0, 0),
(25000024, '(F)STB 3 X 8 MC3 D8T0.5', '0.00', 0, '0', '', 1, 0, 0, 0),
(25000025, '(F)STB 3 X 6 MC3 D7T0.5', '0.00', 0, '0', '', 1, 0, 0, 0),
(25000026, '(F)PTB 3 X 16 MC3 D8T0.5', '0.00', 0, '0', '', 1, 0, 0, 0),
(25000027, '(F)PTB 3 X 8 MC3 D8T0.5', '0.00', 0, '0', '', 1, 0, 0, 0),
(25000028, '(F)PTB 3 X 10 MC3 D6T0.5', '0.00', 0, '0', '', 1, 0, 0, 0),
(25000029, '(F)PTB 3 X 8 MC3 D7T0.5', '0.00', 0, '0', '', 1, 0, 0, 0),
(25000030, '(M)PTB 4 X 22 MC3 D9T0.8', '0.00', 0, '0', '', 1, 0, 0, 0),
(25000031, '(A)PTB 3 X 10 MC3', '0.00', 0, '0', '', 1, 0, 0, 0),
(25000032, '(W)PTB 3 X 12 MC3 D6T0.5', '0.00', 0, '0', '', 1, 0, 0, 0),
(25000033, '(F)PTB 3 X 10 MC3 D7T0.5', '0.00', 0, '0', '', 1, 0, 0, 0),
(25000034, '(F)STP 3 X 6 MC3 D6T0.5', '0.00', 0, '0', '', 1, 0, 0, 0),
(25000036, '(W)PTB 3 X 10 MC3 D6T0.5', '0.00', 0, '0', '', 1, 0, 0, 0),
(25000037, '(W)PTB 3 X 12 EB D6T0.5', '0.00', 0, '0', '', 1, 0, 0, 0),
(25000038, '(F)STB 3 X 8 EB D7T0.5', '0.00', 0, '0', '', 1, 0, 0, 0),
(25000039, '(W)STP 3 X 8 MC3 D8T0.5', '0.00', 0, '0', '', 1, 0, 0, 0),
(25000040, '(W)BTH 3 X 15 CU D10T1', '0.00', 0, '0', '', 1, 0, 0, 0),
(25000041, '(F)STH 6 X 12 MC3 D18T1 TORX', '0.00', 0, '0', '', 1, 0, 0, 0),
(25000042, '(F)PTB 3 X 10 MC3 D8T0.5', '0.00', 0, '0', '', 1, 0, 0, 0),
(25000043, '(W)STP 3 X 7 NI3 D7T0.5', '0.00', 0, '0', '', 1, 0, 0, 0),
(25000044, '(F)PTT SPC 5 X 16 MC3 D20T1.2', '0.00', 0, '0', '', 1, 0, 0, 0),
(25000045, '(F)PTB 3 X 10 MC3 D13T1', '0.00', 0, '0', '', 1, 0, 0, 0),
(25000046, '(A)PTP 3 X 10 CF', '0.00', 0, '0', '', 1, 0, 0, 0),
(25000047, '(W)STP 4 X 12 CF D10T0.8', '0.00', 0, '0', '', 1, 0, 0, 0),
(26000001, 'STABP #8 X 1\" SUS', '0.00', 0, '0', '', 1, 0, 0, 0),
(26000002, 'STABP #8 X 1/2\" SUS', '0.00', 0, '0', '', 1, 0, 0, 0),
(26000003, 'STABT #8 X 1/2\" KZ', '0.00', 0, '0', '', 1, 0, 0, 0),
(26000004, 'STABP #8 X 3/8 MC', '0.00', 0, '0', '', 1, 0, 0, 0),
(26000005, 'STABF #6 X 1/2 SUS', '0.00', 0, '0', '', 1, 0, 0, 0),
(26000006, 'STABP #4 X 3/8 MC -', '0.00', 0, '0', '', 1, 0, 0, 0),
(30000001, 'RVK 1.8 X 4 AL', '0.00', 0, '0', '', 1, 0, 0, 0),
(30000002, 'RVK 2 X 9 AL', '0.00', 0, '0', '', 1, 0, 0, 0),
(30000003, 'RVK 2 X 13.5 AL', '0.00', 0, '0', '', 1, 0, 0, 0),
(30000004, 'RVK 2 X 28 AL', '0.00', 0, '0', '', 1, 0, 0, 0),
(30000005, 'RVK 3 X 6 UC', '0.00', 0, '0', '', 1, 0, 0, 0),
(30000006, 'RVK 3 X 15.5 AL', '0.00', 0, '0', '', 1, 0, 0, 0),
(30000007, 'RVK 3 X 16.5 AL', '0.00', 0, '0', '', 1, 0, 0, 0),
(30000008, 'RVK 6 X 17 KZ', '0.00', 0, '0', '', 1, 0, 0, 0),
(30000009, 'RVK 8 X 11.9 KZ CAMPER', '0.00', 0, '0', '', 1, 0, 0, 0),
(30000010, 'RVK 8 X 12 MC', '0.00', 0, '0', '', 1, 0, 0, 0),
(30000011, 'SRK 3 X 10 CU', '0.00', 0, '0', '', 1, 0, 0, 0),
(30000012, 'SRK 4 X 5 AL', '0.00', 0, '0', '', 1, 0, 0, 0),
(30000013, 'SRK 4 X 12 CU', '0.00', 0, '0', '', 1, 0, 0, 0),
(30000014, 'SRK 4 X 12 UC H4.8', '0.00', 0, '0', '', 1, 0, 0, 0),
(30000015, 'SRK 5 X 15 UC', '0.00', 0, '0', '', 1, 0, 0, 0),
(30000016, 'SRK 5 X 27.5 BC', '0.00', 0, '0', '', 1, 0, 0, 0),
(30000017, 'SRT 2 X 11 AL', '0.00', 0, '0', '', 1, 0, 0, 0),
(30000018, 'SRT 5 X 10 UC', '0.00', 0, '0', '', 1, 0, 0, 0),
(30000019, 'SRT 5 X 23 KZ', '0.00', 0, '0', '', 1, 0, 0, 0),
(30000020, 'SRT 5 X 25 KZ', '0.00', 0, '0', '', 1, 0, 0, 0),
(30000021, 'SRT 5 X 26 KZ', '0.00', 0, '0', '', 1, 0, 0, 0),
(30000022, 'SRT 5 X 26 NI', '0.00', 0, '0', '', 1, 0, 0, 0),
(30000023, 'SRT 5 X 26 UC', '0.00', 0, '0', '', 1, 0, 0, 0),
(30000024, 'SRT 5 X 28 KZ', '0.00', 0, '0', '', 1, 0, 0, 0),
(30000025, 'SRT 5 X 28 UC', '0.00', 0, '0', '', 1, 0, 0, 0),
(30000026, 'RVK SQ 5 X 11.3 KZ', '0.00', 0, '0', '', 1, 0, 0, 0),
(30000027, 'SRK 4 X 9.5 CU', '0.00', 0, '0', '', 1, 0, 0, 0),
(30000028, 'RVR 6 X 12.2 KZ', '0.00', 0, '0', '', 1, 0, 0, 0),
(30000029, 'RVR 6 X 15.2 UC H3.2', '0.00', 0, '0', '', 1, 0, 0, 0),
(30000030, 'RVR 6 X 18.7 MC H3.2', '0.00', 0, '0', '', 1, 0, 0, 0),
(30000031, 'SRK 4 X 3X24 NI', '0.00', 0, '0', '', 1, 0, 0, 0),
(30000032, 'RVR 6 X 16 KZ', '0.00', 0, '0', '', 1, 0, 0, 0),
(30000033, 'RVR 6 X 26 KZ', '0.00', 0, '0', '', 1, 0, 0, 0),
(30000034, 'PIN 2 X 30 KZ', '0.00', 0, '0', '', 1, 0, 0, 0),
(30000035, 'RVK 2.47 X 15.4 BC', '0.00', 0, '0', '', 1, 0, 0, 0),
(30000036, 'PIN 2.4 X 45 KZ', '0.00', 0, '0', '', 1, 0, 0, 0),
(30000037, 'SRK 4 X 5.5 AL', '0.00', 0, '0', '', 1, 0, 0, 0),
(30000038, 'RVT 3 X 10 AL', '0.00', 0, '0', '', 1, 0, 0, 0),
(30000039, 'SRT 3 X 16.5 AL', '0.00', 0, '0', '', 1, 0, 0, 0),
(30000040, 'DUPLO 3.5 X 4X11.5 KZ', '0.00', 0, '0', '', 1, 0, 0, 0),
(30000041, 'SRF 5 X 18.75-3.7 KZ', '0.00', 0, '0', '', 1, 0, 0, 0),
(30000042, 'RVK 5.8 X 4.9X16.3 KZ', '0.00', 0, '0', '', 1, 0, 0, 0),
(30000043, 'RVF 4 X 16 AL', '0.00', 0, '0', '', 1, 0, 0, 0),
(30000044, 'RVK 6 X 14 KZ', '0.00', 0, '0', '', 1, 0, 0, 0),
(30000045, 'RVK 8 X 13.5 KZ', '0.00', 0, '0', '', 1, 0, 0, 0),
(30000046, 'RVK 8 X 66 KZ', '0.00', 0, '0', '', 1, 0, 0, 0),
(30000047, 'RVK 2.5 X 14 KZ', '0.00', 0, '0', '', 1, 0, 0, 0),
(30000048, 'RVK 5 X 13 ZK', '0.00', 0, '0', '', 1, 0, 0, 0),
(30000049, 'SRK 4 X 12 KZ H4.8', '0.00', 0, '0', '', 1, 0, 0, 0),
(30000050, 'RVR 4 X 12 KZ', '0.00', 0, '0', '', 1, 0, 0, 0),
(30000051, 'RVK 8 X 10 KZ', '0.00', 0, '0', '', 1, 0, 0, 0),
(30000052, 'RVK 4 X 17 AL', '0.00', 0, '0', '', 1, 0, 0, 0),
(30000053, 'RVK 6.4 X 50 MC3', '0.00', 0, '0', '', 1, 0, 0, 0),
(30000054, 'SRT 3 X 6 NC', '0.00', 0, '0', '', 1, 0, 0, 0),
(30000055, 'SRT 3 X 7 NC', '0.00', 0, '0', '', 1, 0, 0, 0),
(30000056, 'RVK 3 X 6 KZ', '0.00', 0, '0', '', 1, 0, 0, 0),
(30000057, 'RVK 4 X 17 AL D6', '0.00', 0, '0', '', 1, 0, 0, 0),
(30000058, 'SRT 2.5 X 7 NC', '0.00', 0, '0', '', 1, 0, 0, 0),
(30000059, 'SRT 3 X 8.5 NC', '0.00', 0, '0', '', 1, 0, 0, 0),
(30000060, 'SRT 4 X 13 NC', '0.00', 0, '0', '', 1, 0, 0, 0),
(30000061, 'RVK 6 X 18 KZ', '0.00', 0, '0', '', 1, 0, 0, 0),
(30000062, 'PIN 2.6 X 40 KZ', '0.00', 0, '0', '', 1, 0, 0, 0),
(30000063, 'SRT 3.4 X 8.5 NC', '0.00', 0, '0', '', 1, 0, 0, 0),
(30000064, 'PIN 2 X 50 KZ', '0.00', 0, '0', '', 1, 0, 0, 0),
(30000065, 'RVR 6 X 20 KZ', '0.00', 0, '0', '', 1, 0, 0, 0),
(30000066, 'RVK 2.9 X 5 AL', '0.00', 0, '0', '', 1, 0, 0, 0),
(30000067, 'RVR 2.6 X 34 BC', '0.00', 0, '0', '', 1, 0, 0, 0),
(30000068, 'RVK 5 X 28 BC', '0.00', 0, '0', '', 1, 0, 0, 0),
(30000069, 'SRK 2.5 X 4 CU', '0.00', 0, '0', '', 1, 0, 0, 0),
(30000070, 'SRK 6 X 9.7 NI', '0.00', 0, '0', '', 1, 0, 0, 0),
(30000071, 'SRK 4 X 17.5 KZ', '0.00', 0, '0', '', 1, 0, 0, 0),
(30000072, 'RVK 5 X 8.7 KZ', '0.00', 0, '0', '', 1, 0, 0, 0),
(30000073, 'RVF 5.7 X 16 KZ', '0.00', 0, '0', '', 1, 0, 0, 0),
(30000074, 'HRVK 6 X 18.1 KZ', '0.00', 0, '0', '', 1, 0, 0, 0),
(30000075, 'RVF 5.7 X 18.5 KZ', '0.00', 0, '0', '', 1, 0, 0, 0),
(30000076, 'RVK 5.8 X 4.9X12.7-8.8 KZ', '0.00', 0, '0', '', 1, 0, 0, 0),
(30000077, 'RVF 3.3 X 50 KZ +', '0.00', 0, '0', '', 1, 0, 0, 0),
(30000078, 'RVF 3.3 X 50 KZ -', '0.00', 0, '0', '', 1, 0, 0, 0),
(30000079, 'SRK 5 X 16 UC', '0.00', 0, '0', '', 1, 0, 0, 0),
(30000080, 'RVR 2.6 X 36.6 KZ S20C', '0.00', 0, '0', '', 1, 0, 0, 0),
(30000081, 'RVK 6 X 13.2 KZ', '0.00', 0, '0', '', 1, 0, 0, 0),
(30000082, 'RVK 7 X 75 MC3', '0.00', 0, '0', '', 1, 0, 0, 0),
(30000083, 'RVK 6.97 X 17 KZ', '0.00', 0, '0', '', 1, 0, 0, 0),
(30000084, 'RVR 5 X 69.8 SUS', '0.00', 0, '0', '', 1, 0, 0, 0),
(30000085, 'RVR 5 X 44.8 SUS', '0.00', 0, '0', '', 1, 0, 0, 0),
(30000086, 'RVR 5 X 54.8 SUS', '0.00', 0, '0', '', 1, 0, 0, 0),
(30000087, 'RVR 5 X 79.8 SUS', '0.00', 0, '0', '', 1, 0, 0, 0),
(30000088, 'RVR 5 X 94.8 SUS', '0.00', 0, '0', '', 1, 0, 0, 0),
(30000089, 'RVR 5 X 104.8 SUS', '0.00', 0, '0', '', 1, 0, 0, 0),
(30000090, 'RVR 6 X 78 KZ', '0.00', 0, '0', '', 1, 0, 0, 0),
(30000091, 'RVR 5 X 14 KZ', '0.00', 0, '0', '', 1, 0, 0, 0),
(30000092, 'DUPLO 2 X 31.5 MC', '0.00', 0, '0', '', 1, 0, 0, 0),
(30000093, 'SRK 4 X 9.2 BC', '0.00', 0, '0', '', 1, 0, 0, 0),
(30000094, 'RFB 4 X 12.7 AL (550)', '0.00', 0, '0', '', 1, 0, 0, 0),
(30000095, 'RVK 6 X 12.2 KZ', '0.00', 0, '0', '', 1, 0, 0, 0),
(30000096, 'RVP 3.3 X 50 KZ -', '0.00', 0, '0', '', 1, 0, 0, 0),
(30000097, 'RVB 3.3 X 50 KZ PZ', '0.00', 0, '0', '', 1, 0, 0, 0),
(30000098, 'RVR 8 X 22 KZ', '0.00', 0, '0', '', 1, 0, 0, 0),
(30000099, 'RVP 3.3 X 22 KZ -', '0.00', 0, '0', '', 1, 0, 0, 0),
(30000100, 'RVK 6 X 10 KZ', '0.00', 0, '0', '', 1, 0, 0, 0),
(30000101, 'RVR 8 X 4X3.05X37.6 UC', '0.00', 0, '0', '', 1, 0, 0, 0),
(30000102, 'DUPLO 2.2 X 3X9.1 KZ', '0.00', 0, '0', '', 1, 0, 0, 0),
(30000103, 'SRK 2.5 X 4 CU D5', '0.00', 0, '0', '', 1, 0, 0, 0),
(30000104, 'DUPLO 6.8 X 10X40.5 KZ', '0.00', 0, '0', '', 1, 0, 0, 0),
(30000105, 'RVF 5 X 32 MC3', '0.00', 0, '0', '', 1, 0, 0, 0),
(30000106, 'RVK 8 X 12 KZ D12', '0.00', 0, '0', '', 1, 0, 0, 0),
(30000107, 'RVK 10 X 7.75X11.75 KZ', '0.00', 0, '0', '', 1, 0, 0, 0),
(30000108, 'RVR 5 X 25 KZ', '0.00', 0, '0', '', 1, 0, 0, 0),
(30000109, 'RVR 6 X 28 KZ', '0.00', 0, '0', '', 1, 0, 0, 0),
(30000111, 'SRT 6 X 25 KZ', '0.00', 0, '0', '', 1, 0, 0, 0),
(30000112, 'RVK 8 X 5X11.8 KZ', '0.00', 0, '0', '', 1, 0, 0, 0),
(30000113, 'RVK 11 X 8X12.3 KZ', '0.00', 0, '0', '', 1, 0, 0, 0),
(30000114, 'HRVR 6 X 7.8 KZ', '0.00', 0, '0', '', 1, 0, 0, 0),
(30000115, 'SRP 5.5 X 12.5 MC3', '0.00', 0, '0', '', 1, 0, 0, 0),
(30000116, 'SRT 5 X 44 KZ', '0.00', 0, '0', '', 1, 0, 0, 0),
(30000117, 'DUPLO 10 X 7X12 KZ', '0.00', 0, '0', '', 1, 0, 0, 0),
(30000118, 'RVK 10 X 50.3-8 MC', '0.00', 0, '0', '', 1, 0, 0, 0),
(30000119, 'RVK 10 X 20-8 MC', '0.00', 0, '0', '', 1, 0, 0, 0),
(30000120, 'RVK 10 X 34.5-8 MC', '0.00', 0, '0', '', 1, 0, 0, 0),
(30000121, 'RVK 10 X 37-8 MC', '0.00', 0, '0', '', 1, 0, 0, 0),
(30000122, 'RVR 9 X 40 KZ', '0.00', 0, '0', '', 1, 0, 0, 0),
(30000123, 'RVR 6 X 12 KZ', '0.00', 0, '0', '', 1, 0, 0, 0),
(30000124, 'RVK 3.5 X 9.5 AL', '0.00', 0, '0', '', 1, 0, 0, 0),
(30000125, 'RVK SPC 6 X 26.2 EB', '0.00', 0, '0', '', 1, 0, 0, 0),
(30000126, 'RVK SPC 6 X 26.2 MC3', '0.00', 0, '0', '', 1, 0, 0, 0),
(30000127, 'RVK SPC 6 X 30.2 EB', '0.00', 0, '0', '', 1, 0, 0, 0),
(30000128, 'RVK SPC 6 X 30.2 MC3', '0.00', 0, '0', '', 1, 0, 0, 0),
(30000129, 'SRP 5.5 X 13.5 MC3', '0.00', 0, '0', '', 1, 0, 0, 0),
(30000130, 'RVK 12 X 8X22 KZ HOLE', '0.00', 0, '0', '', 1, 0, 0, 0),
(30000131, 'RVK 6 X 12 KZ', '0.00', 0, '0', '', 1, 0, 0, 0),
(30000132, 'RVK 8 X 15.5 KZ D16', '0.00', 0, '0', '', 1, 0, 0, 0),
(30000133, 'RVK 8 X 18 KZ D18', '0.00', 0, '0', '', 1, 0, 0, 0),
(30000134, 'RVK 6 X 13 KZ D10', '0.00', 0, '0', '', 1, 0, 0, 0),
(30000135, 'RVK 10 X 7X8.2 HO', '0.00', 0, '0', '', 1, 0, 0, 0),
(30000136, 'RVK 10 X 7X8.2 EB', '0.00', 0, '0', '', 1, 0, 0, 0),
(30000137, 'SRT 6.2 X 16 UC', '0.00', 0, '0', '', 1, 0, 0, 0),
(30000138, 'RVK 5 X 12 KZ', '0.00', 0, '0', '', 1, 0, 0, 0),
(30000139, 'RVK 6 X 5X23 KZ', '0.00', 0, '0', '', 1, 0, 0, 0),
(30000140, 'DUPLO 10 X 10X30 KZ', '0.00', 0, '0', '', 1, 0, 0, 0),
(30000141, 'RVK 12 X 67 KZ', '0.00', 0, '0', '', 1, 0, 0, 0),
(30000142, 'DUPLO 10 X 9X30 KZ', '0.00', 0, '0', '', 1, 0, 0, 0),
(30000143, 'RVF 5 X 8.4 KZ', '0.00', 0, '0', '', 1, 0, 0, 0),
(30000144, 'DUPLO 2.2 X 2.6X6.8 KZ', '0.00', 0, '0', '', 1, 0, 0, 0),
(30000145, 'RVK 5 X 14.5 KZ', '0.00', 0, '0', '', 1, 0, 0, 0),
(30000146, 'RVRS 7 X 19.9 KZ', '0.00', 0, '0', '', 1, 0, 0, 0),
(30000147, 'RVR 6 X 14 KZ', '0.00', 0, '0', '', 1, 0, 0, 0),
(30000148, 'RVR 11 X 32 KZ', '0.00', 0, '0', '', 1, 0, 0, 0),
(30000149, 'RVK 8 X 5X6.3 CF D16', '0.00', 0, '0', '', 1, 0, 0, 0),
(30000150, 'SRK 8 X 5.8X10.7 MC3', '0.00', 0, '0', '', 1, 0, 0, 0),
(30000151, 'SRK 8 X 5.8X7.3 MC3', '0.00', 0, '0', '', 1, 0, 0, 0),
(30000152, 'DUPLO 5 X 7X40 KZ D5', '0.00', 0, '0', '', 1, 0, 0, 0),
(30000153, 'RVK 9 X 8X40 KZ D15 UT', '0.00', 0, '0', '', 1, 0, 0, 0),
(30000154, 'SRK 2 X 14 MC3', '0.00', 0, '0', '', 1, 0, 0, 0),
(30000156, 'RVK 10 X 7X8.7 EB', '0.00', 0, '0', '', 1, 0, 0, 0),
(30000157, 'RVP 5 X 27 SUS', '0.00', 0, '0', '', 1, 0, 0, 0),
(30000158, 'RVP 5 X 3X29-2 SUS', '0.00', 0, '0', '', 1, 0, 0, 0),
(30000159, 'RVK 6 X 15 KZ', '0.00', 0, '0', '', 1, 0, 0, 0),
(30000160, 'RVK 10 X 7X8.2 UC', '0.00', 0, '0', '', 1, 0, 0, 0),
(30000161, 'RVK 10 X 7X8.7 EB (S)', '0.00', 0, '0', '', 1, 0, 0, 0),
(30000162, 'RVR 16 X 38 CF UT', '0.00', 0, '0', '', 1, 0, 0, 0),
(30000163, 'RVP 5 X 28.4 SUS 304', '0.00', 0, '0', '', 1, 0, 0, 0),
(31000001, 'RVG 5 X 8.5 UC', '0.00', 0, '0', '', 1, 0, 0, 0),
(31000002, 'RVKG 7 X M5X16-5.5 UC', '0.00', 0, '0', '', 1, 0, 0, 0),
(31000003, 'RVKG 7 X M5X24 UC', '0.00', 0, '0', '', 1, 0, 0, 0),
(31000004, 'RVG 5 X 8.5 KZ', '0.00', 0, '0', '', 1, 0, 0, 0),
(31000005, 'RVK 4.6 X 10 NI KNURL UT', '0.00', 0, '0', '', 1, 0, 0, 0),
(31000006, 'RVKG 7 X M5X24 CF', '0.00', 0, '0', '', 1, 0, 0, 0),
(40000001, 'PIN 3.2 X 11.5 KZ', '0.00', 0, '0', '', 1, 0, 0, 0),
(40000002, 'PIN 4 X 13.5 MC', '0.00', 0, '0', '', 1, 0, 0, 0),
(40000003, 'HOOK 5 X 34 MC', '0.00', 0, '0', '', 1, 0, 0, 0),
(40000004, 'SPACER 7.8 X 6.2 X 7 MC', '0.00', 0, '0', '', 1, 0, 0, 0),
(40000005, 'SPACER 8.4 X 6.2 X 4.7 UC', '0.00', 0, '0', '', 1, 0, 0, 0),
(40000006, 'SPACER 8.5 X 6.5 X 15 MC', '0.00', 0, '0', '', 1, 0, 0, 0),
(40000008, 'SPACER 9.5 X 6.3 X 10 MC', '0.00', 0, '0', '', 1, 0, 0, 0),
(40000009, 'SPACER 10 X 6.5 X 3 UC', '0.00', 0, '0', '', 1, 0, 0, 0),
(40000010, 'SPACER 10 X 7 X 3.9 MC', '0.00', 0, '0', '', 1, 0, 0, 0),
(40000011, 'SPC BMK 5 X 15 BC -', '0.00', 0, '0', '', 1, 0, 0, 0),
(40000012, 'SPC NUT 19 X M10 X 8 KZ', '0.00', 0, '0', '', 1, 0, 0, 0),
(40000013, 'SPC SMH 4 X 21 MC', '0.00', 0, '0', '', 1, 0, 0, 0),
(40000014, 'SS 3 X 17 NI', '0.00', 0, '0', '', 1, 0, 0, 0),
(40000015, 'SS 4 X 13 NI', '0.00', 0, '0', '', 1, 0, 0, 0),
(40000016, 'SS 4 X 20-9 NI', '0.00', 0, '0', '', 1, 0, 0, 0),
(40000017, 'SPC PIN 6.7 X 23.6 MC', '0.00', 0, '0', '', 1, 0, 0, 0),
(40000018, 'SMR 5-3 X 6.8X30 DC', '0.00', 0, '0', '', 1, 0, 0, 0),
(40000019, 'SPACER 8.5 X 6.5 X 12 ZN', '0.00', 0, '0', '', 1, 0, 0, 0),
(40000020, 'SPACER 8.5 X 6.5 X 3 ZN', '0.00', 0, '0', '', 1, 0, 0, 0),
(40000021, 'PIN 4 X 10 BC', '0.00', 0, '0', '', 1, 0, 0, 0),
(40000022, 'SQ NUT 6 X 14 X 3.2 UC', '0.00', 0, '0', '', 1, 0, 0, 0),
(40000023, 'COLLAR 6.2 X 11 MC', '0.00', 0, '0', '', 1, 0, 0, 0),
(40000024, 'COLLAR 8 X 6.2X11 MC D18', '0.00', 0, '0', '', 1, 0, 0, 0),
(40000025, 'PIN 4 X 15.5 BC', '0.00', 0, '0', '', 1, 0, 0, 0),
(40000026, 'PIN 5.3 X 26 SUS', '0.00', 0, '0', '', 1, 0, 0, 0),
(40000027, 'KONTAK PIN 4.5 X 32.2 BC', '0.00', 0, '0', '', 1, 0, 0, 0),
(40000028, 'KONTAK PIN 4.5 X 32 BC', '0.00', 0, '0', '', 1, 0, 0, 0),
(40000029, 'SPACER 11 X 5.5X14.1 MC', '0.00', 0, '0', '', 1, 0, 0, 0),
(40000030, 'SPACER 6 X 5X6 CU', '0.00', 0, '0', '', 1, 0, 0, 0),
(40000031, 'SPACER 11 X 8X13.8 KZ', '0.00', 0, '0', '', 1, 0, 0, 0),
(40000032, 'SPACER 11 X 5.5X6.5 MC3', '0.00', 0, '0', '', 1, 0, 0, 0),
(40000033, 'SPACER 11 X 5.5X6 MC3', '0.00', 0, '0', '', 1, 0, 0, 0),
(40000034, 'PIN 4 X 21 KZ', '0.00', 0, '0', '', 1, 0, 0, 0),
(40000035, 'PIN 3 X 54.5 SUS', '0.00', 0, '0', '', 1, 0, 0, 0),
(40000036, 'SPACER 16 X 12X9.5X5.7 KZ', '0.00', 0, '0', '', 1, 0, 0, 0),
(40000037, 'SPACER 16 X 11X8.8X7 KZ', '0.00', 0, '0', '', 1, 0, 0, 0),
(40000038, 'PIN 3 X 44.5 SUS', '0.00', 0, '0', '', 1, 0, 0, 0),
(40000039, 'SS 4 X 15-8 NI', '0.00', 0, '0', '', 1, 0, 0, 0),
(40000040, 'SS 4 X 17-9 NI', '0.00', 0, '0', '', 1, 0, 0, 0),
(40000041, 'SS 4 X 21-10 NI', '0.00', 0, '0', '', 1, 0, 0, 0),
(40000042, 'PIN 4.8 X 28 MC3', '0.00', 0, '0', '', 1, 0, 0, 0),
(40000043, 'SPC PIN 6.7 X 23.6 MC3', '0.00', 0, '0', '', 1, 0, 0, 0),
(40000044, 'SS 4 X 23-10 NI', '0.00', 0, '0', '', 1, 0, 0, 0),
(40000045, 'PIN 6 X 17.5 KZ', '0.00', 0, '0', '', 1, 0, 0, 0),
(40000046, 'PIN 6 X 26.5 KZ', '0.00', 0, '0', '', 1, 0, 0, 0),
(40000047, 'SS 4 X 13-8 NI', '0.00', 0, '0', '', 1, 0, 0, 0),
(40000048, 'PIN 8 X 6X6X14.5 KZ', '0.00', 0, '0', '', 1, 0, 0, 0),
(40000049, 'SPACER 9 X 6.5X15 UC', '0.00', 0, '0', '', 1, 0, 0, 0),
(40000050, 'SPACER 9 X 6.5X8 UC', '0.00', 0, '0', '', 1, 0, 0, 0),
(40000051, 'SB 10 X 51-31A GR 9T YIMM', '0.00', 0, '0', '', 1, 0, 0, 0),
(40000052, 'SB 8 X 34-20 UC 7T UTR IS2', '0.00', 0, '0', '', 1, 0, 0, 0),
(40000053, 'PIN 4 X 15.5 BC D6', '0.00', 0, '0', '', 1, 0, 0, 0),
(40000054, 'PIN 6 X 29.8 KZ', '0.00', 0, '0', '', 1, 0, 0, 0),
(40000055, 'SB 6 X 24-16 MC 7T UTR KBT', '0.00', 0, '0', '', 1, 0, 0, 0),
(40000056, 'SB 8 X 31-20 MC 7T  UTR KBT', '0.00', 0, '0', '', 1, 0, 0, 0),
(40000057, 'SB 8 X 66-55 MC 7T  UTR KBT', '0.00', 0, '0', '', 1, 0, 0, 0),
(40000058, 'SB 6 X 37-25 EB 7T UTR IS2', '0.00', 0, '0', '', 1, 0, 0, 0),
(40000059, 'SB 6 X 24-12 MC3 7T UTR KMI', '0.00', 0, '0', '', 1, 0, 0, 0),
(40000060, 'SB 8 X 33-22 MC 7T UTR KBT', '0.00', 0, '0', '', 1, 0, 0, 0),
(40000061, 'SB 8 X 38-22 MC3 7T UTR KMI', '0.00', 0, '0', '', 1, 0, 0, 0),
(40000062, 'SB 8 X 46-30 MC3 7T UTR KMI', '0.00', 0, '0', '', 1, 0, 0, 0),
(40000063, 'KONTAK PIN 4.5 X 32 BC3', '0.00', 0, '0', '', 1, 0, 0, 0),
(40000064, 'KONTAK PIN 4.5 X 32.2 BC3', '0.00', 0, '0', '', 1, 0, 0, 0),
(40000065, 'CLEVIS PIN 8 X 45 MC3', '0.00', 0, '0', '', 1, 0, 0, 0),
(40000066, 'PIN 8 X 6X6X17.5 KZ', '0.00', 0, '0', '', 1, 0, 0, 0),
(40000067, 'PIN 4 X 15.5 BC3 D6', '0.00', 0, '0', '', 1, 0, 0, 0),
(40000068, 'SPACER 11 X 5.5X14.1 MC3', '0.00', 0, '0', '', 1, 0, 0, 0),
(40000069, 'PIN 4 X 10 BC3', '0.00', 0, '0', '', 1, 0, 0, 0),
(40000070, 'PIN 4 X 15.5 BC3', '0.00', 0, '0', '', 1, 0, 0, 0),
(40000071, 'HEX NUT M16 #1 KZ K22 H9 S40C LEFT \"L\"', '0.00', 0, '0', '', 1, 0, 0, 0),
(40000072, 'SB 6 X 24-16 MC3 7T UTR KBT', '0.00', 0, '0', '', 1, 0, 0, 0),
(40000073, 'SB 8 X 27-16 MC3 7T UTR KBT', '0.00', 0, '0', '', 1, 0, 0, 0),
(40000074, 'SB 8 X 31-20 MC3 7T UTR KBT', '0.00', 0, '0', '', 1, 0, 0, 0),
(40000075, 'SB 8 X 33-22 MC3 7T UTR KBT', '0.00', 0, '0', '', 1, 0, 0, 0),
(40000076, 'SPC PIN 6.8 X 4.7X6.5X25.5 GM', '0.00', 0, '0', '', 1, 0, 0, 0),
(40000077, 'SQ NUT M3 X 6X1.6 MC3', '0.00', 0, '0', '', 1, 0, 0, 0),
(40000078, 'SPACER 8.9 X 6.4 X 10 UC', '0.00', 0, '0', '', 1, 0, 0, 0),
(40000079, 'SB 8 X 66-55 MC3 7T UTR KBT', '0.00', 0, '0', '', 1, 0, 0, 0),
(40000080, 'SB 6 X 37-25 MC3 7T UTR IS2', '0.00', 0, '0', '', 1, 0, 0, 0),
(40000081, 'PIN 8 X 5X28 KZ', '0.00', 0, '0', '', 1, 0, 0, 0),
(40000082, 'PIN 4 X 35 MC3', '0.00', 0, '0', '', 1, 0, 0, 0),
(40000083, 'SPACER 9.5 X 6.5X11.5 CF', '0.00', 0, '0', '', 1, 0, 0, 0),
(40000084, 'SPACER 9.5 X 6.5X11 CF', '0.00', 0, '0', '', 1, 0, 0, 0),
(40000085, 'PIN 5 X 62 KZ', '0.00', 0, '0', '', 1, 0, 0, 0),
(40000086, 'PIN 8 X 6X58.5 KZ', '0.00', 0, '0', '', 1, 0, 0, 0),
(40000087, 'SB 10 X 65-50 MC3 7T UTR P1.5/1.25 KBT', '0.00', 0, '0', '', 1, 0, 0, 0),
(40000088, 'SPC PIN 6.7 X 23.6 MC3 DR25', '0.00', 0, '0', '', 1, 0, 0, 0),
(40000089, 'PIN 8 X 6X22.4 KZ', '0.00', 0, '0', '', 1, 0, 0, 0),
(40000090, 'CLEVIS PIN 10 X 160.1 MC3 7T UT', '0.00', 0, '0', '', 1, 0, 0, 0),
(40000091, 'SS 4 X 20-9 BC', '0.00', 0, '0', '', 1, 0, 0, 0),
(40000092, 'PIN 8 X 5X26 KZ', '0.00', 0, '0', '', 1, 0, 0, 0),
(40000093, 'PIN 4 X 13.5 MC3', '0.00', 0, '0', '', 1, 0, 0, 0),
(40000094, 'HEX NUT M10 X  MC3 K14 S45C', '0.00', 0, '0', '', 1, 0, 0, 0),
(40000095, 'PIN 4 X 81 MC3', '0.00', 0, '0', '', 1, 0, 0, 0),
(40000096, 'CLEVIS PIN 10 X 45 KZ', '0.00', 0, '0', '', 1, 0, 0, 0),
(40000097, 'CLEVIS PIN 8 X 16 MC3', '0.00', 0, '0', '', 1, 0, 0, 0),
(40000098, 'PIN 3 X 98.6 SUS KNURL', '0.00', 0, '0', '', 1, 0, 0, 0),
(40000099, 'PIN BOLT 8 X 123.5-30 KZ UT', '0.00', 0, '0', '', 1, 0, 0, 0),
(40000100, 'PIN 11 X 18 MC3 HOLE 20K', '0.00', 0, '0', '', 1, 0, 0, 0),
(40000101, 'SPC PIN 5 X 23 MC3', '0.00', 0, '0', '', 1, 0, 0, 0),
(40000102, 'CLEVIS PIN 10 X 151.3 MC3 7T UT', '0.00', 0, '0', '', 1, 0, 0, 0),
(40000103, 'SPACER 16 X 12X21 KZ', '0.00', 0, '0', '', 1, 0, 0, 0),
(40000104, 'SPACER 16 X 12x34 KZ', '0.00', 0, '0', '', 1, 0, 0, 0),
(50000001, 'WAVE WASHER 10.8 X 19X1.5 KZ', '0.00', 0, '0', '', 1, 0, 0, 0),
(50000002, 'CLIP NUT  TAP 5 X 16 ACP', '0.00', 0, '0', '', 1, 0, 0, 0),
(50000003, 'CLIP NUT M5 ACP', '0.00', 0, '0', '', 1, 0, 0, 0),
(50000004, 'CLIP NUT M5 MC3', '0.00', 0, '0', '', 1, 0, 0, 0),
(50000005, 'CLAM HOSE D13 X  CF', '0.00', 0, '0', '', 1, 0, 0, 0),
(50000006, 'INTERNAL C RING D28 ACP', '0.00', 0, '0', '', 1, 0, 0, 0),
(50000007, 'INTERNAL C RING D30 ACP', '0.00', 0, '0', '', 1, 0, 0, 0),
(50000008, 'CIRCLIP 12', '0.00', 0, '0', '', 1, 0, 0, 0),
(50000009, 'EXTERNAL C RING D38 ACP', '0.00', 0, '0', '', 1, 0, 0, 0),
(50000010, 'EXTERNAL C RING D14 ACP', '0.00', 0, '0', '', 1, 0, 0, 0),
(50000011, 'EXTERNAL C RING D24 ACP', '0.00', 0, '0', '', 1, 0, 0, 0),
(50000012, 'PUSH NUT M2 SUS', '0.00', 0, '0', '', 1, 0, 0, 0),
(50000013, 'CLIP NUT M4 SUS', '0.00', 0, '0', '', 1, 0, 0, 0),
(50000014, 'PUSH NUT FSPN-2 SUS', '0.00', 0, '0', '', 1, 0, 0, 0),
(50000015, 'INTERNAL C RING D40 ACP', '0.00', 0, '0', '', 1, 0, 0, 0),
(50000016, 'EXTERNAL C RING D13 ACP', '0.00', 0, '0', '', 1, 0, 0, 0),
(50000017, 'HEX NUT M12 GR H7', '0.00', 0, '0', '', 1, 0, 0, 0),
(50000018, 'HEX NUT M12 #1 GR H6 K17 7T', '0.00', 0, '0', '', 1, 0, 0, 0),
(50000019, 'PUST NUT M3-4T  X  SUS D12', '0.00', 0, '0', '', 1, 0, 0, 0),
(50000020, 'WAVE WASHER 10.8 X 19X0.25 KZ', '0.00', 0, '0', '', 1, 0, 0, 0),
(50000021, 'CLIP NUT TAP M4 X  ACP', '0.00', 0, '0', '', 1, 0, 0, 0),
(50000022, 'CLIP NUT M6 X 1.0 SUS', '0.00', 0, '0', '', 1, 0, 0, 0),
(50000023, 'DSW 10.2 X 20X1 ACP', '0.00', 0, '0', '', 1, 0, 0, 0),
(50000024, 'DSW 16 X 24X1.4 ACP', '0.00', 0, '0', '', 1, 0, 0, 0),
(50000025, 'INTERNAL WASHER M6.9 X  ACP', '0.00', 0, '0', '', 1, 0, 0, 0),
(50000026, 'PUSH NUT  SPN-2  X  SUS', '0.00', 0, '0', '', 1, 0, 0, 0),
(50000027, 'FLG NUT W/O 10 X 19 MC3 S45C', '0.00', 0, '0', '', 1, 0, 0, 0),
(50000028, 'WAVE WASHER 10.5 X 14.5X0.3 ACP', '0.00', 0, '0', '', 1, 0, 0, 0),
(50000029, 'EXTERNAL C RING D8 X  ACP', '0.00', 0, '0', '', 1, 0, 0, 0),
(67000001, 'PW 4.45 X 15X2 KZ', '0.00', 0, '0', '', 1, 0, 0, 0),
(67000002, 'PW 2.82 X 8X0.5 CU', '0.00', 0, '0', '', 1, 0, 0, 0),
(67000003, 'PW 2.68 X 8X0.5 CU', '0.00', 0, '0', '', 1, 0, 0, 0),
(67000004, 'PW 2.68 X 7X0.5 CU', '0.00', 0, '0', '', 1, 0, 0, 0),
(67000005, 'PW 6 X 13X1 EB', '0.00', 0, '0', '', 1, 0, 0, 0),
(67000006, 'PW 6 X 13X1 GR', '0.00', 0, '0', '', 1, 0, 0, 0),
(67000007, 'PW 6 X 13X1 MC', '0.00', 0, '0', '', 1, 0, 0, 0),
(67000008, 'PW 6 X 13X1 MC3', '0.00', 0, '0', '', 1, 0, 0, 0),
(67000009, 'PW 6 X 13X1 UC', '0.00', 0, '0', '', 1, 0, 0, 0),
(67000010, 'PW 8.5 X 18X2.3 EB', '0.00', 0, '0', '', 1, 0, 0, 0),
(67000011, 'PW 8.5 X 18X2.3 MC3', '0.00', 0, '0', '', 1, 0, 0, 0),
(67000012, 'PW 9.3 X 17X2.5 MC3', '0.00', 0, '0', '', 1, 0, 0, 0),
(67000013, 'PW 12 X 26X2.3 GR', '0.00', 0, '0', '', 1, 0, 0, 0),
(67000014, 'PW 12 X 26X2.3 MC3', '0.00', 0, '0', '', 1, 0, 0, 0),
(67000015, 'S-6407-2  X', '0.00', 0, '0', '', 1, 0, 0, 0),
(67000016, 'PW 6 X 13X1 CF', '0.00', 0, '0', '', 1, 0, 0, 0),
(67000017, 'PW 6 X 13X1 ZK', '0.00', 0, '0', '', 1, 0, 0, 0),
(67000018, 'PW 5.35 X 18X1.0 KZ', '0.00', 0, '0', '', 1, 0, 0, 0),
(67000019, 'PW 4.45 X 12X0.8 KZ', '0.00', 0, '0', '', 1, 0, 0, 0),
(67000020, 'PW 7.2 X 18X2.3 KZ', '0.00', 0, '0', '', 1, 0, 0, 0),
(67000021, 'PW 5.35 X 16X1.0 KZ', '0.00', 0, '0', '', 1, 0, 0, 0),
(67000022, 'PW 2.68 X 6X0.5 CU', '0.00', 0, '0', '', 1, 0, 0, 0),
(67000023, 'SPOT GEAR  X D24T5.5 KZ', '0.00', 0, '0', '', 1, 0, 0, 0),
(67000024, 'PW 2.82 X 6X0.5 CU', '0.00', 0, '0', '', 1, 0, 0, 0),
(67000025, 'PW 2.82 X 7X0.5 CU', '0.00', 0, '0', '', 1, 0, 0, 0),
(67000026, 'PW 5.35 X 16X1.6 KZ', '0.00', 0, '0', '', 1, 0, 0, 0),
(67000027, 'PW 5.35 X 13X1 KZ', '0.00', 0, '0', '', 1, 0, 0, 0),
(67000028, 'PW 6 X 13X1 KF', '0.00', 0, '0', '', 1, 0, 0, 0),
(67000029, 'PW 12 X 26X2.3 KF', '0.00', 0, '0', '', 1, 0, 0, 0),
(67000030, 'PW 7.2 X 18X1.6 KZ', '0.00', 0, '0', '', 1, 0, 0, 0),
(67000031, 'PW 4.60 X 15.2X2 KZ', '0.00', 0, '0', '', 1, 0, 0, 0),
(67000032, 'PW 5.4 X 12.5X1.5 SUS', '0.00', 0, '0', '', 1, 0, 0, 0),
(67000033, 'PW 7.3 X 17X1.5 SUS', '0.00', 0, '0', '', 1, 0, 0, 0),
(67000034, 'PW 8 X 30X1.6 MC3', '0.00', 0, '0', '', 1, 0, 0, 0),
(67000035, 'PW 4 X 8X0.5 MC3', '0.00', 0, '0', '', 1, 0, 0, 0),
(67000036, 'PW 12.2 X 18X1 EB', '0.00', 0, '0', '', 1, 0, 0, 0),
(67000037, 'PW 3.52 X 10X1 SUS', '0.00', 0, '0', '', 1, 0, 0, 0),
(67000038, 'SPOT GEAR 6.1 X 24 X 5.5 KZ', '0.00', 0, '0', '', 1, 0, 0, 0),
(70000001, 'SMB 6 X 8 MC3 (S)', '0.00', 0, '0', '', 1, 0, 0, 0),
(70000002, 'HSMH 12 X M10X33-17.5 MC3 7T TR UT K14 (S)', '0.00', 0, '0', '', 1, 0, 0, 0),
(70000003, 'STB 3 X 6 EB (S)', '0.00', 0, '0', '', 1, 0, 0, 0),
(70000004, '(W)SMP 4 X 16 MC3 TORK D8T0.8 (S)', '0.00', 0, '0', '', 1, 0, 0, 0),
(70000005, 'STB 3 X 16 MC3 (S)', '0.00', 0, '0', '', 1, 0, 0, 0),
(70000006, 'HSMS 5 X 12 CF G9 K10 YIMM (S)', '0.00', 0, '0', '', 1, 0, 0, 0),
(70000007, 'HSMR 8 X 30 CF 11.9 SOCK UT (S)', '0.00', 0, '0', '', 1, 0, 0, 0),
(70000008, 'HSMS 10 X M10X60-32 KF 11.9 KNURL (S)', '0.00', 0, '0', '', 1, 0, 0, 0),
(70000009, 'HSMS 10 X 20 KF 11.9 KNURL UT (S)', '0.00', 0, '0', '', 1, 0, 0, 0),
(70000010, 'FB 6 X 12 CF G9 K10 YIMM (S)', '0.00', 0, '0', '', 1, 0, 0, 0),
(70000011, 'HSMS 10 X M10X45-32 KF 11.9 KNURL (S)', '0.00', 0, '0', '', 1, 0, 0, 0),
(70000012, 'FB 10 X M10X240-26 MC3 K14 P1.25 G9 (S)', '0.00', 0, '0', '', 1, 0, 0, 0),
(70000013, 'TSAT 6 X 16 MC3 (S)', '0.00', 0, '0', '', 1, 0, 0, 0),
(70000014, '(F)SMH 6 X 14 CF + D14T1 (S)', '0.00', 0, '0', '', 1, 0, 0, 0),
(70000015, 'SMF 3 X 20 CF 20K (S)', '0.00', 0, '0', '', 1, 0, 0, 0),
(70000016, 'FB 4 X M4X76-13 CF 10.9 UT (S)', '0.00', 0, '0', '', 1, 0, 0, 0),
(70000017, 'HSMH 6.3 X M5X26-12 MC3 CROSS TR UT 8.8 (S)', '0.00', 0, '0', '', 1, 0, 0, 0),
(70000018, 'TSBAB SPC 5 X 25 CF H3.3 (S)', '0.00', 0, '0', '', 1, 0, 0, 0),
(70000019, '(P)SMP 8 X 16 CF 12A (S)', '0.00', 0, '0', '', 1, 0, 0, 0),
(70000020, 'TSAN 5 X 20 CF D12T1 (S)', '0.00', 0, '0', '', 1, 0, 0, 0),
(70000021, 'SMB 4 X 20 KF 20K (S)', '0.00', 0, '0', '', 1, 0, 0, 0),
(70000022, 'HSMR 6 X 12 KF UT SOCK D16 11.9T (S)', '0.00', 0, '0', '', 1, 0, 0, 0),
(70000023, 'FB 12 X M12X105-20 KF UT 9.8T K17 (S)', '0.00', 0, '0', '', 1, 0, 0, 0),
(70000024, 'TSAB 5 X 14 EB (S)', '0.00', 0, '0', '', 1, 0, 0, 0),
(70000025, 'TSBAX 4 X 10 MC3 D11T1.2 (S)', '0.00', 0, '0', '', 1, 0, 0, 0),
(70000026, 'SPC PIN 9 X 17.8 GM KNURL (S)', '0.00', 0, '0', '', 1, 0, 0, 0),
(70000027, 'TSBP 3 X 10 MC3 D7 (S)', '0.00', 0, '0', '', 1, 0, 0, 0),
(70000028, 'HSMH 8 X 15 MC TR UT K12 G7 (S)', '0.00', 0, '0', '', 1, 0, 0, 0),
(70000029, '(W)SMB 4 X 8 MC3 18A D10T0.8 (S)', '0.00', 0, '0', '', 1, 0, 0, 0),
(70000030, '(W)UMH 6 X 16 SUS TR UT D13T1 (S)', '0.00', 0, '0', '', 1, 0, 0, 0),
(70000031, 'WELD BOLT SPC 8 X 35 KZ 6T UT D16 (S)', '0.00', 0, '0', '', 1, 0, 0, 0),
(70000032, 'HSMH 8 X 25 MC TR G7 K12 (S)', '0.00', 0, '0', '', 1, 0, 0, 0),
(70000034, 'SMP 6 X 40 MC3 (S)', '0.00', 0, '0', '', 1, 0, 0, 0),
(70000035, '(W)SMP 6 X 14 MC3 D18T1 (S)', '0.00', 0, '0', '', 1, 0, 0, 0),
(70000036, 'SMN 3 X 6 EB D8T0.5 (S)', '0.00', 0, '0', '', 1, 0, 0, 0),
(70000037, 'CLEVIS PIN 10 X 151.1 MC3 (S)', '0.00', 0, '0', '', 1, 0, 0, 0),
(70000038, 'WELD BOLT SPC 6 X 30-27A CF DP D12 6T (S)', '0.00', 0, '0', '', 1, 0, 0, 0),
(70000039, 'STP 4 X 12 MC3 C/3 (S)', '0.00', 0, '0', '', 1, 0, 0, 0),
(70000040, 'STP SPC 4 X 10 MC3 C/3 (S)', '0.00', 0, '0', '', 1, 0, 0, 0),
(70000041, '(A)SMP 5 X 12 CF 20K', '0.00', 0, '0', '', 1, 0, 0, 0),
(70000042, 'SMW 5 X 10 EB G4 45K', '0.00', 0, '0', '', 1, 0, 0, 0),
(70000043, 'HSMK 10 X M10X38-23 KZ UT P1.25 8.8T (S)', '0.00', 0, '0', '', 1, 0, 0, 0),
(70000044, 'HSMK 10 X M10X45-20 KZ 8.8 P1.25 (S)', '0.00', 0, '0', '', 1, 0, 0, 0),
(70000045, 'STB 3 X 12 EB (S)', '0.00', 0, '0', '', 1, 0, 0, 0),
(70000046, 'SMN 6 X 20 MC3 UT D14 T1.2 C/1 (S)', '0.00', 0, '0', '', 1, 0, 0, 0),
(70000047, 'BTB 2.6 X 8 EB (S)', '0.00', 0, '0', '', 1, 0, 0, 0),
(70000048, '(W)SMP 3 X 12 MC3 D8T0.5 (S)', '0.00', 0, '0', '', 1, 0, 0, 0),
(70000049, 'SMK 3 X M2X5 EB (+) UT (S)', '0.00', 0, '0', '', 1, 0, 0, 0),
(70000050, '(W)SMP 4 X 20 EB UT 18A HARDEN D8T0.8 (S', '0.00', 0, '0', '', 1, 0, 0, 0),
(70000051, 'TSBK 5 X 3X9.5-5 MC3 C/4 (S)', '0.00', 0, '0', '', 1, 0, 0, 0),
(70000052, 'HSMH 12 X 50 MC TR K19 P1.75 G8 (S)', '0.00', 0, '0', '', 1, 0, 0, 0),
(70000053, 'RVK 5 X 3.5X4.9 CF (S)', '0.00', 0, '0', '', 1, 0, 0, 0),
(70000054, 'WELD BOLT 6 X 9.5X-8A MC3 12A D12.5 TOP (S)', '0.00', 0, '0', '', 1, 0, 0, 0),
(70000055, '(F)SMP 4 X 12 CF 20K D8T0.8 (S)', '0.00', 0, '0', '', 1, 0, 0, 0),
(70000056, 'TSBAT 4 X 25 CF (S)', '0.00', 0, '0', '', 1, 0, 0, 0),
(70000057, '(W)SMH 8 X 20 MC3 4T UR D18T1.6 (S)', '0.00', 0, '0', '', 1, 0, 0, 0),
(70000058, 'SMK 8.5 X M5X16-11A GM TORK-T25 (S)', '0.00', 0, '0', '', 1, 0, 0, 0),
(70000059, '(W)SMP 4 X 12 CF 20K D8T0.8 (S)', '0.00', 0, '0', '', 1, 0, 0, 0),
(70000060, '(P)HSMP 5 X 20 MC3 8.8 CROSS (S)', '0.00', 0, '0', '', 1, 0, 0, 0),
(70000061, '(P)HSMP 6 X 20 MC3 8.8 CROSS (S)', '0.00', 0, '0', '', 1, 0, 0, 0),
(70000062, 'UMP SPC 3.5 X 10 CF TORK SUS434 (S)', '0.00', 0, '0', '', 1, 0, 0, 0),
(70000063, '(F)PTB 3 X 10 MC3 D13T1 (S)', '0.00', 0, '0', '', 1, 0, 0, 0),
(70000065, 'STP 5 X 11 MC3 TORK (S)', '0.00', 0, '0', '', 1, 0, 0, 0),
(70000066, 'FB 12 X 12X224-18 MC3 UT K14 P1.25 10.9T (S)', '0.00', 0, '0', '', 1, 0, 0, 0),
(70000067, 'HSMH 10 X 30 MC UT TR K14 P1.25 G7 (S)', '0.00', 0, '0', '', 1, 0, 0, 0),
(70000068, 'HSMH 5 X 20-16 MC3 TR UT G8.8S (S)', '0.00', 0, '0', '', 1, 0, 0, 0),
(70000069, '(W)SMH 8 X 20 EB G4 UT D22T1.6 C/1 (S)', '0.00', 0, '0', '', 1, 0, 0, 0),
(70000070, 'TSBP 3 X 12 CF (S)', '0.00', 0, '0', '', 1, 0, 0, 0),
(70000071, 'TSAF 4 X 15 MC3 (S)', '0.00', 0, '0', '', 1, 0, 0, 0),
(70000072, '(F)BTP 4 X 20 MC3 D19T0.8 (S)', '0.00', 0, '0', '', 1, 0, 0, 0),
(70000073, '(A)HSMP 5 X 16 KZ 8.8T (S)', '0.00', 0, '0', '', 1, 0, 0, 0),
(70000075, 'PTB 3 X 8 BN 16A (S)', '0.00', 0, '0', '', 1, 0, 0, 0),
(70000076, 'PTB 3 X 12 EB 16A (S)', '0.00', 0, '0', '', 1, 0, 0, 0),
(70000077, 'PTB 3 X 8 EB 16A (S)', '0.00', 0, '0', '', 1, 0, 0, 0),
(70000078, '(W)SMB 5 X 12 MC3 18A D12T0.8 (S)', '0.00', 0, '0', '', 1, 0, 0, 0),
(70000079, '(W)SMB 4 X 40 MC3 D10T0.8 HRD (S)', '0.00', 0, '0', '', 1, 0, 0, 0),
(70000080, '(F)SMP 6 X 35-30 EB D11.8T0.8 (S)', '0.00', 0, '0', '', 1, 0, 0, 0),
(70000081, 'TSBAT 4 X 20 KF (S)', '0.00', 0, '0', '', 1, 0, 0, 0),
(70000082, 'FB 14 X 45-38 MC3 UT K19 P1.5 10.9T (S)', '0.00', 0, '0', '', 1, 0, 0, 0),
(70000083, 'FB 9.5 X M10X35-26 CF UT K14 P1.25 10.9T (S)', '0.00', 0, '0', '', 1, 0, 0, 0),
(70000084, 'SMF 4 X M4X41-5.7 KF UT (S)', '0.00', 0, '0', '', 1, 0, 0, 0),
(70000085, 'WELD BOLT 6 X M6X14-10 KZ 35K D12 (S)', '0.00', 0, '0', '', 1, 0, 0, 0),
(70000086, 'PTT 4 X 14 MC3 (S)', '0.00', 0, '0', '', 1, 0, 0, 0),
(70000087, 'WELD BOLT 6 X 22 KZ UT D12 (S)', '0.00', 0, '0', '', 1, 0, 0, 0),
(70000088, 'HSMR 5 X 8 CF 11.9 UT SOCK (S)', '0.00', 0, '0', '', 1, 0, 0, 0),
(70000089, 'SMH 12 X 75 UC UT TR K19 P1.75 G4 (S)', '0.00', 0, '0', '', 1, 0, 0, 0),
(70000090, '(W)HSMH 8 X 25-18 EB G7 K12 D18T1.6 (S)', '0.00', 0, '0', '', 1, 0, 0, 0),
(70000091, 'HSMH 10 X 30 ZK UT TR K17 P1.5 G8 (S)', '0.00', 0, '0', '', 1, 0, 0, 0),
(70000092, '(F)TSAH 6 X 20 MC3 + D16T1 UNHD (S)', '0.00', 0, '0', '', 1, 0, 0, 0),
(70000093, '(W)SMH 5 X 10 CF 20K D10T1 (S)', '0.00', 0, '0', '', 1, 0, 0, 0),
(70000094, 'HSMH 8 X M8X30-20 MC G7 TR UT K12 (S)', '0.00', 0, '0', '', 1, 0, 0, 0);
INSERT INTO `m_item` (`m_item_id`, `m_item_name`, `m_item_net_weight`, `m_item_ext_id`, `m_item_qty_box`, `m_item_note`, `m_item_mark`, `m_item_baking`, `m_item_bom_stat`, `m_item_route_stat`) VALUES
(70000095, 'HSMH 10 X M10X40-25 MC G7 TR K14 P1.25 (S)', '0.00', 0, '0', '', 1, 0, 0, 0),
(70000096, 'SMH 12 X 30 ZK TR UT K19 P1.75 G4 (S)', '0.00', 0, '0', '', 1, 0, 0, 0),
(70000097, 'HSMH 8 X M8X35-25 MC TR UT K12 G7 (S)', '0.00', 0, '0', '', 1, 0, 0, 0),
(70000098, 'CLEVIS PIN 10 X 151.1 MC3 7T UT', '0.00', 0, '0', '', 1, 0, 0, 0),
(70000099, 'WELD BOLT 6 X 22 KZ UT D12', '0.00', 0, '0', '', 1, 0, 0, 0),
(70000100, 'SMB 5 X 20 CF 20K', '0.00', 0, '0', '', 1, 0, 0, 0),
(70000101, 'SMB 4 X 10 BN', '0.00', 0, '0', '', 1, 0, 0, 0),
(70000102, 'FB 8 X 55-22 CF 7T K10 (S)', '0.00', 0, '0', '', 1, 0, 0, 0),
(70000103, 'HSMH 8 X 20 MC TR K12 G7 (S)', '0.00', 0, '0', '', 1, 0, 0, 0),
(70000104, 'HSMH 7/16-20 UNF X 38.1-25.4 ZK TR UT (S)', '0.00', 0, '0', '', 1, 0, 0, 0),
(70000105, 'HSMK 10 X M8X20-15.5 CF UT SOCK 9.8 TB2430 (S)', '0.00', 0, '0', '', 1, 0, 0, 0),
(70000106, 'SMN 5 X 24 MC3 12A TORK D10T1 (S)', '0.00', 0, '0', '', 1, 0, 0, 0),
(70000107, 'HSMH 6 X 16 MC3 G8.8S C3 (S)', '0.00', 0, '0', '', 1, 0, 0, 0),
(70000108, 'HSMH 8 X 20 CF 7T K12 H5 (S)', '0.00', 0, '0', '', 1, 0, 0, 0),
(70000109, 'WELD BOLT SPC 8 X 20 KZ 6T UT D16 (S)', '0.00', 0, '0', '', 1, 0, 0, 0),
(70000110, '(F)SMK SQ 5 X M5X18.5-11.45A GM 12A TR DP D14T1.6@', '0.00', 0, '0', '', 1, 0, 0, 0),
(70000111, '(A)HSMH 8 X 20 MC3 G7S K12 (S)', '0.00', 0, '0', '', 1, 0, 0, 0),
(70000112, '(A)HSMH 10 X 25 MC3 G7S K14 P1.25 (S)', '0.00', 0, '0', '', 1, 0, 0, 0),
(70000113, 'WELD BOLT SPC 8 X 40 KZ 6T UT D16 (S)', '0.00', 0, '0', '', 1, 0, 0, 0),
(70000114, 'WELD BOLT SPC 8 X 25 KZ 6T D16 (S)', '0.00', 0, '0', '', 1, 0, 0, 0),
(70000115, 'BTB 3 X 16 CF (S)', '0.00', 0, '0', '', 1, 0, 0, 0),
(70000116, 'RVR 16 X 38 CF UT (S)', '0.00', 0, '0', '', 1, 0, 0, 0),
(70000117, 'RVP 5 X 28.4 SUS 304 (S)', '0.00', 0, '0', '', 1, 0, 0, 0),
(70000118, 'SMB 6 X 16 KF 20K (S)', '0.00', 0, '0', '', 1, 0, 0, 0),
(70000119, 'SMH 6 X 15 MC TR G4 (S)', '0.00', 0, '0', '', 1, 0, 0, 0),
(70000120, '(D)SMH 5 X 5X52-34 CF G4 12A UT DT D24T5.5 (S', '0.00', 0, '0', '', 1, 0, 0, 0),
(70000121, 'SMF 3.5 X 8 MC3 (S)', '0.00', 0, '0', '', 1, 0, 0, 0),
(70000122, 'FB 12 X M8X21.5-11.5 EB UT 8.8 K12 P1.25 (S)', '0.00', 0, '0', '', 1, 0, 0, 0),
(70000123, 'FB 12.1 X M8X17.4-12 KZ UT 8.8 K12 P1.25 (S)', '0.00', 0, '0', '', 1, 0, 0, 0),
(70000124, 'HSMH 10 X 25 MC TR K14 P1.25 G7 (S)', '0.00', 0, '0', '', 1, 0, 0, 0),
(70000125, '(W)HSMP 6 X 15 EB D13T1 8.8T (S)', '0.00', 0, '0', '', 1, 0, 0, 0),
(70000126, 'WB SPC 6 X 30-27A CF DP D12 6T (S)', '0.00', 0, '0', '', 1, 0, 0, 0),
(70000127, 'HSMW 10 X 20 EB UT K14 P1.25 G7 (S)', '0.00', 0, '0', '', 1, 0, 0, 0),
(70000128, 'SMX 6 X 10 MC3 12A D16T1.2 (S)', '0.00', 0, '0', '', 1, 0, 0, 0),
(70000129, 'SMB 4 X 14 KF 20K (S)', '0.00', 0, '0', '', 1, 0, 0, 0),
(70000130, '(W)SMH SPC 12 X 42 MC3 G4 UT P1.25 D32T3.2 (S)', '0.00', 0, '0', '', 1, 0, 0, 0),
(70000131, 'FB 6 X 12 MC3 G7S K10 IS4 (S)', '0.00', 0, '0', '', 1, 0, 0, 0),
(70000132, 'FB 6 X 25-18 MC3 G7S K10 IS4 (S)', '0.00', 0, '0', '', 1, 0, 0, 0),
(70000133, 'FB 10 X 25 MC3 G7S UT P1.25 IS4 (S)', '0.00', 0, '0', '', 1, 0, 0, 0),
(70000134, 'FB 10 X 40-26 MC3 G7S UT P1.25 IS4 (S)', '0.00', 0, '0', '', 1, 0, 0, 0),
(70000135, 'HSMH 8 X 25 CF TR G7 K12 (S)', '0.00', 0, '0', '', 1, 0, 0, 0),
(70000136, 'WELD BOLT 10 X 32 KZ 8.8T UT D21.5 P1.25 (S)', '0.00', 0, '0', '', 1, 0, 0, 0),
(70000137, 'SMN 5 X 8 MC3 D12T1.1 (S)', '0.00', 0, '0', '', 1, 0, 0, 0),
(70000138, 'SMX 6 X M6X60-20 MC3 UT D16T1.2 (S)', '0.00', 0, '0', '', 1, 0, 0, 0),
(70000139, 'SMF 4 X M4X44.5-8.7 KF UT 20K (S)', '0.00', 0, '0', '', 1, 0, 0, 0),
(70000140, 'TSBAT 5 X 12 CF D14 SOCK (S)', '0.00', 0, '0', '', 1, 0, 0, 0),
(70000141, 'WELD BOLT 6 X 16 KZ 4T D14 (S)', '0.00', 0, '0', '', 1, 0, 0, 0),
(70000142, 'HSMH 10 X M10X40-28 EB G7 TR K14 P1.25 (S)', '0.00', 0, '0', '', 1, 0, 0, 0),
(70000143, 'HSMH 10 X 30-20 KZ G8S K14 TR P1.25 (S)', '0.00', 0, '0', '', 1, 0, 0, 0),
(70000144, 'WELD BOLT SPC 8 X 16 KZ 6T D16 (S)', '0.00', 0, '0', '', 1, 0, 0, 0),
(70000145, 'SMP 4 X 14 EB TB 2361 (S)', '0.00', 0, '0', '', 1, 0, 0, 0),
(70000146, '(W)SMP 5 X 14 EB D10T1 (S)', '0.00', 0, '0', '', 1, 0, 0, 0),
(70000147, 'FB 10 X 75-26 CF UT K14 P1.25 G10 (S)', '0.00', 0, '0', '', 1, 0, 0, 0),
(70000148, 'WELD RIVET 8 X 36.7 KZ UT D18.5 (S)', '0.00', 0, '0', '', 1, 0, 0, 0),
(70000149, '(D)SMH 5 X M5X52-34 GM G4 12A UT DT D24T5.5 (S', '0.00', 0, '0', '', 1, 0, 0, 0),
(70000150, 'SMP 6 X 14 CF C/2 (S)', '0.00', 0, '0', '', 1, 0, 0, 0),
(70000151, 'HSMH 8 X 35 CF 7T K12 (S)', '0.00', 0, '0', '', 1, 0, 0, 0),
(70000152, 'HSMH 10 X M10X25-20 CF UT K14 P1.25 G7 (S)', '0.00', 0, '0', '', 1, 0, 0, 0),
(70000153, 'HSMH 10 X M10X30-20 CF UT K14 P1.25 G7 (S)', '0.00', 0, '0', '', 1, 0, 0, 0),
(70000154, 'HSMH 10 X M10X35-20 CF UT K14 P1.25 G7 (S)', '0.00', 0, '0', '', 1, 0, 0, 0),
(70000155, 'TSBT 5 X 16 MC3 (S)', '0.00', 0, '0', '', 1, 0, 0, 0),
(70000156, 'RVR 6 X 26 KZ (S)', '0.00', 0, '0', '', 1, 0, 0, 0),
(70000157, 'HSMH 10 X 35 CF UT K14 P1.25 G7 (S)', '0.00', 0, '0', '', 1, 0, 0, 0),
(70000158, '(F)SMK SQ 5 X M5X18.5-11.45A GM 12A TR (S)', '0.00', 0, '0', '', 1, 0, 0, 0),
(70000159, 'RVR 6 X 59 KZ (S)', '0.00', 0, '0', '', 1, 0, 0, 0);

-- --------------------------------------------------------

--
-- Struktur dari tabel `m_item_bom`
--

CREATE TABLE `m_item_bom` (
  `m_item_bom_id` int(8) UNSIGNED NOT NULL,
  `m_item_bom_cat` enum('WIRE','TOOLS','WASHER') NOT NULL,
  `m_item_bom_name` varchar(50) NOT NULL,
  `m_item_bom_qty` decimal(11,2) UNSIGNED NOT NULL
) ENGINE=InnoDB DEFAULT CHARSET=latin1;

--
-- Dumping data untuk tabel `m_item_bom`
--

INSERT INTO `m_item_bom` (`m_item_bom_id`, `m_item_bom_cat`, `m_item_bom_name`, `m_item_bom_qty`) VALUES
(33, 'TOOLS', '3', '67.00'),
(66, 'WIRE', '3gb', '3.00'),
(111, 'WIRE', 'aaa', '1.00'),
(222, 'WIRE', 'bbb', '4.00'),
(669, 'WIRE', '6', '6.00'),
(777, 'WIRE', '7', '7.00'),
(3333, 'WIRE', 'SWCH 35K 9.80', '3.00'),
(54634, 'TOOLS', 'dfsdfvcx', '3.00'),
(67000026, 'WASHER', 'PW 1/2 KZ', '1.00'),
(67000027, 'WASHER', 'PW 5 X 5 CM', '1.00'),
(80010001, 'WIRE', 'SWCH 6A  2.11', '1.54'),
(80010208, 'WIRE', 'SWCH 18A  4.01', '3.08'),
(80110007, 'WIRE', 'C2700 1/4H  2.61', '0.63'),
(81010001, 'TOOLS', 'CK 2076 D 5.95', '1000000.00');

-- --------------------------------------------------------

--
-- Struktur dari tabel `m_location`
--

CREATE TABLE `m_location` (
  `m_location_id` smallint(1) UNSIGNED NOT NULL,
  `m_location_name` varchar(50) NOT NULL
) ENGINE=InnoDB DEFAULT CHARSET=latin1;

--
-- Dumping data untuk tabel `m_location`
--

INSERT INTO `m_location` (`m_location_id`, `m_location_name`) VALUES
(1, 'A1');

-- --------------------------------------------------------

--
-- Struktur dari tabel `m_machine`
--

CREATE TABLE `m_machine` (
  `m_machine_id` int(1) UNSIGNED NOT NULL,
  `m_machine_name` varchar(10) NOT NULL,
  `m_machine_lines` tinyint(1) UNSIGNED NOT NULL,
  `m_machine_mac` tinyint(2) UNSIGNED ZEROFILL NOT NULL,
  `m_machine_proc` tinyint(1) UNSIGNED NOT NULL
) ENGINE=InnoDB DEFAULT CHARSET=latin1;

--
-- Dumping data untuk tabel `m_machine`
--

INSERT INTO `m_machine` (`m_machine_id`, `m_machine_name`, `m_machine_lines`, `m_machine_mac`, `m_machine_proc`) VALUES
(1, 'HL1-1', 1, 01, 16),
(2, 'SL1-1', 1, 01, 30),
(3, 'TR1-1', 1, 01, 5),
(4, 'HL2-2', 2, 02, 16),
(5, 'FU1-1', 1, 01, 15),
(6, 'RL1-1', 1, 01, 27),
(7, 'PL1-1', 1, 01, 19);

-- --------------------------------------------------------

--
-- Struktur dari tabel `m_marking`
--

CREATE TABLE `m_marking` (
  `m_marking_id` tinyint(1) UNSIGNED NOT NULL,
  `m_marking_name` varchar(20) NOT NULL,
  `m_marking_path` text NOT NULL,
  `m_marking_img` mediumtext NOT NULL
) ENGINE=InnoDB DEFAULT CHARSET=latin1;

--
-- Dumping data untuk tabel `m_marking`
--

INSERT INTO `m_marking` (`m_marking_id`, `m_marking_name`, `m_marking_path`, `m_marking_img`) VALUES
(1, 'POLOS', 'assets/images/marking/plain.jpg', 'data:image/jpeg;base64,/9j/4AAQSkZJRgABAQEAYABgAAD/2wBDAAIBAQIBAQICAgICAgICAwUDAwMDAwYEBAMFBwYHBwcGBwcICQsJCAgKCAcHCg0KCgsMDAwMBwkODw0MDgsMDAz/2wBDAQICAgMDAwYDAwYMCAcIDAwMDAwMDAwMDAwMDAwMDAwMDAwMDAwMDAwMDAwMDAwMDAwMDAwMDAwMDAwMDAwMDAz/wAARCABMAEwDASIAAhEBAxEB/8QAFQABAQAAAAAAAAAAAAAAAAAAAAn/xAAUEAEAAAAAAAAAAAAAAAAAAAAA/8QAFAEBAAAAAAAAAAAAAAAAAAAAAP/EABQRAQAAAAAAAAAAAAAAAAAAAAD/2gAMAwEAAhEDEQA/AL+AAAAAAAAAAAAAAAAAAAAAAAAAAAAAAAAAAAAAAAAAAAAAAAAAA//Z'),
(2, 'S', 'assets/images/marking/s.jpg', 'data:image/jpeg;base64,/9j/4AAQSkZJRgABAQEAYABgAAD/2wBDAAIBAQIBAQICAgICAgICAwUDAwMDAwYEBAMFBwYHBwcGBwcICQsJCAgKCAcHCg0KCgsMDAwMBwkODw0MDgsMDAz/2wBDAQICAgMDAwYDAwYMCAcIDAwMDAwMDAwMDAwMDAwMDAwMDAwMDAwMDAwMDAwMDAwMDAwMDAwMDAwMDAwMDAwMDAz/wAARCABMAEwDASIAAhEBAxEB/8QAHwAAAQUBAQEBAQEAAAAAAAAAAAECAwQFBgcICQoL/8QAtRAAAgEDAwIEAwUFBAQAAAF9AQIDAAQRBRIhMUEGE1FhByJxFDKBkaEII0KxwRVS0fAkM2JyggkKFhcYGRolJicoKSo0NTY3ODk6Q0RFRkdISUpTVFVWV1hZWmNkZWZnaGlqc3R1dnd4eXqDhIWGh4iJipKTlJWWl5iZmqKjpKWmp6ipqrKztLW2t7i5usLDxMXGx8jJytLT1NXW19jZ2uHi4+Tl5ufo6erx8vP09fb3+Pn6/8QAHwEAAwEBAQEBAQEBAQAAAAAAAAECAwQFBgcICQoL/8QAtREAAgECBAQDBAcFBAQAAQJ3AAECAxEEBSExBhJBUQdhcRMiMoEIFEKRobHBCSMzUvAVYnLRChYkNOEl8RcYGRomJygpKjU2Nzg5OkNERUZHSElKU1RVVldYWVpjZGVmZ2hpanN0dXZ3eHl6goOEhYaHiImKkpOUlZaXmJmaoqOkpaanqKmqsrO0tba3uLm6wsPExcbHyMnK0tPU1dbX2Nna4uPk5ebn6Onq8vP09fb3+Pn6/9oADAMBAAIRAxEAPwD4+/4Ly/tiftifsm/8FV/i54b1b46fGDw1pF9qp1fwtb6B4n1PR9IbQ5xmwFtFEYIm8qEC3meNCGuba53SSuHkbv8A/h2n/wAFkv8AoY/2gP8Aw+1r/wDLav0A/wCDvf8A4Jo/8NM/sbaf8dPC2k/afG3wW3f2v9ltd9zqXh6Zh5+7y4Hlk+xzFbhd8iQwQSajIclhXf8A/BqP/wAFF/8AhtH/AIJx2vgDW7jzfG3wD+zeGLr93t+06OyP/ZM/yQxxLthhltNgaSQ/2f5sjZnGQD8wP+Haf/BZL/oY/wBoD/w+1r/8tqP+Haf/AAWS/wChj/aA/wDD7Wv/AMtq/p+r8z/+Dkn/AILW6t/wSt+BOh+Gfh21qPi78R0m/sy8uIEuIvD1nEVWW9MTgpJKWYJEjgoWDswYRlHxrVlTSb1bdku7/rV9kmzWlSc20uiu/L+tl3dkflj/AMO0/wDgsl/0Mf7QH/h9rX/5bUf8O0/+CyX/AEMf7QH/AIfa1/8AltXyD8Gf2Ev2yP8Agtfq+sfEHQ9C8e/GafSCmn3XiLxD4ghjjTlnFrDc6hPGj7N5YwwsfLEikqodc+tfswfsC/t+/wDBOv8AbK8A+CdF0z4u/Bm68eeJdKtJdS0i8+0+G7uRpHKfapbd5dOujHEs7mCZnIRXymCQeuhRcqkKVX3XNpL5vTe3qc1arGMJVKeqim38lrtc9k/4dp/8Fkv+hj/aA/8AD7Wv/wAtqP8Ah2n/AMFkv+hj/aA/8Pta/wDy2r+nq0he3tIo5JXnkRArSuAGkIHLEAAAnrwAKkrN7lp3Vz+QL9ufW/8Ago5/wTX/AOEW/wCF1/F39oDwX/wmn2v+xv8Ai7k+o/bPsvkef/x6X8uzb9oh+/tzv4zg4/f7/g2d1P44+Kv+CVHhnxJ8dfFPiDxXq/ivVb3V/DNxr8s8+rw6HIUFuLmWdFll8yZbm4hdnlBtrm22ybNkafij8a9V1X/g5u/4OD7fR9Bl1BvhbBdro9pqFpE8baX4O02R3nvfNNnvhku3knlh+1xHy7jUre3dtoXH9TvhPwnpXgLwrpmhaFpmn6Lomi2kVhp+n2Fulta2FvEgSKGKJAEjjRFVVRQAoAAAApDDxZ4T0rx74V1PQtd0zT9a0TWrSWw1DT7+3S5tb+3lQpLDLE4KSRujMrIwIYEggg1/LF8FNV1X/g2R/wCDg+40fXpdQX4Wz3baPd6hdxPI2qeDtSkR4L3zRZ75pLR44JZvskQ8y4024t0baWz/AFW1+QP/AAd7/wDBNH/hpn9jbT/jp4W0n7T42+C27+1/strvudS8PTMPP3eXA8sn2OYrcLvkSGCCTUZDksKAP1+r+dj/AIPcvgX4gt/jX8GfiWLR5PCt3otx4Ze6UZW3vY53uVjc9jJHIxX18mT0r7o/4NR/+Ci//DaP/BOO18Aa3ceb42+Af2bwxdfu9v2nR2R/7Jn+SGOJdsMMtpsDSSH+z/NkbM4z99ftV/snfD79tn4I6v8ADv4m+G7PxR4U1oKZrWcsjxSKcpNFIpDxSoeVdCGGSM4JB5cVRlPlnD4oO689Gmvubt526HRh6qjzQltJWf3pr8Ur+Vz8mf8Ag1N/4LB/CC//AGSvC/7NnibVNK8C/EbwxdXEWkR30i21t4tS5u3lTyJWwpuw83lmAne+FZN/ziP9q6/mb/4KV/8ABnl8UfgDDqfij9n3XH+LXhW2Dznw/f8Al2via0jGTtQjbBekKuSU8mRmYKkDmvGf+CWX/Bxx8e/+CYnxLsfAvxMuvEfxA+F+i3R0rVvC/iAsdZ8NrHthZbOab97C8HlBRaSnycK6BYmbzV9JYini6nvPlm976Jv9L99Y3e6Rwewnh4+6uaHlvrr8/R2aXdn9ZVfmB/wdcf8ABRf/AIYu/wCCcd14A0S48rxt8fPtPhi1/d7vs2jqif2tP88MkTboZorTYWjkH9oebG2YDj9IPhV8UNB+Nvwz8P8AjHwvqMGr+G/FGnwappl7DnZdW80YkjcA8jKsOCAR0IBFfy4/GvVdV/4Obv8Ag4Pt9H0GXUG+FsF2uj2moWkTxtpfg7TZHee9802e+GS7eSeWH7XEfLuNSt7d22hcYzhKEnGSs0awnGcVOLumfpf/AMGhH/BNH/hmb9jbUPjp4p0n7N42+NO3+yPtVrsudN8PQsfI2+ZAksf2yYNcNskeGeCPTpBgqa/X6s/wn4T0rwF4V0zQtC0zT9F0TRbSKw0/T7C3S2tbC3iQJFDFEgCRxoiqqooAUAAAAVoVJQVn+LPCelePfCup6FrumafrWia1aS2Goaff26XNrf28qFJYZYnBSSN0ZlZGBDAkEEGtCigD+VL4Karqv/Bsj/wcH3Gj69LqC/C2e7bR7vULuJ5G1TwdqUiPBe+aLPfNJaPHBLN9kiHmXGm3FujbS2f6QP24/wDgod8J/wDgnL4J8O+JPi54jPhrRPE2tJodrcrayXRSZopZd7xxBpPKUREMyq20umQAcj87v+Dvf/gmj/w0z+xtp/x08LaT9p8bfBbd/a/2W133OpeHpmHn7vLgeWT7HMVuF3yJDBBJqMhyWFfLGv8Aw58Y/wDB3F+x94F1Pwt8TbHwv8Yf2etOttF8Y+F/E+nyQ6Rrd7ecf27He2cZSP7SlnKRbrakxPHJH8sflyzZVZzi48qvqr+nX79vK99kzWnGDUuZ20dvXp92/na27P6AvhP8YvCPx68DWnifwN4p8O+MvDd+zrbaroepQ6hZXBRijhJoWZGKsCpAPBBB5Ffy7/8AB3b4s+EfjT/gptZXvw31PRdW8SJ4djtPHE+kXEU9uupQ3E0KxStGT/pccSIkqnlQkSkAgivNNU/4NZv26NP1O4gi+C0F9FBK0aXMHjLQhFcKCQHUPeq4VhyNyq2DyAeK+0P+CbP/AAZpeL9W8ZaL4n/aa8R6NovhuBYbyXwb4dvWu9TvH+YvaXd2FENuoIQMbZ5y6s4WSIhXqvq0a9SFTm5VF3131TXk+t7W3tsSsQ6MJwa5nJW09U/Tp32uTfHT/goVrf7D/wDwabfBT4fSTS2/xB+P2l6p4d00SIzNb+Hftk7Xs/72GSNg1nPbWoQtG4GoCWJv3HH1F/waEf8ABNH/AIZm/Y21D46eKdJ+zeNvjTt/sj7Va7LnTfD0LHyNvmQJLH9smDXDbJHhngj06QYKmviP9t7xzD/wcZf8FtPhl+zx8MbSbTvgH8GGudC+3aS1u9pHpltMv9q6ta3FtBNHDDPFbWlrZ+Y0kDOlmx8o3Tov9JXhPwnpXgLwrpmhaFpmn6Lomi2kVhp+n2Fulta2FvEgSKGKJAEjjRFVVRQAoAAAArrxlZVq86qVlJt/ezkwtJ0qMact0vl8vLt5GhRRRXOdAUUUUAZ/izwnpXj3wrqeha7pmn61omtWkthqGn39ulza39vKhSWGWJwUkjdGZWRgQwJBBBr+WL4Karqv/Bsj/wAHB9xo+vS6gvwtnu20e71C7ieRtU8HalIjwXvmiz3zSWjxwSzfZIh5lxptxbo20tn+q2vyB/4O9/8Agmj/AMNM/sbaf8dPC2k/afG3wW3f2v8AZbXfc6l4emYefu8uB5ZPscxW4XfIkMEEmoyHJYUAfr9X5gf8HXH/AAUX/wCGLv8AgnHdeANEuPK8bfHz7T4Ytf3e77No6on9rT/PDJE26GaK02Fo5B/aHmxtmA4P+DUf/gov/wANo/8ABOO18Aa3ceb42+Af2bwxdfu9v2nR2R/7Jn+SGOJdsMMtpsDSSH+z/NkbM4z+SPxr1XVf+Dm7/g4Pt9H0GXUG+FsF2uj2moWkTxtpfg7TZHee9802e+GS7eSeWH7XEfLuNSt7d22hcAH6X/8ABoR/wTR/4Zm/Y21D46eKdJ+zeNvjTt/sj7Va7LnTfD0LHyNvmQJLH9smDXDbJHhngj06QYKmv1+rP8J+E9K8BeFdM0LQtM0/RdE0W0isNP0+wt0trWwt4kCRQxRIAkcaIqqqKAFAAAAFaFABRRRQAUUUUAFZ/izwnpXj3wrqeha7pmn61omtWkthqGn39ulza39vKhSWGWJwUkjdGZWRgQwJBBBrQooA/jS/bq+EPxQ/4IVft5/G/wCFHhHWdQ0jRPGfh++8Lwahd2MV23ibwdqhR1TzZ7ZEaQpGkM01sibLi2uEjcBTn9r/APg0I/4Jo/8ADM37G2ofHTxTpP2bxt8adv8AZH2q12XOm+HoWPkbfMgSWP7ZMGuG2SPDPBHp0gwVNfZ//BR3/gi18Bv+CpvirwRrvxU8P6hJrfgi7jaLUNHuxYXWrWAdnfSruUKXks3di2FKTRFpDDLEZZd/0/4T8J6V4C8K6ZoWhaZp+i6JotpFYafp9hbpbWthbxIEihiiQBI40RVVUUAKAAAAKANCiiigAooooA//2Q==');

-- --------------------------------------------------------

--
-- Struktur dari tabel `m_operator`
--

CREATE TABLE `m_operator` (
  `m_operator_nik` varchar(6) NOT NULL,
  `m_operator_name` varchar(50) NOT NULL,
  `m_operator_auth` tinyint(1) UNSIGNED NOT NULL DEFAULT '0'
) ENGINE=InnoDB DEFAULT CHARSET=latin1;

--
-- Dumping data untuk tabel `m_operator`
--

INSERT INTO `m_operator` (`m_operator_nik`, `m_operator_name`, `m_operator_auth`) VALUES
('040082', 'NASIKHUDIN', 0),
('050112', 'NUR HASANUDIN', 0),
('110985', 'RUDIYANTO', 0),
('121107', 'MULTAZAM DARUSSALAM', 0),
('300', 'AMIN DARMIN', 1),
('WX11DB', 'test1', 0);

-- --------------------------------------------------------

--
-- Struktur dari tabel `m_process`
--

CREATE TABLE `m_process` (
  `m_process_id` int(1) UNSIGNED NOT NULL,
  `m_process_seq` decimal(3,1) UNSIGNED NOT NULL,
  `m_process_proc_cat_id` tinyint(1) UNSIGNED NOT NULL,
  `m_process_loc` tinyint(1) UNSIGNED NOT NULL,
  `m_process_weight` decimal(5,2) UNSIGNED NOT NULL
) ENGINE=InnoDB DEFAULT CHARSET=latin1;

--
-- Dumping data untuk tabel `m_process`
--

INSERT INTO `m_process` (`m_process_id`, `m_process_seq`, `m_process_proc_cat_id`, `m_process_loc`, `m_process_weight`) VALUES
(10000002, '1.0', 16, 0, '10.30'),
(10000002, '2.0', 45, 0, '5.00'),
(10000002, '4.0', 42, 0, '45.25'),
(10000007, '1.0', 3, 0, '23.00'),
(10000002, '5.0', 27, 0, '5.00'),
(10000002, '3.0', 18, 0, '4.00'),
(10000002, '6.0', 21, 0, '1.00'),
(10000001, '1.0', 16, 0, '0.63'),
(10000001, '2.0', 30, 0, '0.63'),
(10000001, '3.0', 5, 0, '0.63'),
(10000001, '4.0', 27, 0, '0.63'),
(10000001, '5.0', 44, 0, '0.63'),
(10000001, '6.0', 8, 0, '0.63'),
(10000001, '7.0', 19, 1, '0.63'),
(10000001, '8.0', 14, 0, '0.63'),
(10000001, '9.0', 17, 0, '0.63'),
(20000476, '1.0', 16, 0, '3.08'),
(20000476, '2.0', 27, 0, '3.08'),
(20000476, '3.0', 15, 0, '3.08'),
(20000476, '4.0', 19, 0, '3.08'),
(20000476, '4.1', 48, 1, '3.08'),
(20000476, '5.0', 14, 0, '3.08'),
(20000476, '6.0', 17, 0, '3.08'),
(10000003, '1.0', 16, 0, '0.63'),
(10000003, '2.0', 30, 0, '0.63'),
(10000003, '3.0', 5, 0, '0.63'),
(10000003, '4.0', 27, 0, '0.63'),
(10000003, '5.0', 44, 0, '0.63'),
(10000003, '6.0', 8, 0, '0.63'),
(10000003, '7.0', 19, 1, '0.63'),
(10000003, '8.0', 14, 0, '0.63'),
(10000003, '9.0', 17, 0, '0.63'),
(10000005, '1.0', 16, 0, '0.63'),
(10000005, '2.0', 30, 0, '0.63'),
(10000005, '3.0', 5, 0, '0.63'),
(10000005, '4.0', 27, 0, '0.63'),
(10000005, '6.0', 8, 0, '0.63'),
(10000005, '7.0', 19, 1, '0.63'),
(10000005, '8.0', 14, 0, '0.63'),
(10000005, '9.0', 17, 0, '0.63'),
(10000006, '1.0', 16, 0, '0.63'),
(10000006, '2.0', 30, 0, '0.63'),
(10000006, '3.0', 5, 0, '0.63'),
(10000006, '4.0', 27, 0, '0.63'),
(10000006, '5.0', 44, 0, '0.63'),
(10000006, '6.0', 8, 0, '0.63'),
(10000006, '7.0', 19, 1, '0.63'),
(10000006, '8.0', 14, 0, '0.63'),
(10000006, '9.0', 17, 0, '0.63'),
(10000009, '1.0', 16, 0, '0.63'),
(10000009, '2.0', 30, 0, '0.63'),
(10000009, '3.0', 5, 0, '0.63'),
(10000009, '4.0', 27, 0, '0.63'),
(10000009, '5.0', 44, 0, '0.63'),
(10000009, '6.0', 8, 0, '0.63'),
(10000009, '7.0', 19, 1, '0.63'),
(10000009, '8.0', 14, 0, '0.63'),
(10000009, '9.0', 17, 0, '0.63'),
(10000014, '1.0', 16, 0, '0.63'),
(10000014, '2.0', 30, 0, '0.63'),
(10000014, '3.0', 5, 0, '0.63'),
(10000014, '4.0', 27, 0, '0.63'),
(10000014, '5.0', 44, 0, '0.63'),
(10000014, '6.0', 8, 0, '0.63'),
(10000014, '7.0', 19, 1, '0.63'),
(10000014, '8.0', 14, 0, '0.63'),
(10000014, '9.0', 17, 0, '0.63'),
(10000008, '1.0', 16, 0, '0.63'),
(10000008, '2.0', 30, 0, '0.63'),
(10000008, '3.0', 5, 0, '0.63'),
(10000008, '4.0', 27, 0, '0.63'),
(10000008, '5.0', 44, 0, '0.63'),
(10000008, '6.0', 8, 0, '0.63'),
(10000008, '7.0', 19, 1, '0.63'),
(10000008, '8.0', 14, 0, '0.63'),
(10000008, '9.0', 17, 0, '0.63'),
(10000073, '1.0', 1, 1, '2.00'),
(20000477, '1.0', 16, 0, '3.08'),
(20000477, '2.0', 27, 0, '3.08'),
(20000477, '3.0', 15, 0, '3.08'),
(20000477, '4.0', 19, 0, '3.08'),
(20000477, '4.1', 48, 1, '3.08'),
(20000477, '5.0', 14, 0, '3.08'),
(20000477, '6.0', 17, 0, '3.08');

-- --------------------------------------------------------

--
-- Struktur dari tabel `m_process_cat`
--

CREATE TABLE `m_process_cat` (
  `m_process_cat_id` tinyint(1) UNSIGNED NOT NULL,
  `m_process_cat_name` varchar(20) NOT NULL,
  `m_process_cat_table` varchar(30) NOT NULL
) ENGINE=InnoDB DEFAULT CHARSET=latin1;

--
-- Dumping data untuk tabel `m_process_cat`
--

INSERT INTO `m_process_cat` (`m_process_cat_id`, `m_process_cat_name`, `m_process_cat_table`) VALUES
(1, 'Annealing', ''),
(2, 'Anti Karat', ''),
(3, 'ASFA', ''),
(4, 'Autolathe', ''),
(5, 'Barrel', ''),
(6, 'Barrel Vib', ''),
(7, 'Borring', ''),
(8, 'Buang Bury', ''),
(9, 'Carbonitrd', ''),
(10, 'Champer', ''),
(11, 'Coating', ''),
(12, 'Cutting', ''),
(13, 'Drill Cut', ''),
(14, 'Final Qlty', 't_proc_fq'),
(15, 'Furnace', 't_proc_furnace'),
(16, 'Heading', 't_proc_heading'),
(17, 'Packing', 't_proc_packing'),
(18, 'Painting', ''),
(19, 'Plating', 't_proc_plating'),
(20, 'Plating BO', ''),
(21, 'Plating HO', ''),
(22, 'Plating KZ', ''),
(23, 'Plating SUS', ''),
(24, 'Press Auto', ''),
(25, 'Press Man', ''),
(26, 'Roll Assy', ''),
(27, 'Rolling', 't_proc_rolling'),
(28, 'Rolling 1', ''),
(29, 'Rolling 2', ''),
(30, 'Slotting', 't_proc_slotting'),
(31, 'Sortir Jig', ''),
(32, 'Sortir Msn', ''),
(33, 'Straighnes', ''),
(34, 'Tapping', ''),
(35, 'Tempering', ''),
(36, 'Trimming', ''),
(37, 'Turret', ''),
(38, 'Turret 1', ''),
(39, 'Turret 2', ''),
(40, 'Turret 3', ''),
(41, 'Turret 4', ''),
(42, 'Turret Eks', ''),
(43, 'Warehouse', ''),
(44, 'Washing', ''),
(45, 'Washing 1', ''),
(46, 'Washing 2', ''),
(47, 'Welding', ''),
(48, 'Baking', ''),
(49, 'Plating+Baking', '');

-- --------------------------------------------------------

--
-- Struktur dari tabel `m_std_pack`
--

CREATE TABLE `m_std_pack` (
  `m_std_pack_cust` varchar(5) NOT NULL,
  `m_std_pack_item` int(1) UNSIGNED NOT NULL,
  `m_std_pack_qty` decimal(7,0) UNSIGNED NOT NULL
) ENGINE=InnoDB DEFAULT CHARSET=latin1;

--
-- Dumping data untuk tabel `m_std_pack`
--

INSERT INTO `m_std_pack` (`m_std_pack_cust`, `m_std_pack_item`, `m_std_pack_qty`) VALUES
('00001', 10000001, '1000'),
('00001', 10000002, '500');

-- --------------------------------------------------------

--
-- Struktur dari tabel `m_vend`
--

CREATE TABLE `m_vend` (
  `m_vend_id` int(5) UNSIGNED ZEROFILL NOT NULL,
  `m_vend_name` varchar(50) NOT NULL,
  `m_vend_key` varchar(10) NOT NULL,
  `m_vend_addr` text NOT NULL
) ENGINE=InnoDB DEFAULT CHARSET=latin1;

--
-- Dumping data untuk tabel `m_vend`
--

INSERT INTO `m_vend` (`m_vend_id`, `m_vend_name`, `m_vend_key`, `m_vend_addr`) VALUES
(00001, 'PT. IRON WIRE WORK INDONESIA', 'IWWI', 'Jl. Daan Mogot Km.18 Batu Ceper'),
(00031, 'PT. HOTMAL JAYA PERKASA II', 'HJP C', 'Kp. Rawa Julang Ds.Mekar Wangi Cibitung\r\nBekasi');

-- --------------------------------------------------------

--
-- Struktur dari tabel `s_ci_sessions`
--

CREATE TABLE `s_ci_sessions` (
  `session_id` varchar(40) NOT NULL DEFAULT '0',
  `ip_address` varchar(45) NOT NULL DEFAULT '0',
  `user_agent` varchar(120) NOT NULL,
  `last_activity` int(10) UNSIGNED NOT NULL DEFAULT '0',
  `user_data` text NOT NULL,
  `create_datetime` timestamp NOT NULL DEFAULT CURRENT_TIMESTAMP ON UPDATE CURRENT_TIMESTAMP
) ENGINE=InnoDB DEFAULT CHARSET=latin1;

--
-- Dumping data untuk tabel `s_ci_sessions`
--

INSERT INTO `s_ci_sessions` (`session_id`, `ip_address`, `user_agent`, `last_activity`, `user_data`, `create_datetime`) VALUES
('', '', '', 1524101000, '', '2018-04-19 01:23:21'),
('003890b9ff974b8cf87285f7ab2c7bdc', '::1', 'Mozilla/5.0 (Windows NT 6.1; Win64; x64) AppleWebKit/537.36 (KHTML, like Gecko) Chrome/58.0.3029.96 Safari/537.36', 1496810542, 'a:4:{s:9:\"user_data\";s:0:\"\";s:2:\"id\";s:1:\"1\";s:4:\"nama\";s:13:\"Agus Setiawan\";s:5:\"level\";s:1:\"1\";}', '2017-06-06 21:42:22'),
('016178da7b325b6d7e790098b5b262d1', '::1', 'Mozilla/5.0 (iPhone; CPU iPhone OS 9_1 like Mac OS X) AppleWebKit/601.1.46 (KHTML, like Gecko) Version/9.0 Mobile/13B143', 1494316150, 'a:6:{s:9:\"user_data\";s:0:\"\";s:6:\"procid\";s:2:\"30\";s:4:\"proc\";s:8:\"Slotting\";s:3:\"nik\";s:3:\"300\";s:4:\"name\";s:11:\"AMIN DARMIN\";s:4:\"auth\";s:1:\"1\";}', '2017-05-09 00:49:13'),
('027467088dbc280888071b993849cb67', '::1', 'Mozilla/5.0 (Windows NT 6.1; WOW64) AppleWebKit/537.36 (KHTML, like Gecko) Chrome/54.0.2840.71 Safari/537.36', 1478595380, '', '2016-11-08 01:56:20'),
('02b65cc5931134f53aec41d4d7cde3f4', '10.1.1.4', 'Mozilla/5.0 (Windows NT 5.1) AppleWebKit/537.36 (KHTML, like Gecko) Chrome/49.0.2623.112 Safari/537.36', 1508148987, 'a:6:{s:9:\"user_data\";s:0:\"\";s:6:\"procid\";s:1:\"5\";s:4:\"proc\";s:6:\"Barrel\";s:3:\"nik\";s:3:\"300\";s:4:\"name\";s:11:\"AMIN DARMIN\";s:4:\"auth\";s:1:\"1\";}', '2017-10-16 03:16:39'),
('046685a5a3d0ae02c0df23b5de4905b4', '::1', 'Mozilla/5.0 (Windows NT 6.1; Win64; x64) AppleWebKit/537.36 (KHTML, like Gecko) Chrome/65.0.3325.181 Safari/537.36', 1522804968, '', '2018-04-04 01:22:48'),
('060d14fe19070ecd1fbec2b3a30bdcf1', '::1', 'Mozilla/5.0 (Windows NT 6.1; Win64; x64) AppleWebKit/537.36 (KHTML, like Gecko) Chrome/65.0.3325.181 Safari/537.36', 1523436019, 'a:7:{s:9:\"user_data\";s:0:\"\";s:6:\"procid\";s:2:\"30\";s:4:\"proc\";s:8:\"Slotting\";s:8:\"proc_tbl\";s:15:\"t_proc_slotting\";s:3:\"nik\";s:3:\"300\";s:4:\"name\";s:11:\"AMIN DARMIN\";s:4:\"auth\";s:1:\"1\";}', '2018-04-11 08:40:19'),
('0876cbb53734e9d131ecf9e989e5db01', '::1', 'Mozilla/5.0 (iPhone; CPU iPhone OS 9_1 like Mac OS X) AppleWebKit/601.1.46 (KHTML, like Gecko) Version/9.0 Mobile/13B143', 1493349615, '', '2017-04-27 20:20:15'),
('0b1b2e31aa158ec7ea0ec3b6a572a351', '::1', 'Mozilla/5.0 (Windows NT 6.1; Win64; x64) AppleWebKit/537.36 (KHTML, like Gecko) Chrome/60.0.3112.78 Safari/537.36', 1507780066, 'a:9:{s:9:\"user_data\";s:0:\"\";s:2:\"id\";s:1:\"1\";s:4:\"nama\";s:13:\"Agus Setiawan\";s:5:\"level\";s:1:\"1\";s:6:\"procid\";s:2:\"30\";s:4:\"proc\";s:8:\"Slotting\";s:3:\"nik\";s:3:\"300\";s:4:\"name\";s:11:\"AMIN DARMIN\";s:4:\"auth\";s:1:\"1\";}', '2017-10-11 20:47:55'),
('0bcbcd4849ca5d3cd69bcaca8bef3961', '::1', 'Mozilla/5.0 (Windows NT 6.1; WOW64) AppleWebKit/537.36 (KHTML, like Gecko) Chrome/57.0.2987.133 Safari/537.36', 1494208781, 'a:9:{s:9:\"user_data\";s:0:\"\";s:2:\"id\";s:1:\"1\";s:4:\"nama\";s:13:\"Agus Setiawan\";s:5:\"level\";s:1:\"1\";s:6:\"procid\";s:2:\"30\";s:4:\"proc\";s:8:\"Slotting\";s:3:\"nik\";s:3:\"300\";s:4:\"name\";s:11:\"AMIN DARMIN\";s:4:\"auth\";s:1:\"1\";}', '2017-05-07 19:00:58'),
('0d2eee55939a4b99a86ba9fa1c4ce6d5', '192.168.4.177', 'Mozilla/5.0 (X11; Ubuntu; Linux armv7l; rv:49.0) Gecko/20100101 Firefox/49.0', 1477649006, 'a:6:{s:9:\"user_data\";s:0:\"\";s:6:\"procid\";s:2:\"16\";s:4:\"proc\";s:7:\"Heading\";s:3:\"nik\";s:3:\"300\";s:4:\"name\";s:11:\"AMIN DARMIN\";s:4:\"auth\";s:1:\"1\";}', '2016-10-28 03:03:26'),
('0e609e4377741334a52a6715cd894592', '10.3.4.6', 'Mozilla/5.0 (Linux; Android 5.0; ASUS_Z008D Build/LRX21V) AppleWebKit/537.36 (KHTML, like Gecko) Chrome/66.0.3359.106 Mo', 1524211862, 'a:7:{s:9:\"user_data\";s:0:\"\";s:6:\"procid\";s:2:\"27\";s:4:\"proc\";s:7:\"Rolling\";s:8:\"proc_tbl\";s:14:\"t_proc_rolling\";s:3:\"nik\";s:3:\"300\";s:4:\"name\";s:11:\"AMIN DARMIN\";s:4:\"auth\";s:1:\"1\";}', '2018-04-20 08:11:02'),
('0f1702ed62ea0762563b1accb59d23a1', '192.168.0.90', 'Arduino/2.2.0', 1480573602, '', '2016-11-30 23:26:42'),
('117ae2be6cbeea2e6488fe147455b300', '10.3.4.6', 'Mozilla/5.0 (Linux; Android 5.0; ASUS_Z008D Build/LRX21V) AppleWebKit/537.36 (KHTML, like Gecko) Chrome/66.0.3359.106 Mo', 1524219539, 'a:7:{s:9:\"user_data\";s:0:\"\";s:6:\"procid\";s:2:\"27\";s:4:\"proc\";s:7:\"Rolling\";s:8:\"proc_tbl\";s:14:\"t_proc_rolling\";s:3:\"nik\";s:3:\"300\";s:4:\"name\";s:11:\"AMIN DARMIN\";s:4:\"auth\";s:1:\"1\";}', '2018-04-20 10:19:02'),
('12a05ea530d7a8f76f6759c69d3e96d7', '::1', 'Mozilla/5.0 (Windows NT 6.1; WOW64) AppleWebKit/537.36 (KHTML, like Gecko) Chrome/55.0.2883.87 Safari/537.36', 1485835793, 'a:3:{s:2:\"id\";s:1:\"1\";s:4:\"nama\";s:13:\"Agus Setiawan\";s:5:\"level\";s:1:\"1\";}', '2017-01-30 21:09:53'),
('12d8c920fd5152eae18353b91fb3de6b', '10.1.1.1', 'Mozilla/5.0 (Linux; Android 5.0.2; Redmi Note 2 Build/LRX22G) AppleWebKit/537.36 (KHTML, like Gecko) Chrome/46.0.2490.76', 1494294778, 'a:6:{s:9:\"user_data\";s:0:\"\";s:6:\"procid\";s:2:\"16\";s:4:\"proc\";s:7:\"Heading\";s:3:\"nik\";s:3:\"300\";s:4:\"name\";s:11:\"AMIN DARMIN\";s:4:\"auth\";s:1:\"1\";}', '2017-05-08 18:53:06'),
('1456354a04680df4fee6e6dc7420b091', '10.3.4.6', 'Mozilla/5.0 (Linux; Android 5.0; ASUS_Z008D Build/LRX21V) AppleWebKit/537.36 (KHTML, like Gecko) Chrome/65.0.3325.109 Mo', 1523437981, 'a:7:{s:9:\"user_data\";s:0:\"\";s:6:\"procid\";s:2:\"16\";s:4:\"proc\";s:7:\"Heading\";s:8:\"proc_tbl\";s:14:\"t_proc_heading\";s:3:\"nik\";s:3:\"300\";s:4:\"name\";s:11:\"AMIN DARMIN\";s:4:\"auth\";s:1:\"1\";}', '2018-04-11 09:13:14'),
('145e7c908295eef5143eafd387d67930', '::1', 'Mozilla/5.0 (iPhone; CPU iPhone OS 9_1 like Mac OS X) AppleWebKit/601.1.46 (KHTML, like Gecko) Version/9.0 Mobile/13B143', 1494315044, 'a:6:{s:9:\"user_data\";s:0:\"\";s:6:\"procid\";s:2:\"30\";s:4:\"proc\";s:8:\"Slotting\";s:3:\"nik\";s:3:\"300\";s:4:\"name\";s:11:\"AMIN DARMIN\";s:4:\"auth\";s:1:\"1\";}', '2017-05-09 00:30:44'),
('176cce2acc8719618ed842c410b1e667', '::1', 'Mozilla/5.0 (Windows NT 6.1; Win64; x64) AppleWebKit/537.36 (KHTML, like Gecko) Chrome/65.0.3325.181 Safari/537.36', 1523325932, 'a:7:{s:9:\"user_data\";s:0:\"\";s:6:\"procid\";s:2:\"30\";s:4:\"proc\";s:8:\"Slotting\";s:8:\"proc_tbl\";s:0:\"\";s:3:\"nik\";s:3:\"300\";s:4:\"name\";s:11:\"AMIN DARMIN\";s:4:\"auth\";s:1:\"1\";}', '2018-04-10 02:05:35'),
('1a54e74fa8b5cc9ff6475eadfd754336', '192.168.0.90', 'Arduino/2.2.0', 1480584743, '', '2016-12-01 02:32:23'),
('1d3922639dcee9523cc463205789271f', '::1', 'Mozilla/5.0 (Windows NT 6.1; Win64; x64) AppleWebKit/537.36 (KHTML, like Gecko) Chrome/65.0.3325.181 Safari/537.36', 1523928001, '', '2018-04-17 01:20:01'),
('1e6c0bebfc5cb13b02cba4c0de4c3ca3', '::1', 'Mozilla/5.0 (Windows NT 6.1; Win64; x64) AppleWebKit/537.36 (KHTML, like Gecko) Chrome/60.0.3112.78 Safari/537.36', 1508464041, 'a:5:{s:6:\"procid\";s:2:\"30\";s:4:\"proc\";s:8:\"Slotting\";s:3:\"nik\";s:3:\"300\";s:4:\"name\";s:11:\"AMIN DARMIN\";s:4:\"auth\";s:1:\"1\";}', '2017-10-19 18:47:21'),
('25b46e8f5d086557844fdb794d11570c', '::1', 'Mozilla/5.0 (Windows NT 6.1; Win64; x64) AppleWebKit/537.36 (KHTML, like Gecko) Chrome/65.0.3325.181 Safari/537.36', 1522915809, 'a:6:{s:9:\"user_data\";s:0:\"\";s:6:\"procid\";s:2:\"30\";s:4:\"proc\";s:8:\"Slotting\";s:3:\"nik\";s:3:\"300\";s:4:\"name\";s:11:\"AMIN DARMIN\";s:4:\"auth\";s:1:\"1\";}', '2018-04-05 08:10:09'),
('2664166c2274adb0dc773caaea8830c9', '::1', 'Mozilla/5.0 (Windows NT 6.1; Win64; x64) AppleWebKit/537.36 (KHTML, like Gecko) Chrome/65.0.3325.181 Safari/537.36', 1524122907, 'a:4:{s:9:\"user_data\";s:0:\"\";s:2:\"id\";s:1:\"1\";s:4:\"nama\";s:13:\"Agus Setiawan\";s:5:\"level\";s:1:\"1\";}', '2018-04-19 07:28:27'),
('26a861c0d072668a2867f8587308fb31', '::1', 'Mozilla/5.0 (Windows NT 6.1; Win64; x64) AppleWebKit/537.36 (KHTML, like Gecko) Chrome/62.0.3202.94 Safari/537.36', 1510824734, '', '2017-11-16 09:32:14'),
('285f5f0fbb1a965ccbab65cd8e3fb232', '10.3.4.6', 'Mozilla/5.0 (Linux; Android 5.0; ASUS_Z008D Build/LRX21V) AppleWebKit/537.36 (KHTML, like Gecko) Chrome/65.0.3325.109 Mo', 1523410144, 'a:7:{s:9:\"user_data\";s:0:\"\";s:6:\"procid\";s:2:\"16\";s:4:\"proc\";s:7:\"Heading\";s:8:\"proc_tbl\";s:14:\"t_proc_heading\";s:3:\"nik\";s:3:\"300\";s:4:\"name\";s:11:\"AMIN DARMIN\";s:4:\"auth\";s:1:\"1\";}', '2018-04-11 01:29:08'),
('29fb67aade852c98044f496c25281805', '192.168.0.90', 'Arduino/2.2.0', 1480574330, '', '2016-11-30 23:38:50'),
('2c323f3118fbb117326ca192e0f63339', '192.168.4.177', 'Mozilla/5.0 (X11; Ubuntu; Linux armv7l; rv:49.0) Gecko/20100101 Firefox/49.0', 1477644373, '', '2016-10-28 01:46:13'),
('2d145d8737c7f93b3755bb620c122ea1', '::1', 'Mozilla/5.0 (Windows NT 6.1; Win64; x64) AppleWebKit/537.36 (KHTML, like Gecko) Chrome/65.0.3325.181 Safari/537.36', 1524211007, 'a:4:{s:9:\"user_data\";s:0:\"\";s:2:\"id\";s:1:\"1\";s:4:\"nama\";s:13:\"Agus Setiawan\";s:5:\"level\";s:1:\"1\";}', '2018-04-20 07:56:48'),
('2d19bb23544090a44a0c07774400907f', '192.168.0.90', 'Arduino/2.2.0', 1480576314, '', '2016-12-01 00:11:54'),
('2dcbdca76cafac36a64e8a61dc54e629', '::1', 'Mozilla/5.0 (iPhone; CPU iPhone OS 11_0 like Mac OS X) AppleWebKit/604.1.38 (KHTML, like Gecko) Version/11.0 Mobile/15A3', 1523869137, '', '2018-04-16 08:58:57'),
('2e751799848c7e9bb95303a74dc2264a', '::1', 'Mozilla/5.0 (Windows NT 6.1; WOW64) AppleWebKit/537.36 (KHTML, like Gecko) Chrome/57.0.2987.133 Safari/537.36', 1493349569, 'a:4:{s:9:\"user_data\";s:0:\"\";s:2:\"id\";s:1:\"1\";s:4:\"nama\";s:13:\"Agus Setiawan\";s:5:\"level\";s:1:\"1\";}', '2017-04-27 20:19:34'),
('34f782a31a3c9e3b9b306d5457463b78', '::1', 'Mozilla/5.0 (Windows NT 6.1; WOW64) AppleWebKit/537.36 (KHTML, like Gecko) Chrome/54.0.2840.71 Safari/537.36', 1478595100, 'a:4:{s:9:\"user_data\";s:0:\"\";s:2:\"id\";s:1:\"1\";s:4:\"nama\";s:13:\"Agus Setiawan\";s:5:\"level\";s:1:\"1\";}', '2016-11-08 01:51:44'),
('3590c593a58cc75bcf765fe5245f878d', '::1', 'Mozilla/5.0 (Windows NT 6.1; WOW64) AppleWebKit/537.36 (KHTML, like Gecko) Chrome/57.0.2987.133 Safari/537.36', 1493350276, 'a:4:{s:9:\"user_data\";s:0:\"\";s:2:\"id\";s:1:\"1\";s:4:\"nama\";s:13:\"Agus Setiawan\";s:5:\"level\";s:1:\"1\";}', '2017-04-27 20:31:16'),
('39b80fe60993f84884a21894083bee2f', '10.3.4.6', 'Mozilla/5.0 (Linux; Android 5.0; ASUS_Z008D Build/LRX21V) AppleWebKit/537.36 (KHTML, like Gecko) Chrome/65.0.3325.109 Mo', 1523429250, 'a:7:{s:9:\"user_data\";s:0:\"\";s:6:\"procid\";s:2:\"16\";s:4:\"proc\";s:7:\"Heading\";s:8:\"proc_tbl\";s:14:\"t_proc_heading\";s:3:\"nik\";s:3:\"300\";s:4:\"name\";s:11:\"AMIN DARMIN\";s:4:\"auth\";s:1:\"1\";}', '2018-04-11 06:47:30'),
('408e578d5b03f6118c63309d93700369', '::1', 'Mozilla/5.0 (Linux; Android 5.0; SM-G900P Build/LRX21T) AppleWebKit/537.36 (KHTML, like Gecko) Chrome/60.0.3112.78 Mobil', 1507858698, 'a:6:{s:9:\"user_data\";s:0:\"\";s:6:\"procid\";s:2:\"30\";s:4:\"proc\";s:8:\"Slotting\";s:3:\"nik\";s:3:\"300\";s:4:\"name\";s:11:\"AMIN DARMIN\";s:4:\"auth\";s:1:\"1\";}', '2017-10-12 18:38:18'),
('44ab2dc2534426f894074a8a1921be6a', '192.168.4.177', 'Mozilla/5.0 (X11; Ubuntu; Linux armv7l; rv:49.0) Gecko/20100101 Firefox/49.0', 1477644987, 'a:6:{s:9:\"user_data\";s:0:\"\";s:6:\"procid\";s:2:\"16\";s:4:\"proc\";s:7:\"Heading\";s:3:\"nik\";s:3:\"300\";s:4:\"name\";s:11:\"AMIN DARMIN\";s:4:\"auth\";s:1:\"1\";}', '2016-10-28 01:56:27'),
('44ca2a77d2789a489e09b23cc69247d6', '192.168.4.177', 'Mozilla/5.0 (X11; Ubuntu; Linux armv7l; rv:49.0) Gecko/20100101 Firefox/49.0', 1477645034, 'a:6:{s:9:\"user_data\";s:0:\"\";s:6:\"procid\";s:2:\"16\";s:4:\"proc\";s:7:\"Heading\";s:3:\"nik\";s:3:\"300\";s:4:\"name\";s:11:\"AMIN DARMIN\";s:4:\"auth\";s:1:\"1\";}', '2016-10-28 01:57:14'),
('4589896fc08f7f0eecf4d3e30e7e538b', '::1', 'Mozilla/5.0 (iPhone; CPU iPhone OS 9_1 like Mac OS X) AppleWebKit/601.1.46 (KHTML, like Gecko) Version/9.0 Mobile/13B143', 1487930133, 'a:6:{s:9:\"user_data\";s:0:\"\";s:6:\"procid\";s:2:\"30\";s:4:\"proc\";s:8:\"Slotting\";s:3:\"nik\";s:3:\"300\";s:4:\"name\";s:11:\"AMIN DARMIN\";s:4:\"auth\";s:1:\"1\";}', '2017-02-24 02:55:33'),
('46d70e764b89db8961d16ae5b0fbdf01', '::1', 'Mozilla/5.0 (Windows NT 6.1; Win64; x64) AppleWebKit/537.36 (KHTML, like Gecko) Chrome/65.0.3325.181 Safari/537.36', 1523844184, 'a:4:{s:9:\"user_data\";s:0:\"\";s:2:\"id\";s:1:\"1\";s:4:\"nama\";s:13:\"Agus Setiawan\";s:5:\"level\";s:1:\"1\";}', '2018-04-16 02:03:18'),
('47f3b3f2ee2c0b91fb8f5adb6e2484c2', '192.168.4.177', 'gvfs/1.28.2', 1477644962, '', '2016-10-28 01:56:02'),
('481d1a73a9a7604f20f320d24626a2c7', '::1', 'Mozilla/5.0 (iPhone; CPU iPhone OS 9_1 like Mac OS X) AppleWebKit/601.1.46 (KHTML, like Gecko) Version/9.0 Mobile/13B143', 1494302383, 'a:6:{s:9:\"user_data\";s:0:\"\";s:6:\"procid\";s:2:\"30\";s:4:\"proc\";s:8:\"Slotting\";s:3:\"nik\";s:3:\"300\";s:4:\"name\";s:11:\"AMIN DARMIN\";s:4:\"auth\";s:1:\"1\";}', '2017-05-08 20:59:43'),
('4af2dc7519d386c4bacc223698435fef', '::1', 'Mozilla/5.0 (Windows NT 6.1; Win64; x64) AppleWebKit/537.36 (KHTML, like Gecko) Chrome/58.0.3029.96 Safari/537.36', 1494556705, 'a:5:{s:6:\"procid\";s:2:\"30\";s:4:\"proc\";s:8:\"Slotting\";s:3:\"nik\";s:3:\"300\";s:4:\"name\";s:11:\"AMIN DARMIN\";s:4:\"auth\";s:1:\"1\";}', '2017-05-11 19:38:28'),
('4c22a983c16a7c33d09657698be0d117', '::1', 'Mozilla/5.0 (Windows NT 6.1; Win64; x64) AppleWebKit/537.36 (KHTML, like Gecko) Chrome/65.0.3325.181 Safari/537.36', 1522894717, '', '2018-04-05 02:18:37'),
('4cc3109297b1d7ff0123cced39499e81', '192.168.0.90', 'Arduino/2.2.0', 1480575770, '', '2016-12-01 00:02:50'),
('4d7e630724095a5473480aa20e53652a', '10.3.4.6', 'Mozilla/5.0 (Linux; Android 5.0; ASUS_Z008D Build/LRX21V) AppleWebKit/537.36 (KHTML, like Gecko) Chrome/65.0.3325.109 Mo', 1523430778, 'a:7:{s:9:\"user_data\";s:0:\"\";s:6:\"procid\";s:2:\"16\";s:4:\"proc\";s:7:\"Heading\";s:8:\"proc_tbl\";s:14:\"t_proc_heading\";s:3:\"nik\";s:3:\"300\";s:4:\"name\";s:11:\"AMIN DARMIN\";s:4:\"auth\";s:1:\"1\";}', '2018-04-11 07:13:01'),
('4e16a4603257a33d16542282abb338e8', '::1', 'Mozilla/5.0 (Windows NT 6.1; WOW64) AppleWebKit/537.36 (KHTML, like Gecko) Chrome/55.0.2883.87 Safari/537.36', 1484033783, 'a:4:{s:9:\"user_data\";s:0:\"\";s:2:\"id\";s:1:\"1\";s:4:\"nama\";s:13:\"Agus Setiawan\";s:5:\"level\";s:1:\"1\";}', '2017-01-10 00:36:29'),
('4e93750e7e6cc1797d56d1c8efe84673', '::1', 'Mozilla/5.0 (Windows NT 6.1; WOW64) AppleWebKit/537.36 (KHTML, like Gecko) Chrome/54.0.2840.71 Safari/537.36', 1478665234, 'a:4:{s:9:\"user_data\";s:0:\"\";s:2:\"id\";s:1:\"1\";s:4:\"nama\";s:13:\"Agus Setiawan\";s:5:\"level\";s:1:\"1\";}', '2016-11-08 21:20:43'),
('5624393f851bcb7ad9d6aad52bd249d5', '192.168.4.101', 'Mozilla/5.0 (Linux; Android 5.0.2; Redmi Note 2 Build/LRX22G) AppleWebKit/537.36 (KHTML, like Gecko) Chrome/46.0.2490.76', 1494294752, '', '2017-05-08 18:52:32'),
('56b13bf00c1ed85693c974496dc7c897', '::1', 'Mozilla/5.0 (Windows NT 6.1; Win64; x64) AppleWebKit/537.36 (KHTML, like Gecko) Chrome/58.0.3029.96 Safari/537.36', 1494316010, 'a:6:{s:9:\"user_data\";s:0:\"\";s:6:\"procid\";s:2:\"16\";s:4:\"proc\";s:7:\"Heading\";s:3:\"nik\";s:3:\"300\";s:4:\"name\";s:11:\"AMIN DARMIN\";s:4:\"auth\";s:1:\"1\";}', '2017-05-09 00:46:59'),
('57e3de68ba12b5cccd032c780a97c36c', '192.168.0.90', 'Arduino/2.2.0', 1480576500, '', '2016-12-01 00:15:00'),
('59ab1ff0dcc66079e534cdd22532a7b5', '::1', 'Mozilla/5.0 (iPhone; CPU iPhone OS 9_1 like Mac OS X) AppleWebKit/601.1.46 (KHTML, like Gecko) Version/9.0 Mobile/13B143', 1494234482, 'a:6:{s:9:\"user_data\";s:0:\"\";s:6:\"procid\";s:2:\"30\";s:4:\"proc\";s:8:\"Slotting\";s:3:\"nik\";s:3:\"300\";s:4:\"name\";s:11:\"AMIN DARMIN\";s:4:\"auth\";s:1:\"1\";}', '2017-05-08 02:08:02'),
('5cb120612d8e8a5429e9c3a189acda03', '192.168.0.90', 'Arduino/2.2.0', 1480575691, '', '2016-12-01 00:01:31'),
('6112bb1f38bd7bac0ab8849c81bba0e3', '192.168.0.161', 'Mozilla/5.0 (Windows NT 6.1; Win64; x64) AppleWebKit/537.36 (KHTML, like Gecko) Chrome/56.0.2924.87 Safari/537.36', 1488785183, 'a:4:{s:9:\"user_data\";s:0:\"\";s:2:\"id\";s:1:\"1\";s:4:\"nama\";s:13:\"Agus Setiawan\";s:5:\"level\";s:1:\"1\";}', '2017-03-06 00:26:23'),
('61546eaae9f4b6ec5251e2acec44515c', '192.168.4.177', 'Mozilla/5.0 (X11; Ubuntu; Linux armv7l; rv:49.0) Gecko/20100101 Firefox/49.0', 1477647836, 'a:4:{s:9:\"user_data\";s:0:\"\";s:2:\"id\";s:1:\"1\";s:4:\"nama\";s:13:\"Agus Setiawan\";s:5:\"level\";s:1:\"1\";}', '2016-10-28 02:45:06'),
('642eaa80f03fc08522d171f3c198825e', '::1', 'Mozilla/5.0 (Linux; Android 5.0; SM-G900P Build/LRX21T) AppleWebKit/537.36 (KHTML, like Gecko) Chrome/65.0.3325.181 Mobi', 1523868891, '', '2018-04-16 08:54:51'),
('6456e8be588cb7c9544b2f4ae0b8a826', '192.168.0.90', 'Arduino/2.2.0', 1480573103, '', '2016-11-30 23:18:23'),
('6616f3a27180bae32da3e4a6577ed83c', '::1', 'Mozilla/5.0 (iPhone; CPU iPhone OS 9_1 like Mac OS X) AppleWebKit/601.1.46 (KHTML, like Gecko) Version/9.0 Mobile/13B143', 1478600822, 'a:4:{s:9:\"user_data\";s:0:\"\";s:2:\"id\";s:1:\"1\";s:4:\"nama\";s:13:\"Agus Setiawan\";s:5:\"level\";s:1:\"1\";}', '2016-11-08 03:27:08'),
('690c97f6867a5cf38f6bafd831f9f642', '192.168.4.177', 'gvfs/1.28.2', 1477879677, '', '2016-10-30 19:07:57'),
('6d39fb107fa19c30fa9b69be79029620', '::1', 'Mozilla/5.0 (Windows NT 6.1; Win64; x64) AppleWebKit/537.36 (KHTML, like Gecko) Chrome/65.0.3325.181 Safari/537.36', 1523351419, 'a:10:{s:9:\"user_data\";s:0:\"\";s:2:\"id\";s:1:\"1\";s:4:\"nama\";s:13:\"Agus Setiawan\";s:5:\"level\";s:1:\"1\";s:6:\"procid\";s:2:\"30\";s:4:\"proc\";s:8:\"Slotting\";s:8:\"proc_tbl\";s:15:\"t_proc_slotting\";s:3:\"nik\";s:3:\"300\";s:4:\"name\";s:11:\"AMIN DARMIN\";s:4:\"auth\";s:1:\"1\";}', '2018-04-10 09:10:52'),
('732d14c6992d8948672e53e2f568486a', '::1', 'Mozilla/5.0 (Windows NT 6.1; Win64; x64) AppleWebKit/537.36 (KHTML, like Gecko) Chrome/63.0.3239.132 Safari/537.36', 1516001837, 'a:6:{s:9:\"user_data\";s:0:\"\";s:6:\"procid\";s:2:\"30\";s:4:\"proc\";s:8:\"Slotting\";s:3:\"nik\";s:3:\"300\";s:4:\"name\";s:11:\"AMIN DARMIN\";s:4:\"auth\";s:1:\"1\";}', '2018-01-15 07:37:17'),
('7372cb1ec3253a322b6601e34318a7ed', '192.168.0.254', 'Mozilla/5.0 (Linux; Android 5.0; ASUS_Z008D Build/LRX21V) AppleWebKit/537.36 (KHTML, like Gecko) Chrome/55.0.2883.91 Mob', 1487905643, '', '2017-02-23 20:07:23'),
('74c24c3a082eeb7ca8a201ed42be61ba', '192.168.0.90', 'Arduino/2.2.0', 1480576134, '', '2016-12-01 00:08:54'),
('75b725590575d7cf882eee7b4087fa1d', '::1', 'Mozilla/5.0 (Windows NT 6.1; Win64; x64) AppleWebKit/537.36 (KHTML, like Gecko) Chrome/65.0.3325.181 Safari/537.36', 1523868695, 'a:7:{s:9:\"user_data\";s:0:\"\";s:6:\"procid\";s:2:\"30\";s:4:\"proc\";s:8:\"Slotting\";s:8:\"proc_tbl\";s:15:\"t_proc_slotting\";s:3:\"nik\";s:3:\"300\";s:4:\"name\";s:11:\"AMIN DARMIN\";s:4:\"auth\";s:1:\"1\";}', '2018-04-16 08:51:40'),
('7653586a6722b67df89ed2da24350829', '::1', 'Mozilla/5.0 (Windows NT 6.1; WOW64) AppleWebKit/537.36 (KHTML, like Gecko) Chrome/54.0.2840.71 Safari/537.36', 1478826594, '', '2016-11-10 18:09:54'),
('76c887de38e6205d27371f99dfd9790d', '::1', 'Mozilla/5.0 (Windows NT 6.1; Win64; x64) AppleWebKit/537.36 (KHTML, like Gecko) Chrome/65.0.3325.181 Safari/537.36', 1524125493, 'a:7:{s:9:\"user_data\";s:0:\"\";s:6:\"procid\";s:2:\"30\";s:4:\"proc\";s:8:\"Slotting\";s:8:\"proc_tbl\";s:15:\"t_proc_slotting\";s:3:\"nik\";s:3:\"300\";s:4:\"name\";s:11:\"AMIN DARMIN\";s:4:\"auth\";s:1:\"1\";}', '2018-04-19 08:11:33'),
('79a7cd3ac8bf08709d9327caafc64b51', '192.168.0.66', 'Mozilla/5.0 (Windows NT 5.1; rv:50.0) Gecko/20100101 Firefox/50.0', 1481797494, 'a:4:{s:9:\"user_data\";s:0:\"\";s:2:\"id\";s:1:\"1\";s:4:\"nama\";s:13:\"Agus Setiawan\";s:5:\"level\";s:1:\"1\";}', '2016-12-15 03:25:06'),
('7a56069579c2eafc796b57e5fed6240c', '192.168.0.251', 'Mozilla/5.0 (Linux; Android 5.0; ASUS_Z008D Build/LRX21V) AppleWebKit/537.36 (KHTML, like Gecko) Chrome/61.0.3163.98 Mob', 1508150230, 'a:6:{s:9:\"user_data\";s:0:\"\";s:6:\"procid\";s:2:\"30\";s:4:\"proc\";s:8:\"Slotting\";s:3:\"nik\";s:3:\"300\";s:4:\"name\";s:11:\"AMIN DARMIN\";s:4:\"auth\";s:1:\"1\";}', '2017-10-16 03:37:10'),
('7d0216062054c2047fb6398bebe0e8b6', '192.168.0.161', 'Mozilla/5.0 (Windows NT 6.1; Win64; x64) AppleWebKit/537.36 (KHTML, like Gecko) Chrome/54.0.2840.71 Safari/537.36', 1478664822, 'a:4:{s:9:\"user_data\";s:0:\"\";s:2:\"id\";s:1:\"1\";s:4:\"nama\";s:13:\"Agus Setiawan\";s:5:\"level\";s:1:\"1\";}', '2016-11-08 21:13:50'),
('7d18fd5b314f895c628a32e7c2cc9250', '::1', 'Mozilla/5.0 (Windows NT 6.1; Win64; x64) AppleWebKit/537.36 (KHTML, like Gecko) Chrome/62.0.3202.94 Safari/537.36', 1510643213, '', '2017-11-14 07:06:53'),
('7e96cc28eab336029757ff1ad9f703d4', '192.168.0.90', 'Arduino/2.2.0', 1480573294, '', '2016-11-30 23:21:34'),
('804b61a4f3c5b13a0dba2dd905c18ccd', '::1', 'Mozilla/5.0 (Windows NT 6.1; Win64; x64) AppleWebKit/537.36 (KHTML, like Gecko) Chrome/65.0.3325.181 Safari/537.36', 1522774201, 'a:4:{s:9:\"user_data\";s:0:\"\";s:2:\"id\";s:1:\"1\";s:4:\"nama\";s:13:\"Agus Setiawan\";s:5:\"level\";s:1:\"1\";}', '2018-04-03 16:50:13'),
('812efc77ed5421229bc27425d83c0247', '::1', 'Mozilla/5.0 (Windows NT 6.1; Win64; x64) AppleWebKit/537.36 (KHTML, like Gecko) Chrome/65.0.3325.181 Safari/537.36', 1522897707, '', '2018-04-05 03:08:27'),
('8359f0912f6eebed5dba96a74dd5d22a', '192.168.0.251', 'Mozilla/5.0 (Linux; Android 5.0; ASUS_Z008D Build/LRX21V) AppleWebKit/537.36 (KHTML, like Gecko) Chrome/61.0.3163.98 Mob', 1508319001, 'a:6:{s:9:\"user_data\";s:0:\"\";s:6:\"procid\";s:2:\"30\";s:4:\"proc\";s:8:\"Slotting\";s:3:\"nik\";s:3:\"300\";s:4:\"name\";s:11:\"AMIN DARMIN\";s:4:\"auth\";s:1:\"1\";}', '2017-10-18 02:30:09'),
('84153aacf3fce48ea4c6f14cc2eea7ca', '192.168.4.177', 'Mozilla/5.0 (X11; Ubuntu; Linux armv7l; rv:49.0) Gecko/20100101 Firefox/49.0', 1477644988, 'a:6:{s:9:\"user_data\";s:0:\"\";s:6:\"procid\";s:2:\"16\";s:4:\"proc\";s:7:\"Heading\";s:3:\"nik\";s:3:\"300\";s:4:\"name\";s:11:\"AMIN DARMIN\";s:4:\"auth\";s:1:\"1\";}', '2016-10-28 01:56:28'),
('87a46cd891959446957b51a3eaa32162', '192.168.4.177', 'Mozilla/5.0 (X11; Ubuntu; Linux armv7l; rv:49.0) Gecko/20100101 Firefox/49.0', 1477644987, 'a:6:{s:9:\"user_data\";s:0:\"\";s:6:\"procid\";s:2:\"16\";s:4:\"proc\";s:7:\"Heading\";s:3:\"nik\";s:3:\"300\";s:4:\"name\";s:11:\"AMIN DARMIN\";s:4:\"auth\";s:1:\"1\";}', '2016-10-28 01:56:27'),
('87cddd5434b21300fda09220e0695925', '::1', 'Mozilla/5.0 (Windows NT 6.1; Win64; x64) AppleWebKit/537.36 (KHTML, like Gecko) Chrome/62.0.3202.89 Safari/537.36', 1510558232, 'a:6:{s:9:\"user_data\";s:0:\"\";s:6:\"procid\";s:2:\"30\";s:4:\"proc\";s:8:\"Slotting\";s:3:\"nik\";s:3:\"300\";s:4:\"name\";s:11:\"AMIN DARMIN\";s:4:\"auth\";s:1:\"1\";}', '2017-11-13 07:30:32'),
('883ccb229055d96fde7fdf9fef3476ca', '192.168.0.90', 'Arduino/2.2.0', 1480573966, '', '2016-11-30 23:32:46'),
('891243629d204312033643bc93fba6d8', '192.168.4.177', 'Mozilla/5.0 (X11; Ubuntu; Linux armv7l; rv:49.0) Gecko/20100101 Firefox/49.0', 1477649440, 'a:6:{s:9:\"user_data\";s:0:\"\";s:6:\"procid\";s:2:\"16\";s:4:\"proc\";s:7:\"Heading\";s:3:\"nik\";s:3:\"300\";s:4:\"name\";s:11:\"AMIN DARMIN\";s:4:\"auth\";s:1:\"1\";}', '2016-10-28 03:10:45'),
('8dbfd4efe9723111eefd1e12111d51e7', '::1', 'Mozilla/5.0 (Windows NT 6.1; Win64; x64) AppleWebKit/537.36 (KHTML, like Gecko) Chrome/60.0.3112.78 Safari/537.36', 1508147604, 'a:9:{s:9:\"user_data\";s:0:\"\";s:2:\"id\";s:1:\"1\";s:4:\"nama\";s:13:\"Agus Setiawan\";s:5:\"level\";s:1:\"1\";s:6:\"procid\";s:2:\"16\";s:4:\"proc\";s:7:\"Heading\";s:3:\"nik\";s:3:\"300\";s:4:\"name\";s:11:\"AMIN DARMIN\";s:4:\"auth\";s:1:\"1\";}', '2017-10-16 02:55:22'),
('8f0285f9152f360abe8dbfa2084376f6', '192.168.0.161', 'Mozilla/5.0 (Windows NT 6.1; Win64; x64) AppleWebKit/537.36 (KHTML, like Gecko) Chrome/55.0.2883.87 Safari/537.36', 1481785171, 'a:4:{s:9:\"user_data\";s:0:\"\";s:2:\"id\";s:1:\"1\";s:4:\"nama\";s:13:\"Agus Setiawan\";s:5:\"level\";s:1:\"1\";}', '2016-12-15 00:00:05'),
('8f3e4f3d8aa2b603fb9c3fc0c495937c', '::1', 'Mozilla/5.0 (Windows NT 6.1; WOW64) AppleWebKit/537.36 (KHTML, like Gecko) Chrome/56.0.2924.87 Safari/537.36', 1487929674, 'a:9:{s:9:\"user_data\";s:0:\"\";s:2:\"id\";s:1:\"1\";s:4:\"nama\";s:13:\"Agus Setiawan\";s:5:\"level\";s:1:\"1\";s:6:\"procid\";s:2:\"30\";s:4:\"proc\";s:8:\"Slotting\";s:3:\"nik\";s:3:\"300\";s:4:\"name\";s:11:\"AMIN DARMIN\";s:4:\"auth\";s:1:\"1\";}', '2017-02-24 02:47:55'),
('8fc555bab1fab0c0f5fc10b704bc2f0b', '::1', 'Mozilla/5.0 (iPhone; CPU iPhone OS 9_1 like Mac OS X) AppleWebKit/601.1.46 (KHTML, like Gecko) Version/9.0 Mobile/13B143', 1478595134, 'a:4:{s:9:\"user_data\";s:0:\"\";s:2:\"id\";s:1:\"1\";s:4:\"nama\";s:13:\"Agus Setiawan\";s:5:\"level\";s:1:\"1\";}', '2016-11-08 01:52:17'),
('8fe293bc7155c0e19750729bf172aa8e', '::1', 'Mozilla/5.0 (Windows NT 6.1; WOW64; rv:55.0) Gecko/20100101 Firefox/55.0', 1507691038, 'a:4:{s:9:\"user_data\";s:0:\"\";s:2:\"id\";s:1:\"1\";s:4:\"nama\";s:13:\"Agus Setiawan\";s:5:\"level\";s:1:\"1\";}', '2017-10-10 20:04:05'),
('91af977963df723471cbe051f8f61fa1', '192.168.4.177', 'Mozilla/5.0 (X11; Ubuntu; Linux armv7l; rv:49.0) Gecko/20100101 Firefox/49.0', 1477643356, '', '2016-10-28 01:29:16'),
('921c7ec8b3d0ea3962f9c660f440d930', '192.168.4.177', 'Mozilla/5.0 (X11; Ubuntu; Linux armv7l; rv:49.0) Gecko/20100101 Firefox/49.0', 1477645092, 'a:6:{s:9:\"user_data\";s:0:\"\";s:6:\"procid\";s:2:\"16\";s:4:\"proc\";s:7:\"Heading\";s:3:\"nik\";s:3:\"300\";s:4:\"name\";s:11:\"AMIN DARMIN\";s:4:\"auth\";s:1:\"1\";}', '2016-10-28 01:58:33'),
('9287fc1f15ce1c3a480f02ea0de2eaaa', '192.168.4.177', 'Mozilla/5.0 (X11; Ubuntu; Linux armv7l; rv:49.0) Gecko/20100101 Firefox/49.0', 1477649024, '', '2016-10-28 03:03:44'),
('937c671d9fbd9e582da448bbeb08e478', '192.168.4.177', 'Mozilla/5.0 (X11; Ubuntu; Linux armv7l; rv:49.0) Gecko/20100101 Firefox/49.0', 1477644988, 'a:6:{s:9:\"user_data\";s:0:\"\";s:6:\"procid\";s:2:\"16\";s:4:\"proc\";s:7:\"Heading\";s:3:\"nik\";s:3:\"300\";s:4:\"name\";s:11:\"AMIN DARMIN\";s:4:\"auth\";s:1:\"1\";}', '2016-10-28 01:56:28'),
('938b8cd5a1fc801f4200a09cc87eeb27', '::1', 'Mozilla/5.0 (Windows NT 6.1; Win64; x64) AppleWebKit/537.36 (KHTML, like Gecko) Chrome/65.0.3325.181 Safari/537.36', 1523329444, 'a:4:{s:9:\"user_data\";s:0:\"\";s:2:\"id\";s:1:\"1\";s:4:\"nama\";s:13:\"Agus Setiawan\";s:5:\"level\";s:1:\"1\";}', '2018-04-10 03:04:07'),
('94eb3cdcc1cfc7b7edff31c88becc93d', '::1', 'Mozilla/5.0 (Windows NT 6.1; WOW64) AppleWebKit/537.36 (KHTML, like Gecko) Chrome/56.0.2924.87 Safari/537.36', 1488774692, 'a:9:{s:9:\"user_data\";s:0:\"\";s:6:\"procid\";s:2:\"30\";s:4:\"proc\";s:8:\"Slotting\";s:3:\"nik\";s:3:\"300\";s:4:\"name\";s:11:\"AMIN DARMIN\";s:4:\"auth\";s:1:\"1\";s:2:\"id\";s:1:\"1\";s:4:\"nama\";s:13:\"Agus Setiawan\";s:5:\"level\";s:1:\"1\";}', '2017-03-05 21:31:35'),
('95909cc137e22ea9693ab841d2643ddd', '192.168.4.102', 'Mozilla/5.0 (Linux; Android 5.0.2; Redmi Note 2 Build/LRX22G) AppleWebKit/537.36 (KHTML, like Gecko) Chrome/46.0.2490.76', 1493373820, '', '2017-04-28 03:03:40'),
('95a38603f70a97e27c354dac50410310', '::1', 'Mozilla/5.0 (Windows NT 6.1; Win64; x64) AppleWebKit/537.36 (KHTML, like Gecko) Chrome/58.0.3029.96 Safari/537.36', 1501050321, 'a:6:{s:9:\"user_data\";s:0:\"\";s:6:\"procid\";s:2:\"16\";s:4:\"proc\";s:7:\"Heading\";s:3:\"nik\";s:3:\"300\";s:4:\"name\";s:11:\"AMIN DARMIN\";s:4:\"auth\";s:1:\"1\";}', '2017-07-25 23:25:29'),
('95b5d52d8b38b392cdfeae25d85d9eac', '192.168.0.161', 'Mozilla/5.0 (Windows NT 6.1; Win64; x64) AppleWebKit/537.36 (KHTML, like Gecko) Chrome/55.0.2883.87 Safari/537.36', 1482221531, 'a:4:{s:9:\"user_data\";s:0:\"\";s:2:\"id\";s:1:\"1\";s:4:\"nama\";s:13:\"Agus Setiawan\";s:5:\"level\";s:1:\"1\";}', '2016-12-20 01:12:27'),
('97ff50383f9d63ce604cb65026fb15f2', '10.1.1.1', 'Mozilla/5.0 (Linux; Android 5.0.2; Redmi Note 2 Build/LRX22G) AppleWebKit/537.36 (KHTML, like Gecko) Chrome/46.0.2490.76', 1494234519, 'a:6:{s:9:\"user_data\";s:0:\"\";s:6:\"procid\";s:2:\"16\";s:4:\"proc\";s:7:\"Heading\";s:3:\"nik\";s:3:\"300\";s:4:\"name\";s:11:\"AMIN DARMIN\";s:4:\"auth\";s:1:\"1\";}', '2017-05-08 02:08:39'),
('989e7f082d4ee5aab417d019371f1987', '::1', 'Mozilla/5.0 (Linux; Android 5.0; SM-G900P Build/LRX21T) AppleWebKit/537.36 (KHTML, like Gecko) Chrome/65.0.3325.181 Mobi', 1522894731, 'a:6:{s:9:\"user_data\";s:0:\"\";s:6:\"procid\";s:2:\"30\";s:4:\"proc\";s:8:\"Slotting\";s:3:\"nik\";s:3:\"300\";s:4:\"name\";s:11:\"AMIN DARMIN\";s:4:\"auth\";s:1:\"1\";}', '2018-04-05 02:18:51'),
('9a7f2e33db8746202bb88a5396b15c0e', '::1', 'Mozilla/5.0 (Windows NT 6.1; WOW64) AppleWebKit/537.36 (KHTML, like Gecko) Chrome/57.0.2987.133 Safari/537.36', 1494304667, '', '2017-05-08 21:37:47'),
('9bc0600c0f38ccb7669ca54a21d8590f', '::1', 'Mozilla/5.0 (Windows NT 6.1; WOW64) AppleWebKit/537.36 (KHTML, like Gecko) Chrome/54.0.2840.71 Safari/537.36', 1478748092, 'a:4:{s:9:\"user_data\";s:0:\"\";s:2:\"id\";s:1:\"1\";s:4:\"nama\";s:13:\"Agus Setiawan\";s:5:\"level\";s:1:\"1\";}', '2016-11-09 20:21:34'),
('9c392d7b5e329c75c5fb9e0d5b4f92cb', '::1', 'Mozilla/5.0 (Windows NT 6.1; WOW64) AppleWebKit/537.36 (KHTML, like Gecko) Chrome/57.0.2987.133 Safari/537.36', 1494294472, 'a:6:{s:9:\"user_data\";s:0:\"\";s:6:\"procid\";s:2:\"30\";s:4:\"proc\";s:8:\"Slotting\";s:3:\"nik\";s:3:\"300\";s:4:\"name\";s:11:\"AMIN DARMIN\";s:4:\"auth\";s:1:\"1\";}', '2017-05-08 18:47:59'),
('a01fe74330c1146dca326999fe53e6f4', '192.168.0.251', 'Mozilla/5.0 (Linux; Android 5.0; ASUS_Z008D Build/LRX21V) AppleWebKit/537.36 (KHTML, like Gecko) Chrome/55.0.2883.91 Mob', 1487930105, 'a:6:{s:9:\"user_data\";s:0:\"\";s:6:\"procid\";s:2:\"16\";s:4:\"proc\";s:7:\"Heading\";s:3:\"nik\";s:3:\"300\";s:4:\"name\";s:11:\"AMIN DARMIN\";s:4:\"auth\";s:1:\"1\";}', '2017-02-24 02:55:05'),
('a08fc04086f362c1ea2b7e9cc9360200', '::1', 'Mozilla/5.0 (Windows NT 6.1; Win64; x64) AppleWebKit/537.36 (KHTML, like Gecko) Chrome/65.0.3325.181 Safari/537.36', 1524037179, 'a:4:{s:9:\"user_data\";s:0:\"\";s:2:\"id\";s:1:\"1\";s:4:\"nama\";s:13:\"Agus Setiawan\";s:5:\"level\";s:1:\"1\";}', '2018-04-18 07:39:39'),
('a1b18a4b2a65e95cd11cb0f53023b740', '::1', 'Mozilla/5.0 (Windows NT 6.1; Win64; x64) AppleWebKit/537.36 (KHTML, like Gecko) Chrome/65.0.3325.181 Safari/537.36', 1524217952, 'a:7:{s:9:\"user_data\";s:0:\"\";s:6:\"procid\";s:2:\"16\";s:4:\"proc\";s:7:\"Heading\";s:8:\"proc_tbl\";s:14:\"t_proc_heading\";s:3:\"nik\";s:3:\"300\";s:4:\"name\";s:11:\"AMIN DARMIN\";s:4:\"auth\";s:1:\"1\";}', '2018-04-20 09:52:32'),
('a1d1fc7f88728349c6294ea127f124bc', '192.168.0.90', 'Arduino/2.2.0', 1480575625, '', '2016-12-01 00:00:25'),
('a252dfae3e9ec9c1eacb9453b10dcd9f', '::1', 'Mozilla/5.0 (Windows NT 6.1; Win64; x64) AppleWebKit/537.36 (KHTML, like Gecko) Chrome/58.0.3029.96 Safari/537.36', 1494389219, 'a:6:{s:9:\"user_data\";s:0:\"\";s:6:\"procid\";s:2:\"16\";s:4:\"proc\";s:7:\"Heading\";s:3:\"nik\";s:3:\"300\";s:4:\"name\";s:11:\"AMIN DARMIN\";s:4:\"auth\";s:1:\"1\";}', '2017-05-09 21:06:59'),
('a595ebc12ef5960a898b56751d84a6e8', '192.168.4.177', 'Mozilla/5.0 (X11; Ubuntu; Linux armv7l; rv:49.0) Gecko/20100101 Firefox/49.0', 1477644988, 'a:6:{s:9:\"user_data\";s:0:\"\";s:6:\"procid\";s:2:\"16\";s:4:\"proc\";s:7:\"Heading\";s:3:\"nik\";s:3:\"300\";s:4:\"name\";s:11:\"AMIN DARMIN\";s:4:\"auth\";s:1:\"1\";}', '2016-10-28 01:56:28'),
('a5961191ef0544742c86a9111c09434b', '192.168.4.177', 'Mozilla/5.0 (X11; Ubuntu; Linux armv7l; rv:49.0) Gecko/20100101 Firefox/49.0', 1477644988, 'a:6:{s:9:\"user_data\";s:0:\"\";s:6:\"procid\";s:2:\"16\";s:4:\"proc\";s:7:\"Heading\";s:3:\"nik\";s:3:\"300\";s:4:\"name\";s:11:\"AMIN DARMIN\";s:4:\"auth\";s:1:\"1\";}', '2016-10-28 01:56:28'),
('a8f785aaa949ec66971403892b111bb8', '192.168.4.177', 'Mozilla/5.0 (X11; Ubuntu; Linux armv7l; rv:49.0) Gecko/20100101 Firefox/49.0', 1477644986, 'a:6:{s:9:\"user_data\";s:0:\"\";s:6:\"procid\";s:2:\"16\";s:4:\"proc\";s:7:\"Heading\";s:3:\"nik\";s:3:\"300\";s:4:\"name\";s:11:\"AMIN DARMIN\";s:4:\"auth\";s:1:\"1\";}', '2016-10-28 01:56:26'),
('a91195e95839b64b6ea42c292a090dea', '::1', 'Mozilla/5.0 (Windows NT 6.1; Win64; x64) AppleWebKit/537.36 (KHTML, like Gecko) Chrome/60.0.3112.78 Safari/537.36', 1508147972, '', '2017-10-16 02:59:32'),
('a990e6d90dcd9f2e5ae542f0cc60edd4', '192.168.4.100', 'Mozilla/5.0 (Linux; Android 5.0.2; Redmi Note 2 Build/LRX22G) AppleWebKit/537.36 (KHTML, like Gecko) Chrome/46.0.2490.76', 1500343134, 'a:6:{s:9:\"user_data\";s:0:\"\";s:6:\"procid\";s:2:\"16\";s:4:\"proc\";s:7:\"Heading\";s:3:\"nik\";s:3:\"300\";s:4:\"name\";s:11:\"AMIN DARMIN\";s:4:\"auth\";s:1:\"1\";}', '2017-07-17 19:00:46'),
('aa1d3191ee0ef91d7b620af2ccd693b1', '192.168.0.90', 'Arduino/2.2.0', 1480584674, '', '2016-12-01 02:31:14'),
('aae8b066e8c2afd1e9f285d9aa672a8f', '::1', 'Mozilla/5.0 (Linux; Android 6.0; Nexus 5 Build/MRA58N) AppleWebKit/537.36 (KHTML, like Gecko) Chrome/65.0.3325.181 Mobil', 1522823763, 'a:6:{s:9:\"user_data\";s:0:\"\";s:6:\"procid\";s:2:\"30\";s:4:\"proc\";s:8:\"Slotting\";s:3:\"nik\";s:3:\"300\";s:4:\"name\";s:11:\"AMIN DARMIN\";s:4:\"auth\";s:1:\"1\";}', '2018-04-04 06:36:03'),
('acdb6b40402bed983603dd0b81e05e1b', '::1', 'Mozilla/5.0 (Windows NT 6.1; WOW64) AppleWebKit/537.36 (KHTML, like Gecko) Chrome/57.0.2987.133 Safari/537.36', 1493345782, 'a:6:{s:9:\"user_data\";s:0:\"\";s:6:\"procid\";s:2:\"30\";s:4:\"proc\";s:8:\"Slotting\";s:3:\"nik\";s:3:\"300\";s:4:\"name\";s:11:\"AMIN DARMIN\";s:4:\"auth\";s:1:\"1\";}', '2017-04-27 19:16:28'),
('afcea0d00cfb31be333e41a007fd654b', '::1', 'Mozilla/5.0 (Linux; Android 5.0; SM-G900P Build/LRX21T) AppleWebKit/537.36 (KHTML, like Gecko) Chrome/65.0.3325.181 Mobi', 1522898404, 'a:6:{s:9:\"user_data\";s:0:\"\";s:6:\"procid\";s:2:\"30\";s:4:\"proc\";s:8:\"Slotting\";s:3:\"nik\";s:3:\"300\";s:4:\"name\";s:11:\"AMIN DARMIN\";s:4:\"auth\";s:1:\"1\";}', '2018-04-05 03:20:04'),
('afe86292f55ea5fd197ed909092e20d3', '10.3.4.6', 'Mozilla/5.0 (Linux; Android 5.0; ASUS_Z008D Build/LRX21V) AppleWebKit/537.36 (KHTML, like Gecko) Chrome/65.0.3325.109 Mo', 1523348861, 'a:7:{s:9:\"user_data\";s:0:\"\";s:6:\"procid\";s:2:\"16\";s:4:\"proc\";s:7:\"Heading\";s:8:\"proc_tbl\";s:14:\"t_proc_heading\";s:3:\"nik\";s:3:\"300\";s:4:\"name\";s:11:\"AMIN DARMIN\";s:4:\"auth\";s:1:\"1\";}', '2018-04-10 08:27:41'),
('b1227b86fb94bd5a1614fb24a747faad', '::1', 'Mozilla/5.0 (Linux; Android 5.0; SM-G900P Build/LRX21T) AppleWebKit/537.36 (KHTML, like Gecko) Chrome/65.0.3325.181 Mobi', 1523436092, 'a:7:{s:9:\"user_data\";s:0:\"\";s:6:\"procid\";s:2:\"30\";s:4:\"proc\";s:8:\"Slotting\";s:8:\"proc_tbl\";s:15:\"t_proc_slotting\";s:3:\"nik\";s:3:\"300\";s:4:\"name\";s:11:\"AMIN DARMIN\";s:4:\"auth\";s:1:\"1\";}', '2018-04-11 08:41:46'),
('b2727c19c859850f051195356784a5e3', '192.168.0.90', 'Arduino/2.2.0', 1480584295, '', '2016-12-01 02:24:55'),
('b35d64634471f0097f5427b32d20a500', '10.1.1.1', 'Mozilla/5.0 (Linux; Android 5.0.2; Redmi Note 2 Build/LRX22G) AppleWebKit/537.36 (KHTML, like Gecko) Chrome/46.0.2490.76', 1493350227, 'a:6:{s:9:\"user_data\";s:0:\"\";s:6:\"procid\";s:2:\"16\";s:4:\"proc\";s:7:\"Heading\";s:3:\"nik\";s:3:\"300\";s:4:\"name\";s:11:\"AMIN DARMIN\";s:4:\"auth\";s:1:\"1\";}', '2017-04-27 20:33:23'),
('b45eb170093f79a534b62dabf56ec926', '::1', 'Mozilla/5.0 (Windows NT 6.1; WOW64) AppleWebKit/537.36 (KHTML, like Gecko) Chrome/55.0.2883.75 Safari/537.36', 1482300576, 'a:9:{s:9:\"user_data\";s:0:\"\";s:6:\"procid\";s:2:\"30\";s:4:\"proc\";s:8:\"Slotting\";s:3:\"nik\";s:3:\"300\";s:4:\"name\";s:11:\"AMIN DARMIN\";s:4:\"auth\";s:1:\"1\";s:2:\"id\";s:1:\"1\";s:4:\"nama\";s:13:\"Agus Setiawan\";s:5:\"level\";s:1:\"1\";}', '2016-12-20 23:09:36'),
('b4855656e75d1addd60299d3686316c1', '::1', 'Mozilla/5.0 (Windows NT 6.1; WOW64) AppleWebKit/537.36 (KHTML, like Gecko) Chrome/54.0.2840.71 Safari/537.36', 1477880302, 'a:4:{s:9:\"user_data\";s:0:\"\";s:2:\"id\";s:1:\"1\";s:4:\"nama\";s:13:\"Agus Setiawan\";s:5:\"level\";s:1:\"1\";}', '2016-10-30 19:18:22'),
('b49450d7da4b61f3f3a5f6bf6464f764', '::1', 'Mozilla/5.0 (Windows NT 6.1; Win64; x64) AppleWebKit/537.36 (KHTML, like Gecko) Chrome/58.0.3029.96 Safari/537.36', 1500358126, 'a:4:{s:9:\"user_data\";s:0:\"\";s:2:\"id\";s:1:\"1\";s:4:\"nama\";s:13:\"Agus Setiawan\";s:5:\"level\";s:1:\"1\";}', '2017-07-17 23:08:46'),
('b55930c16808b744250e7fcbb465d943', '::1', 'Mozilla/5.0 (Linux; Android 5.0; SM-G900P Build/LRX21T) AppleWebKit/537.36 (KHTML, like Gecko) Chrome/60.0.3112.78 Mobil', 1508147752, 'a:6:{s:9:\"user_data\";s:0:\"\";s:6:\"procid\";s:2:\"16\";s:4:\"proc\";s:7:\"Heading\";s:3:\"nik\";s:3:\"300\";s:4:\"name\";s:11:\"AMIN DARMIN\";s:4:\"auth\";s:1:\"1\";}', '2017-10-16 02:55:58'),
('b7dd9446dae7a57b390aff509e0f99d0', '::1', 'Mozilla/5.0 (Windows NT 6.1; WOW64) AppleWebKit/537.36 (KHTML, like Gecko) Chrome/55.0.2883.75 Safari/537.36', 1481247365, 'a:9:{s:9:\"user_data\";s:0:\"\";s:6:\"procid\";s:2:\"30\";s:4:\"proc\";s:8:\"Slotting\";s:3:\"nik\";s:3:\"300\";s:4:\"name\";s:11:\"AMIN DARMIN\";s:4:\"auth\";s:1:\"1\";s:2:\"id\";s:1:\"1\";s:4:\"nama\";s:13:\"Agus Setiawan\";s:5:\"level\";s:1:\"1\";}', '2016-12-08 18:36:11'),
('bac7d069853d74711762468b3da8ffb3', '::1', 'Mozilla/5.0 (Windows NT 6.1; WOW64) AppleWebKit/537.36 (KHTML, like Gecko) Chrome/54.0.2840.99 Safari/537.36', 1479089081, '', '2016-11-13 19:04:41'),
('bb7096c7ca2d761bffab7af46d7e7f9a', '::1', 'Mozilla/5.0 (Windows NT 6.1; Win64; x64) AppleWebKit/537.36 (KHTML, like Gecko) Chrome/65.0.3325.181 Safari/537.36', 1523844171, '', '2018-04-16 02:02:51'),
('bc915ccc8a3309c8c8928ab8aee35fd5', '::1', 'Mozilla/5.0 (Windows NT 6.1; Win64; x64) AppleWebKit/537.36 (KHTML, like Gecko) Chrome/65.0.3325.181 Safari/537.36', 1523844182, 'a:7:{s:9:\"user_data\";s:0:\"\";s:6:\"procid\";s:2:\"30\";s:4:\"proc\";s:8:\"Slotting\";s:8:\"proc_tbl\";s:15:\"t_proc_slotting\";s:3:\"nik\";s:3:\"300\";s:4:\"name\";s:11:\"AMIN DARMIN\";s:4:\"auth\";s:1:\"1\";}', '2018-04-16 02:03:07'),
('bd459512c5573b65ce9adfe7670a7d79', '192.168.4.177', 'Mozilla/5.0 (X11; Ubuntu; Linux armv7l; rv:49.0) Gecko/20100101 Firefox/49.0', 1477644979, 'a:6:{s:9:\"user_data\";s:0:\"\";s:6:\"procid\";s:2:\"16\";s:4:\"proc\";s:7:\"Heading\";s:3:\"nik\";s:3:\"300\";s:4:\"name\";s:11:\"AMIN DARMIN\";s:4:\"auth\";s:1:\"1\";}', '2016-10-28 01:56:19'),
('c09cab9531dadaa3008c75314b35971f', '::1', 'Mozilla/5.0 (Windows NT 6.1; Win64; x64) AppleWebKit/537.36 (KHTML, like Gecko) Chrome/65.0.3325.181 Safari/537.36', 1523844019, 'a:7:{s:9:\"user_data\";s:0:\"\";s:6:\"procid\";s:2:\"30\";s:4:\"proc\";s:8:\"Slotting\";s:8:\"proc_tbl\";s:15:\"t_proc_slotting\";s:3:\"nik\";s:3:\"300\";s:4:\"name\";s:11:\"AMIN DARMIN\";s:4:\"auth\";s:1:\"1\";}', '2018-04-16 02:00:23'),
('c279f72066d1ccbc32e23a27e6f548a8', '::1', 'Mozilla/5.0 (Windows NT 6.1; Win64; x64) AppleWebKit/537.36 (KHTML, like Gecko) Chrome/65.0.3325.181 Safari/537.36', 1523616429, 'a:7:{s:9:\"user_data\";s:0:\"\";s:6:\"procid\";s:2:\"30\";s:4:\"proc\";s:8:\"Slotting\";s:8:\"proc_tbl\";s:15:\"t_proc_slotting\";s:3:\"nik\";s:3:\"300\";s:4:\"name\";s:11:\"AMIN DARMIN\";s:4:\"auth\";s:1:\"1\";}', '2018-04-13 10:47:09'),
('c30534581c21d188a114be6686f13855', '::1', 'Mozilla/5.0 (Windows NT 6.1; WOW64) AppleWebKit/537.36 (KHTML, like Gecko) Chrome/54.0.2840.99 Safari/537.36', 1480655474, 'a:8:{s:2:\"id\";s:1:\"1\";s:4:\"nama\";s:13:\"Agus Setiawan\";s:5:\"level\";s:1:\"1\";s:6:\"procid\";s:2:\"30\";s:4:\"proc\";s:8:\"Slotting\";s:3:\"nik\";s:3:\"300\";s:4:\"name\";s:11:\"AMIN DARMIN\";s:4:\"auth\";s:1:\"1\";}', '2016-12-01 22:11:14'),
('c5683c43920f997b9b493d9e3932b0ef', '::1', 'Mozilla/5.0 (Windows NT 6.1; WOW64) AppleWebKit/537.36 (KHTML, like Gecko) Chrome/57.0.2987.133 Safari/537.36', 1494212747, 'a:6:{s:9:\"user_data\";s:0:\"\";s:6:\"procid\";s:2:\"27\";s:4:\"proc\";s:7:\"Rolling\";s:3:\"nik\";s:3:\"300\";s:4:\"name\";s:11:\"AMIN DARMIN\";s:4:\"auth\";s:1:\"1\";}', '2017-05-07 20:10:34'),
('c5e9a872e9bd9a5958eb822fbc215bb4', '::1', 'Mozilla/5.0 (Windows NT 6.1; Win64; x64) AppleWebKit/537.36 (KHTML, like Gecko) Chrome/65.0.3325.181 Safari/537.36', 1523844162, 'a:4:{s:9:\"user_data\";s:0:\"\";s:2:\"id\";s:1:\"1\";s:4:\"nama\";s:13:\"Agus Setiawan\";s:5:\"level\";s:1:\"1\";}', '2018-04-16 02:02:46'),
('c6ab5bee1e05128f48709d1f8bf062c7', '192.168.4.177', 'Mozilla/5.0 (X11; Ubuntu; Linux armv7l; rv:49.0) Gecko/20100101 Firefox/49.0', 1477644987, 'a:6:{s:9:\"user_data\";s:0:\"\";s:6:\"procid\";s:2:\"16\";s:4:\"proc\";s:7:\"Heading\";s:3:\"nik\";s:3:\"300\";s:4:\"name\";s:11:\"AMIN DARMIN\";s:4:\"auth\";s:1:\"1\";}', '2016-10-28 01:56:27'),
('c75bf19ef0570f36135da2a918b4bcd8', '::1', 'Mozilla/5.0 (Windows NT 6.1; Win64; x64) AppleWebKit/537.36 (KHTML, like Gecko) Chrome/65.0.3325.181 Safari/537.36', 1523844149, 'a:7:{s:9:\"user_data\";s:0:\"\";s:6:\"procid\";s:2:\"30\";s:4:\"proc\";s:8:\"Slotting\";s:8:\"proc_tbl\";s:15:\"t_proc_slotting\";s:3:\"nik\";s:3:\"300\";s:4:\"name\";s:11:\"AMIN DARMIN\";s:4:\"auth\";s:1:\"1\";}', '2018-04-16 02:02:33'),
('c818ffc9dc192645146369a870bb80ef', '192.168.0.161', 'Mozilla/5.0 (Windows NT 6.1; Win64; x64) AppleWebKit/537.36 (KHTML, like Gecko) Chrome/54.0.2840.71 Safari/537.36', 1478234069, 'a:4:{s:9:\"user_data\";s:0:\"\";s:2:\"id\";s:1:\"1\";s:4:\"nama\";s:13:\"Agus Setiawan\";s:5:\"level\";s:1:\"1\";}', '2016-11-03 21:34:39'),
('c852d4016eeb82ea44030220ef122946', '::1', 'Mozilla/5.0 (Windows NT 6.1; WOW64) AppleWebKit/537.36 (KHTML, like Gecko) Chrome/54.0.2840.99 Safari/537.36', 1478833342, '', '2016-11-10 20:02:22'),
('c9b82a204b72cc2ca455abe61632ac67', '192.168.0.90', 'Arduino/2.2.0', 1480575348, '', '2016-11-30 23:55:48'),
('d125ff916a717a0cb7fa073d9b33fcb9', '192.168.4.177', 'Mozilla/5.0 (X11; Ubuntu; Linux armv7l; rv:49.0) Gecko/20100101 Firefox/49.0', 1477644987, 'a:6:{s:9:\"user_data\";s:0:\"\";s:6:\"procid\";s:2:\"16\";s:4:\"proc\";s:7:\"Heading\";s:3:\"nik\";s:3:\"300\";s:4:\"name\";s:11:\"AMIN DARMIN\";s:4:\"auth\";s:1:\"1\";}', '2016-10-28 01:56:27'),
('d18e4da0496adf623d18fa7626548a36', '::1', 'Mozilla/5.0 (Windows NT 6.1; Win64; x64) AppleWebKit/537.36 (KHTML, like Gecko) Chrome/65.0.3325.181 Safari/537.36', 1524448175, 'a:4:{s:9:\"user_data\";s:0:\"\";s:2:\"id\";s:1:\"1\";s:4:\"nama\";s:13:\"Agus Setiawan\";s:5:\"level\";s:1:\"1\";}', '2018-04-23 01:49:35'),
('d22907a3bde2a0284e4a7772c688fc27', '::1', 'Mozilla/5.0 (Windows NT 6.1; Win64; x64) AppleWebKit/537.36 (KHTML, like Gecko) Chrome/65.0.3325.181 Safari/537.36', 1524446816, 'a:7:{s:9:\"user_data\";s:0:\"\";s:6:\"procid\";s:2:\"16\";s:4:\"proc\";s:7:\"Heading\";s:8:\"proc_tbl\";s:14:\"t_proc_heading\";s:3:\"nik\";s:3:\"300\";s:4:\"name\";s:11:\"AMIN DARMIN\";s:4:\"auth\";s:1:\"1\";}', '2018-04-23 01:27:02'),
('d48b28b87ac0a21266198c755be922c2', '::1', 'Mozilla/5.0 (Windows NT 6.1; WOW64) AppleWebKit/537.36 (KHTML, like Gecko) Chrome/54.0.2840.71 Safari/537.36', 1478223436, 'a:4:{s:9:\"user_data\";s:0:\"\";s:2:\"id\";s:1:\"1\";s:4:\"nama\";s:13:\"Agus Setiawan\";s:5:\"level\";s:1:\"1\";}', '2016-11-03 18:37:16'),
('d4bbe801fa63cdf60731ef19fb89ab60', '::1', 'Mozilla/5.0 (Windows NT 6.1; WOW64) AppleWebKit/537.36 (KHTML, like Gecko) Chrome/54.0.2840.71 Safari/537.36', 1478663431, 'a:4:{s:9:\"user_data\";s:0:\"\";s:2:\"id\";s:1:\"1\";s:4:\"nama\";s:13:\"Agus Setiawan\";s:5:\"level\";s:1:\"1\";}', '2016-11-08 20:50:31'),
('d50328847225ab3c7ef0b79ea28cc15c', '192.168.4.177', 'gvfs/1.28.2', 1477650041, '', '2016-10-28 03:20:41'),
('d6351266b2feb1744be78750a887559e', '::1', 'Mozilla/5.0 (iPhone; CPU iPhone OS 9_1 like Mac OS X) AppleWebKit/601.1.46 (KHTML, like Gecko) Version/9.0 Mobile/13B143', 1494211273, 'a:6:{s:9:\"user_data\";s:0:\"\";s:6:\"procid\";s:2:\"30\";s:4:\"proc\";s:8:\"Slotting\";s:3:\"nik\";s:3:\"300\";s:4:\"name\";s:11:\"AMIN DARMIN\";s:4:\"auth\";s:1:\"1\";}', '2017-05-07 19:41:18'),
('d662dcf09f39b0cfa2977440199ef816', '::1', 'Mozilla/5.0 (Windows NT 6.1; Win64; x64) AppleWebKit/537.36 (KHTML, like Gecko) Chrome/62.0.3202.94 Safari/537.36', 1510631081, 'a:6:{s:9:\"user_data\";s:0:\"\";s:6:\"procid\";s:2:\"30\";s:4:\"proc\";s:8:\"Slotting\";s:3:\"nik\";s:3:\"300\";s:4:\"name\";s:11:\"AMIN DARMIN\";s:4:\"auth\";s:1:\"1\";}', '2017-11-14 03:44:44'),
('da323a5f0ee996df1113d3942143585f', '::1', 'Mozilla/5.0 (Linux; Android 5.0; SM-G900P Build/LRX21T) AppleWebKit/537.36 (KHTML, like Gecko) Chrome/65.0.3325.181 Mobi', 1523329379, 'a:7:{s:9:\"user_data\";s:0:\"\";s:6:\"procid\";s:2:\"30\";s:4:\"proc\";s:8:\"Slotting\";s:8:\"proc_tbl\";s:15:\"t_proc_slotting\";s:3:\"nik\";s:3:\"300\";s:4:\"name\";s:11:\"AMIN DARMIN\";s:4:\"auth\";s:1:\"1\";}', '2018-04-10 03:02:59'),
('da9de0337ffcc0319fc61a5c35ad5056', '10.3.4.6', 'Mozilla/5.0 (Linux; Android 5.0; ASUS_Z008D Build/LRX21V) AppleWebKit/537.36 (KHTML, like Gecko) Chrome/65.0.3325.109 Mo', 1523436056, 'a:7:{s:9:\"user_data\";s:0:\"\";s:6:\"procid\";s:2:\"16\";s:4:\"proc\";s:7:\"Heading\";s:8:\"proc_tbl\";s:14:\"t_proc_heading\";s:3:\"nik\";s:3:\"300\";s:4:\"name\";s:11:\"AMIN DARMIN\";s:4:\"auth\";s:1:\"1\";}', '2018-04-11 08:41:02'),
('de35be8c4e97a05499c9c109a92e428b', '::1', 'Mozilla/5.0 (Windows NT 6.1; Win64; x64) AppleWebKit/537.36 (KHTML, like Gecko) Chrome/63.0.3239.132 Safari/537.36', 1515461366, '', '2018-01-09 01:29:26'),
('de4578e2be1cd4af3c889853cbac3b6b', '::1', 'Mozilla/5.0 (Windows NT 6.1; WOW64) AppleWebKit/537.36 (KHTML, like Gecko) Chrome/54.0.2840.71 Safari/537.36', 1478680258, 'a:4:{s:9:\"user_data\";s:0:\"\";s:2:\"id\";s:1:\"1\";s:4:\"nama\";s:13:\"Agus Setiawan\";s:5:\"level\";s:1:\"1\";}', '2016-11-09 01:31:06'),
('defbeb9d2337ef21a9112459b98e29ed', '::1', 'Mozilla/5.0 (Linux; Android 5.0; SM-G900P Build/LRX21T) AppleWebKit/537.36 (KHTML, like Gecko) Chrome/65.0.3325.181 Mobi', 1523331355, 'a:7:{s:9:\"user_data\";s:0:\"\";s:6:\"procid\";s:2:\"30\";s:4:\"proc\";s:8:\"Slotting\";s:8:\"proc_tbl\";s:15:\"t_proc_slotting\";s:3:\"nik\";s:3:\"300\";s:4:\"name\";s:11:\"AMIN DARMIN\";s:4:\"auth\";s:1:\"1\";}', '2018-04-10 03:36:03'),
('df3a817d089c0ea90fc0ad839eaf9ecf', '192.168.4.177', 'Mozilla/5.0 (X11; Ubuntu; Linux armv7l; rv:49.0) Gecko/20100101 Firefox/49.0', 1477650135, '', '2016-10-28 03:22:15'),
('e44f88b0eb8a0f547127b3206c2368de', '10.3.4.6', 'Mozilla/5.0 (Linux; Android 5.0; ASUS_Z008D Build/LRX21V) AppleWebKit/537.36 (KHTML, like Gecko) Chrome/65.0.3325.109 Mo', 1523419124, 'a:7:{s:9:\"user_data\";s:0:\"\";s:6:\"procid\";s:2:\"16\";s:4:\"proc\";s:7:\"Heading\";s:8:\"proc_tbl\";s:14:\"t_proc_heading\";s:3:\"nik\";s:3:\"300\";s:4:\"name\";s:11:\"AMIN DARMIN\";s:4:\"auth\";s:1:\"1\";}', '2018-04-11 03:58:44'),
('e6c2f2f30dc16182dae3a75fe603668c', '192.168.0.90', 'Arduino/2.2.0', 1480573835, '', '2016-11-30 23:30:35'),
('e9d76e08401697f74745713e3ddbaa52', '::1', 'Mozilla/5.0 (Windows NT 6.1; Win64; x64) AppleWebKit/537.36 (KHTML, like Gecko) Chrome/58.0.3029.96 Safari/537.36', 1494314217, 'a:6:{s:9:\"user_data\";s:0:\"\";s:6:\"procid\";s:2:\"30\";s:4:\"proc\";s:8:\"Slotting\";s:3:\"nik\";s:3:\"300\";s:4:\"name\";s:11:\"AMIN DARMIN\";s:4:\"auth\";s:1:\"1\";}', '2017-05-09 00:17:04'),
('ea40cdb2f24d97f214da42997be2f018', '192.168.4.177', 'Mozilla/5.0 (X11; Ubuntu; Linux armv7l; rv:49.0) Gecko/20100101 Firefox/49.0', 1477644988, 'a:6:{s:9:\"user_data\";s:0:\"\";s:6:\"procid\";s:2:\"16\";s:4:\"proc\";s:7:\"Heading\";s:3:\"nik\";s:3:\"300\";s:4:\"name\";s:11:\"AMIN DARMIN\";s:4:\"auth\";s:1:\"1\";}', '2016-10-28 01:56:29'),
('eb507169f3a0abb105f88fd8f1709bf7', '192.168.4.177', 'Mozilla/5.0 (X11; Ubuntu; Linux armv7l; rv:49.0) Gecko/20100101 Firefox/49.0', 1477644987, 'a:6:{s:9:\"user_data\";s:0:\"\";s:6:\"procid\";s:2:\"16\";s:4:\"proc\";s:7:\"Heading\";s:3:\"nik\";s:3:\"300\";s:4:\"name\";s:11:\"AMIN DARMIN\";s:4:\"auth\";s:1:\"1\";}', '2016-10-28 01:56:27'),
('eb56c316a5268a483bebae009e0adca7', '192.168.0.161', 'Mozilla/5.0 (Windows NT 6.1; Win64; x64) AppleWebKit/537.36 (KHTML, like Gecko) Chrome/56.0.2924.87 Safari/537.36', 1486357142, 'a:4:{s:9:\"user_data\";s:0:\"\";s:2:\"id\";s:1:\"4\";s:4:\"nama\";s:11:\"Feri Panzer\";s:5:\"level\";s:1:\"6\";}', '2017-02-05 21:59:21'),
('ee92260febfb9e2bd9ed313d2179cd55', '::1', 'Mozilla/5.0 (Windows NT 6.1; Win64; x64) AppleWebKit/537.36 (KHTML, like Gecko) Chrome/62.0.3202.89 Safari/537.36', 1510218551, 'a:6:{s:9:\"user_data\";s:0:\"\";s:6:\"procid\";s:2:\"30\";s:4:\"proc\";s:8:\"Slotting\";s:3:\"nik\";s:3:\"300\";s:4:\"name\";s:11:\"AMIN DARMIN\";s:4:\"auth\";s:1:\"1\";}', '2017-11-09 09:09:48'),
('eedf8a78bcfb899e1166e4803f1ee930', '192.168.4.177', 'Mozilla/5.0 (X11; Ubuntu; Linux armv7l; rv:49.0) Gecko/20100101 Firefox/49.0', 1477644988, 'a:6:{s:9:\"user_data\";s:0:\"\";s:6:\"procid\";s:2:\"16\";s:4:\"proc\";s:7:\"Heading\";s:3:\"nik\";s:3:\"300\";s:4:\"name\";s:11:\"AMIN DARMIN\";s:4:\"auth\";s:1:\"1\";}', '2016-10-28 01:56:28'),
('efc87475beffa6850a330ae442b58e5f', '::1', 'Mozilla/5.0 (Windows NT 6.1; WOW64; rv:56.0) Gecko/20100101 Firefox/56.0', 1508149465, 'a:4:{s:9:\"user_data\";s:0:\"\";s:2:\"id\";s:1:\"1\";s:4:\"nama\";s:13:\"Agus Setiawan\";s:5:\"level\";s:1:\"1\";}', '2017-10-16 03:24:25'),
('f1cdbf495101f0de06bf7e4fa1c06d5e', '::1', 'Mozilla/5.0 (Windows NT 6.1; Win64; x64) AppleWebKit/537.36 (KHTML, like Gecko) Chrome/62.0.3202.89 Safari/537.36', 1510102641, 'a:4:{s:9:\"user_data\";s:0:\"\";s:2:\"id\";s:1:\"1\";s:4:\"nama\";s:13:\"Agus Setiawan\";s:5:\"level\";s:1:\"1\";}', '2017-11-08 00:57:21'),
('f55b2294edaeed2a4bab95a0b91b6699', '::1', 'Mozilla/5.0 (Windows NT 6.1; WOW64) AppleWebKit/537.36 (KHTML, like Gecko) Chrome/55.0.2883.75 Safari/537.36', 1481799825, 'a:4:{s:9:\"user_data\";s:0:\"\";s:2:\"id\";s:1:\"1\";s:4:\"nama\";s:13:\"Agus Setiawan\";s:5:\"level\";s:1:\"1\";}', '2016-12-15 04:03:45'),
('f594954ccdee31429fd790746abad1e1', '10.1.1.1', 'Mozilla/5.0 (Linux; Android 5.0.2; Redmi Note 2 Build/LRX22G) AppleWebKit/537.36 (KHTML, like Gecko) Chrome/46.0.2490.76', 1494315083, 'a:6:{s:9:\"user_data\";s:0:\"\";s:6:\"procid\";s:2:\"16\";s:4:\"proc\";s:7:\"Heading\";s:3:\"nik\";s:3:\"300\";s:4:\"name\";s:11:\"AMIN DARMIN\";s:4:\"auth\";s:1:\"1\";}', '2017-05-09 00:31:27'),
('f6829b59208a9fe0cbea3c5b5f5b5d45', '192.168.0.251', 'Mozilla/5.0 (Linux; Android 5.0; ASUS_Z008D Build/LRX21V) AppleWebKit/537.36 (KHTML, like Gecko) Chrome/61.0.3163.98 Mob', 1508211069, 'a:6:{s:9:\"user_data\";s:0:\"\";s:6:\"procid\";s:2:\"30\";s:4:\"proc\";s:8:\"Slotting\";s:3:\"nik\";s:3:\"300\";s:4:\"name\";s:11:\"AMIN DARMIN\";s:4:\"auth\";s:1:\"1\";}', '2017-10-16 20:31:18');
INSERT INTO `s_ci_sessions` (`session_id`, `ip_address`, `user_agent`, `last_activity`, `user_data`, `create_datetime`) VALUES
('f87b062b4bda90838987a3736cdb0343', '10.3.4.2', 'Mozilla/5.0 (Linux; Android 5.0.2; ASUS_Z00UD Build/LRX22G) AppleWebKit/537.36 (KHTML, like Gecko) Chrome/64.0.3282.137 ', 1524212962, 'a:7:{s:9:\"user_data\";s:0:\"\";s:6:\"procid\";s:2:\"19\";s:4:\"proc\";s:7:\"Plating\";s:8:\"proc_tbl\";s:14:\"t_proc_plating\";s:3:\"nik\";s:3:\"300\";s:4:\"name\";s:11:\"AMIN DARMIN\";s:4:\"auth\";s:1:\"1\";}', '2018-04-20 08:29:26'),
('f90a4c0c11f3eda2001683b239a6841a', '::1', 'Mozilla/5.0 (iPhone; CPU iPhone OS 9_1 like Mac OS X) AppleWebKit/601.1.46 (KHTML, like Gecko) Version/9.0 Mobile/13B143', 1493349099, 'a:6:{s:9:\"user_data\";s:0:\"\";s:6:\"procid\";s:2:\"30\";s:4:\"proc\";s:8:\"Slotting\";s:3:\"nik\";s:3:\"300\";s:4:\"name\";s:11:\"AMIN DARMIN\";s:4:\"auth\";s:1:\"1\";}', '2017-04-27 20:11:39'),
('fabb475bc97379b74cb8c4460f81c162', '::1', 'Mozilla/5.0 (iPhone; CPU iPhone OS 9_1 like Mac OS X) AppleWebKit/601.1.46 (KHTML, like Gecko) Version/9.0 Mobile/13B143', 1493352709, 'a:6:{s:9:\"user_data\";s:0:\"\";s:6:\"procid\";s:2:\"30\";s:4:\"proc\";s:8:\"Slotting\";s:3:\"nik\";s:3:\"300\";s:4:\"name\";s:11:\"AMIN DARMIN\";s:4:\"auth\";s:1:\"1\";}', '2017-04-27 21:11:49'),
('fb17989d3392effce6f6e642f4317536', '::1', 'Mozilla/5.0 (Windows NT 6.1; WOW64) AppleWebKit/537.36 (KHTML, like Gecko) Chrome/57.0.2987.133 Safari/537.36', 1493358500, '', '2017-04-27 22:48:20'),
('fbd92451f394044e8cf13d3ae44b7ab7', '10.3.4.6', 'Mozilla/5.0 (Linux; Android 5.0; ASUS_Z008D Build/LRX21V) AppleWebKit/537.36 (KHTML, like Gecko) Chrome/65.0.3325.109 Mo', 1523351362, 'a:7:{s:9:\"user_data\";s:0:\"\";s:6:\"procid\";s:2:\"16\";s:4:\"proc\";s:7:\"Heading\";s:8:\"proc_tbl\";s:14:\"t_proc_heading\";s:3:\"nik\";s:3:\"300\";s:4:\"name\";s:11:\"AMIN DARMIN\";s:4:\"auth\";s:1:\"1\";}', '2018-04-10 09:09:27'),
('fc15ef36953d92dd5ca193e0de9e4a8f', '::1', 'Mozilla/5.0 (Linux; Android 5.0; SM-G900P Build/LRX21T) AppleWebKit/537.36 (KHTML, like Gecko) Chrome/60.0.3112.78 Mobil', 1508206861, 'a:6:{s:9:\"user_data\";s:0:\"\";s:6:\"procid\";s:2:\"30\";s:4:\"proc\";s:8:\"Slotting\";s:3:\"nik\";s:3:\"300\";s:4:\"name\";s:11:\"AMIN DARMIN\";s:4:\"auth\";s:1:\"1\";}', '2017-10-16 19:21:01'),
('fec9ec849d1058b571cc8a4ad4b48c8c', '10.3.4.6', 'Mozilla/5.0 (Linux; Android 5.0; ASUS_Z008D Build/LRX21V) AppleWebKit/537.36 (KHTML, like Gecko) Chrome/65.0.3325.109 Mo', 1523330279, 'a:7:{s:9:\"user_data\";s:0:\"\";s:6:\"procid\";s:2:\"16\";s:4:\"proc\";s:7:\"Heading\";s:8:\"proc_tbl\";s:14:\"t_proc_heading\";s:3:\"nik\";s:3:\"300\";s:4:\"name\";s:11:\"AMIN DARMIN\";s:4:\"auth\";s:1:\"1\";}', '2018-04-10 03:17:59'),
('ffb54c0c09cc11749a96d1d0ba6b7c8b', '10.1.1.6', 'Mozilla/5.0 (Windows NT 6.1; Win64; x64) AppleWebKit/537.36 (KHTML, like Gecko) Chrome/66.0.3359.117 Safari/537.36', 1524212391, 'a:7:{s:9:\"user_data\";s:0:\"\";s:6:\"procid\";s:2:\"15\";s:4:\"proc\";s:7:\"Furnace\";s:8:\"proc_tbl\";s:14:\"t_proc_furnace\";s:3:\"nik\";s:3:\"300\";s:4:\"name\";s:11:\"AMIN DARMIN\";s:4:\"auth\";s:1:\"1\";}', '2018-04-20 08:19:55');

-- --------------------------------------------------------

--
-- Struktur dari tabel `s_ci_sessions_v3`
--

CREATE TABLE `s_ci_sessions_v3` (
  `id` varchar(40) NOT NULL,
  `ip_address` varchar(45) NOT NULL,
  `timestamp` int(10) UNSIGNED NOT NULL DEFAULT '0',
  `data` blob NOT NULL
) ENGINE=InnoDB DEFAULT CHARSET=latin1;

--
-- Dumping data untuk tabel `s_ci_sessions_v3`
--

INSERT INTO `s_ci_sessions_v3` (`id`, `ip_address`, `timestamp`, `data`) VALUES
('330237db92ce872153413fe8d55dc6bf38cb09d9', '::1', 1473392899, 0x5f5f63695f6c6173745f726567656e65726174657c693a313437333339323834343b69647c733a313a2231223b6e616d617c733a31333a224167757320536574696177616e223b6c6576656c7c733a333a222b312b223b),
('ff3fdc9b5d7246b1a19c010bf94421d3df0f603e', '::1', 1473393091, 0x5f5f63695f6c6173745f726567656e65726174657c693a313437333339333034353b69647c733a313a2231223b6e616d617c733a31333a224167757320536574696177616e223b6c6576656c7c733a333a222b312b223b),
('d06b589b6aadf57ac33da834c642aea1ce934a63', '::1', 1473393151, 0x5f5f63695f6c6173745f726567656e65726174657c693a313437333339333133353b69647c733a313a2231223b6e616d617c733a31333a224167757320536574696177616e223b6c6576656c7c733a333a222b312b223b),
('dd801545ba59a81ecdf106177c87e3d05357db53', '::1', 1473393198, 0x5f5f63695f6c6173745f726567656e65726174657c693a313437333339333138303b69647c733a313a2231223b6e616d617c733a31333a224167757320536574696177616e223b6c6576656c7c733a333a222b312b223b),
('da22f13101a46cdd71a4ed1822e545c1b44020bf', '::1', 1473393302, 0x5f5f63695f6c6173745f726567656e65726174657c693a313437333339333239343b69647c733a313a2231223b6e616d617c733a31333a224167757320536574696177616e223b6c6576656c7c733a333a222b312b223b),
('13d944c0731c09e52909a4050fcb2193bb70e1d7', '::1', 1473393381, 0x5f5f63695f6c6173745f726567656e65726174657c693a313437333339333333323b69647c733a313a2231223b6e616d617c733a31333a224167757320536574696177616e223b6c6576656c7c733a333a222b312b223b),
('98cac08c8ad4da8f02b42c504e38a23786fb1b4c', '::1', 1473393542, 0x5f5f63695f6c6173745f726567656e65726174657c693a313437333339333339363b69647c733a313a2231223b6e616d617c733a31333a224167757320536574696177616e223b6c6576656c7c733a333a222b312b223b),
('172ced202bcc28cbe595819a723d9e0329022a15', '::1', 1473393429, 0x5f5f63695f6c6173745f726567656e65726174657c693a313437333339333432393b),
('37853bf4fb7cdcb18fd36c7e510ab01614764e2b', '::1', 1473399521, 0x5f5f63695f6c6173745f726567656e65726174657c693a313437333339393336303b69647c733a313a2231223b6e616d617c733a31333a224167757320536574696177616e223b6c6576656c7c733a333a222b312b223b),
('0b07bb6d10b515287d5981052a7886bce357da84', '::1', 1473399640, 0x5f5f63695f6c6173745f726567656e65726174657c693a313437333339393535313b69647c733a313a2231223b6e616d617c733a31333a224167757320536574696177616e223b6c6576656c7c733a333a222b312b223b),
('2f283e33fbfbc720785ac7ec7527fdd32ae4e06a', '192.168.0.161', 1473399709, 0x5f5f63695f6c6173745f726567656e65726174657c693a313437333339393730393b),
('8a305990c5d04e26a1e9a0028007b2465118be82', '::1', 1473400016, 0x5f5f63695f6c6173745f726567656e65726174657c693a313437333430303031323b69647c733a313a2231223b6e616d617c733a31333a224167757320536574696177616e223b6c6576656c7c733a333a222b312b223b),
('02468cc4a3b106ae4f6bb3770a6d420974194968', '192.168.0.100', 1473400045, 0x5f5f63695f6c6173745f726567656e65726174657c693a313437333430303034353b),
('b1da56ba466363c39db5930a17a244d1e6df561a', '192.168.0.161', 1473400070, 0x5f5f63695f6c6173745f726567656e65726174657c693a313437333430303037303b),
('8b931466b7bb4f4dfce722ebff468e9e98f3f165', '192.168.0.161', 1473400175, 0x5f5f63695f6c6173745f726567656e65726174657c693a313437333430303137353b),
('363e9420aed75b4021a2c85c792b41b17442e0a9', '::1', 1473820248, 0x5f5f63695f6c6173745f726567656e65726174657c693a313437333832303231373b),
('dddb339b63cb620a0c77e1f64ab13bcf9558bc54', '::1', 1473820340, 0x5f5f63695f6c6173745f726567656e65726174657c693a313437333832303334303b),
('56c27b2963fb4ed7a187ccbc19f25b09a1993d24', '192.168.0.100', 1473820346, 0x5f5f63695f6c6173745f726567656e65726174657c693a313437333832303334363b69647c733a313a2231223b6e616d617c733a31333a224167757320536574696177616e223b6c6576656c7c733a333a222b312b223b),
('bafe08e2252843235e704a875f98663650b1130e', '192.168.0.100', 1473820347, 0x5f5f63695f6c6173745f726567656e65726174657c693a313437333832303334373b69647c733a313a2231223b6e616d617c733a31333a224167757320536574696177616e223b6c6576656c7c733a333a222b312b223b),
('b37ddf3522d114f414b9fcfaeff875cdde324f53', '192.168.0.100', 1473820387, 0x5f5f63695f6c6173745f726567656e65726174657c693a313437333832303338373b69647c733a313a2231223b6e616d617c733a31333a224167757320536574696177616e223b6c6576656c7c733a333a222b312b223b),
('894bdc017efcecd9bf7329d56435c37a310a4b90', '::1', 1473820411, 0x5f5f63695f6c6173745f726567656e65726174657c693a313437333832303431313b),
('c0c313e8eb88ff802264c74d38446226f5058c4f', '192.168.0.100', 1473820507, 0x5f5f63695f6c6173745f726567656e65726174657c693a313437333832303530373b),
('5c59eb602ae4f687f9cdff24dfdce7f576e7afa5', '::1', 1475548487, 0x5f5f63695f6c6173745f726567656e65726174657c693a313437353534383438373b),
('b2bbbe470deb5648d897557d4661818bf57c0b16', '192.168.0.100', 1475548491, 0x5f5f63695f6c6173745f726567656e65726174657c693a313437353534383439313b69647c733a313a2231223b6e616d617c733a31333a224167757320536574696177616e223b6c6576656c7c733a333a222b312b223b),
('680d14e25e8a5bcd3735560a0b8babd32b96c7b9', '192.168.0.100', 1475548496, 0x5f5f63695f6c6173745f726567656e65726174657c693a313437353534383439363b69647c733a313a2231223b6e616d617c733a31333a224167757320536574696177616e223b6c6576656c7c733a333a222b312b223b),
('a1b42562344bd09e03d4101d19d4e5cd625b55e5', '192.168.0.100', 1475548497, 0x5f5f63695f6c6173745f726567656e65726174657c693a313437353534383439373b69647c733a313a2231223b6e616d617c733a31333a224167757320536574696177616e223b6c6576656c7c733a333a222b312b223b),
('8727000ca35c2591ed15080528895eb016c07816', '192.168.0.100', 1475548497, 0x5f5f63695f6c6173745f726567656e65726174657c693a313437353534383439373b69647c733a313a2231223b6e616d617c733a31333a224167757320536574696177616e223b6c6576656c7c733a333a222b312b223b),
('af549ad9d8d8fe4af2bcd8a6f6035d3d285e82b4', '192.168.0.100', 1475548497, 0x5f5f63695f6c6173745f726567656e65726174657c693a313437353534383439373b69647c733a313a2231223b6e616d617c733a31333a224167757320536574696177616e223b6c6576656c7c733a333a222b312b223b),
('97a3aa6d1d34228b3ad06c051c3a8be6a1dba339', '192.168.0.100', 1475548497, 0x5f5f63695f6c6173745f726567656e65726174657c693a313437353534383439373b69647c733a313a2231223b6e616d617c733a31333a224167757320536574696177616e223b6c6576656c7c733a333a222b312b223b),
('56a4e23ae4514ea959c1b91ea3ac5f439e09c336', '::1', 1475548518, 0x5f5f63695f6c6173745f726567656e65726174657c693a313437353534383531383b),
('9a75384eb03d691183d37b775016e6f18f1c71d6', '192.168.0.100', 1475548523, 0x5f5f63695f6c6173745f726567656e65726174657c693a313437353534383532333b69647c733a313a2231223b6e616d617c733a31333a224167757320536574696177616e223b6c6576656c7c733a333a222b312b223b),
('5536c3ab415bd17b66f94e112609b6675429f697', '192.168.0.100', 1475548617, 0x5f5f63695f6c6173745f726567656e65726174657c693a313437353534383538393b69647c733a313a2231223b6e616d617c733a31333a224167757320536574696177616e223b6c6576656c7c733a333a222b312b223b),
('513bf23dffbf61e0374125d980e9a8e2f1de74b5', '::1', 1476871816, 0x5f5f63695f6c6173745f726567656e65726174657c693a313437363837313736353b),
('58778b1f6d8402c3b8ba6791afd452239dc0787b', '192.168.0.100', 1476871770, 0x5f5f63695f6c6173745f726567656e65726174657c693a313437363837313737303b),
('99e4cb2b97f6cc00e91f67104c8bbf8b2249901a', '192.168.0.100', 1476871776, 0x5f5f63695f6c6173745f726567656e65726174657c693a313437363837313737363b),
('d527859eceefda43d4807a24b4ec1fcefb43ee3b', '192.168.0.100', 1476871795, 0x5f5f63695f6c6173745f726567656e65726174657c693a313437363837313739313b),
('308517e35c73a8104e712835df4f7382d3ab0474', '192.168.0.100', 1476871820, 0x5f5f63695f6c6173745f726567656e65726174657c693a313437363837313832303b),
('ed1909b450dce2a930a120e0d9c309b97256b62f', '192.168.0.100', 1476871882, 0x5f5f63695f6c6173745f726567656e65726174657c693a313437363837313838323b),
('5b6b7fb2ba16115942ec04d8c411d8acea1b510e', '192.168.0.100', 1476872080, 0x5f5f63695f6c6173745f726567656e65726174657c693a313437363837313838323b69647c733a313a2231223b6e616d617c733a31333a224167757320536574696177616e223b6c6576656c7c733a333a222b312b223b),
('42b2c51cb74b2a5f1703a68de0501d517ec188fa', '192.168.0.100', 1476872168, 0x5f5f63695f6c6173745f726567656e65726174657c693a313437363837323135383b69647c733a313a2231223b6e616d617c733a31333a224167757320536574696177616e223b6c6576656c7c733a333a222b312b223b),
('a47878f48321538c2b332954527c6e008e6d1378', '192.168.0.100', 1476872328, 0x5f5f63695f6c6173745f726567656e65726174657c693a313437363837323332363b69647c733a313a2231223b6e616d617c733a31333a224167757320536574696177616e223b6c6576656c7c733a333a222b312b223b),
('lhm5leprfa2uk1c0c9tnoab18p4immgh', '::1', 1479099280, 0x5f5f63695f6c6173745f726567656e65726174657c693a313437393039393236313b),
('6hvevmliptrqs6tgmjre56b743jfn990', '192.168.0.100', 1479099265, 0x5f5f63695f6c6173745f726567656e65726174657c693a313437393039393236353b69647c733a313a2231223b6e616d617c733a31333a224167757320536574696177616e223b6c6576656c7c733a333a222b312b223b),
('pf83gkd3nkoabf9jfi5n67cs5lfe4fk0', '192.168.0.100', 1479099269, 0x5f5f63695f6c6173745f726567656e65726174657c693a313437393039393236393b69647c733a313a2231223b6e616d617c733a31333a224167757320536574696177616e223b6c6576656c7c733a333a222b312b223b),
('28sdgamaras0lcpol93jtvhoktt256jc', '192.168.0.100', 1479099270, 0x5f5f63695f6c6173745f726567656e65726174657c693a313437393039393237303b69647c733a313a2231223b6e616d617c733a31333a224167757320536574696177616e223b6c6576656c7c733a333a222b312b223b),
('sh8cfho88rjirh73uggtcoumppn5pdeh', '192.168.0.100', 1479099270, 0x5f5f63695f6c6173745f726567656e65726174657c693a313437393039393237303b69647c733a313a2231223b6e616d617c733a31333a224167757320536574696177616e223b6c6576656c7c733a333a222b312b223b),
('avq5v60oeg5u7gaik156v91ue803sd8h', '192.168.0.100', 1479099270, 0x5f5f63695f6c6173745f726567656e65726174657c693a313437393039393237303b69647c733a313a2231223b6e616d617c733a31333a224167757320536574696177616e223b6c6576656c7c733a333a222b312b223b),
('5seijkiq54v4vrv5bcercqj2lt9mniir', '192.168.0.100', 1479099271, 0x5f5f63695f6c6173745f726567656e65726174657c693a313437393039393237313b69647c733a313a2231223b6e616d617c733a31333a224167757320536574696177616e223b6c6576656c7c733a333a222b312b223b),
('rr739oqovro33967mbe7h39uhp321o8h', '192.168.0.100', 1479099271, 0x5f5f63695f6c6173745f726567656e65726174657c693a313437393039393237313b69647c733a313a2231223b6e616d617c733a31333a224167757320536574696177616e223b6c6576656c7c733a333a222b312b223b),
('9qv05bdetrkbot6mveai239rhuj7rnog', '192.168.0.100', 1479099354, 0x5f5f63695f6c6173745f726567656e65726174657c693a313437393039393238373b69647c733a313a2231223b6e616d617c733a31333a224167757320536574696177616e223b6c6576656c7c733a333a222b312b223b);

-- --------------------------------------------------------

--
-- Struktur dari tabel `t_po_detail`
--

CREATE TABLE `t_po_detail` (
  `t_po_detail_no` varchar(10) NOT NULL,
  `t_po_detail_item` int(1) UNSIGNED NOT NULL,
  `t_po_detail_date` date NOT NULL,
  `t_po_detail_cust` varchar(5) NOT NULL,
  `t_po_detail_qty` decimal(10,0) UNSIGNED NOT NULL,
  `t_po_detail_prod` decimal(10,0) UNSIGNED NOT NULL,
  `t_po_detail_lot_no` varchar(10) NOT NULL,
  `t_po_detail_prod_date` date NOT NULL,
  `t_po_detail_delv_date` date NOT NULL,
  `t_po_detail_prod_weight` decimal(8,1) UNSIGNED NOT NULL
) ENGINE=InnoDB DEFAULT CHARSET=latin1;

--
-- Dumping data untuk tabel `t_po_detail`
--

INSERT INTO `t_po_detail` (`t_po_detail_no`, `t_po_detail_item`, `t_po_detail_date`, `t_po_detail_cust`, `t_po_detail_qty`, `t_po_detail_prod`, `t_po_detail_lot_no`, `t_po_detail_prod_date`, `t_po_detail_delv_date`, `t_po_detail_prod_weight`) VALUES
('002/RTR/', 10000488, '2013-01-02', '00018', '6000', '6000', '0002', '0000-00-00', '0000-00-00', '0.0'),
('002/RTR/', 30000100, '2013-01-02', '00133', '2000', '2000', '0003', '0000-00-00', '0000-00-00', '0.0'),
('002/RTR/', 30000040, '2013-01-02', '00131', '8000', '8000', '0004', '0000-00-00', '0000-00-00', '0.0'),
('002/RTR/', 30000123, '2013-01-02', '00178', '6000', '6000', '0005', '1899-11-30', '1899-11-30', '0.0'),
('qq/289', 10000002, '2016-04-06', '00077', '57', '100', '11121', '2016-08-11', '2016-08-11', '12.0'),
('qq/289', 10000001, '2016-04-06', '00221', '213', '6000', '11212', '2016-08-10', '2016-08-10', '12.0'),
('qq/289', 10000001, '2016-04-06', '00221', '7000', '9000', '12', '2016-04-18', '2016-04-18', '12.0'),
('001/RTR/', 10000079, '2004-04-20', '00011', '0', '0', '1501', '0000-00-00', '2004-06-01', '0.0'),
('001/RTR/', 10000052, '2004-01-13', '00034', '14400', '18000', '1567', '0000-00-00', '2004-07-01', '87.1'),
('001/RTR/', 10000126, '2004-03-24', '00035', '0', '0', '1616', '0000-00-00', '2004-07-01', '0.0'),
('18030207', 20000476, '2018-02-28', '00077', '3000000', '3060000', '1802593', '2018-04-06', '2018-04-30', '9424.0'),
('18030207', 20000477, '2018-02-28', '00077', '3300000', '3420000', '1802616', '2018-03-28', '2018-04-30', '10533.0'),
('001/RTR/', 10000188, '2004-06-12', '00018', '14880', '15000', '3018', '0000-00-00', '2004-08-01', '69.0'),
('qq/289', 10000001, '2016-04-06', '00162', '500000', '500000', '6ii6', '2016-08-23', '2016-09-14', '700.0'),
('qq/289', 10000001, '2016-04-06', '00221', '9000', '12000', 'dfg', '2016-08-11', '2016-08-11', '12.0'),
('qq/289', 10000001, '2016-04-06', '00221', '1000000', '1000000', 'R001', '2016-08-11', '2016-08-11', '12.0'),
('qq/289', 10000001, '2016-04-06', '00221', '50000', '54000', 'S21', '2016-08-11', '2016-08-11', '23.0'),
('qq/289', 10000001, '2016-04-06', '00221', '1000000', '1000000', 't021', '2016-08-11', '2016-09-09', '100.0');

-- --------------------------------------------------------

--
-- Struktur dari tabel `t_po_header`
--

CREATE TABLE `t_po_header` (
  `t_po_header_no` varchar(10) NOT NULL,
  `t_po_header_cust` varchar(20) NOT NULL,
  `t_po_header_date` date NOT NULL
) ENGINE=InnoDB DEFAULT CHARSET=latin1;

--
-- Dumping data untuk tabel `t_po_header`
--

INSERT INTO `t_po_header` (`t_po_header_no`, `t_po_header_cust`, `t_po_header_date`) VALUES
('001/RTR/', 'SAGARTR001', '2013-01-02'),
('002/RTR/', 'SAGARTR002', '2013-01-02'),
('18030207', '18030207', '2018-02-28'),
('qq/289', 'qqd', '2016-04-06');

-- --------------------------------------------------------

--
-- Struktur dari tabel `t_process`
--

CREATE TABLE `t_process` (
  `t_process_id` bigint(1) UNSIGNED NOT NULL,
  `t_process_proc_seq` int(1) UNSIGNED NOT NULL,
  `t_process_cat` tinyint(1) UNSIGNED NOT NULL,
  `t_process_prod_id` bigint(1) UNSIGNED NOT NULL,
  `t_process_qty` decimal(10,0) UNSIGNED NOT NULL,
  `t_process_operator_nik` varchar(6) NOT NULL,
  `t_process_shif` enum('1','2','3') NOT NULL,
  `t_process_machine` int(1) UNSIGNED NOT NULL,
  `t_process_time` timestamp NOT NULL DEFAULT CURRENT_TIMESTAMP
) ENGINE=InnoDB DEFAULT CHARSET=latin1;

--
-- Dumping data untuk tabel `t_process`
--

INSERT INTO `t_process` (`t_process_id`, `t_process_proc_seq`, `t_process_cat`, `t_process_prod_id`, `t_process_qty`, `t_process_operator_nik`, `t_process_shif`, `t_process_machine`, `t_process_time`) VALUES
(1, 1, 16, 310, '35000', '300', '1', 1, '2016-10-16 19:09:22'),
(2, 2, 30, 310, '35000', '300', '1', 1, '2016-10-16 19:11:42'),
(3, 3, 5, 310, '35000', '300', '1', 1, '2016-10-16 19:11:42'),
(4, 4, 27, 310, '35000', '300', '1', 1, '2016-10-16 19:13:25'),
(5, 5, 44, 310, '35000', '300', '1', 1, '2016-10-16 19:13:25'),
(6, 6, 8, 310, '35000', '300', '1', 1, '2016-10-16 19:13:25'),
(7, 7, 19, 310, '35000', '300', '1', 1, '2016-10-16 19:13:25'),
(8, 8, 14, 310, '35000', '300', '1', 1, '2016-10-16 19:13:25'),
(9, 9, 17, 310, '35000', '300', '1', 1, '2016-10-16 19:16:06'),
(10, 1, 16, 309, '35000', '300', '1', 1, '2016-10-16 19:19:10'),
(11, 2, 30, 309, '35000', '300', '1', 1, '2016-10-16 19:19:10'),
(12, 3, 5, 309, '35000', '300', '1', 1, '2016-10-16 19:19:10'),
(13, 4, 27, 309, '35000', '300', '1', 1, '2016-10-16 19:19:10'),
(14, 5, 44, 309, '35000', '300', '1', 1, '2016-10-16 19:19:10'),
(15, 6, 8, 309, '35000', '300', '1', 1, '2016-10-16 19:19:10'),
(16, 7, 19, 309, '35000', '300', '1', 1, '2016-10-16 19:19:10'),
(17, 8, 14, 309, '35000', '300', '1', 1, '2016-10-16 19:19:10'),
(18, 1, 16, 308, '35000', '300', '1', 1, '2016-10-16 19:20:42'),
(19, 2, 30, 308, '35000', '300', '1', 1, '2016-10-16 19:20:42'),
(20, 3, 5, 308, '35000', '300', '1', 1, '2016-10-16 19:20:42'),
(21, 4, 27, 308, '35000', '300', '1', 1, '2016-10-16 19:20:42'),
(22, 5, 44, 308, '35000', '300', '1', 1, '2016-10-16 19:20:42'),
(23, 6, 8, 308, '35000', '300', '1', 1, '2016-10-16 19:20:42'),
(24, 7, 19, 308, '35000', '300', '1', 1, '2016-10-16 19:20:42'),
(25, 1, 16, 307, '35000', '300', '1', 1, '2016-10-16 19:21:05'),
(26, 2, 30, 307, '35000', '300', '1', 1, '2016-10-16 19:21:05'),
(27, 3, 5, 307, '35000', '300', '1', 1, '2016-10-16 19:21:05'),
(28, 4, 27, 307, '35000', '300', '1', 1, '2016-10-16 19:21:05'),
(29, 5, 44, 307, '35000', '300', '1', 1, '2016-10-16 19:21:05'),
(30, 6, 8, 307, '35000', '300', '1', 1, '2016-10-16 19:21:05'),
(31, 7, 19, 307, '35000', '300', '1', 1, '2016-10-16 19:21:05'),
(32, 1, 16, 306, '35000', '300', '1', 1, '2016-10-16 19:21:31'),
(33, 2, 30, 306, '35000', '300', '1', 1, '2016-10-16 19:21:31'),
(34, 3, 5, 306, '35000', '300', '1', 1, '2016-10-16 19:21:31'),
(35, 4, 27, 306, '35000', '300', '1', 1, '2016-10-16 19:21:31'),
(36, 5, 44, 306, '35000', '300', '1', 1, '2016-10-16 19:21:31'),
(37, 6, 8, 306, '35000', '300', '1', 1, '2016-10-16 19:21:31'),
(38, 1, 16, 305, '35000', '300', '1', 1, '2016-10-16 19:21:42'),
(39, 2, 30, 305, '35000', '300', '1', 1, '2016-10-16 19:21:42'),
(40, 3, 5, 305, '35000', '300', '1', 1, '2016-10-16 19:21:42'),
(41, 4, 27, 305, '35000', '300', '1', 1, '2016-10-16 19:21:42'),
(42, 5, 44, 305, '35000', '300', '1', 1, '2016-10-16 19:21:42'),
(43, 6, 8, 305, '35000', '300', '1', 1, '2016-10-16 19:21:42'),
(44, 1, 16, 304, '35000', '300', '1', 1, '2016-10-16 19:23:03'),
(45, 2, 30, 304, '35000', '300', '1', 1, '2016-10-16 19:23:03'),
(46, 3, 5, 304, '35000', '300', '1', 1, '2016-10-16 19:23:03'),
(47, 4, 27, 304, '35000', '300', '1', 1, '2016-10-16 19:23:03'),
(48, 5, 44, 304, '35000', '300', '1', 1, '2016-10-16 19:23:03'),
(49, 1, 16, 303, '35000', '300', '1', 1, '2016-10-16 19:23:03'),
(50, 2, 30, 303, '35000', '300', '1', 1, '2016-10-16 19:23:03'),
(51, 3, 5, 303, '35000', '300', '1', 1, '2016-10-16 19:23:03'),
(52, 4, 27, 303, '35000', '300', '1', 1, '2016-10-16 19:23:03'),
(53, 5, 44, 303, '35000', '300', '1', 1, '2016-10-16 19:23:03'),
(54, 1, 16, 302, '35000', '300', '1', 1, '2016-10-16 19:23:03'),
(55, 2, 30, 302, '35000', '300', '1', 1, '2016-10-16 19:23:03'),
(56, 3, 5, 302, '35000', '300', '1', 1, '2016-10-16 19:23:03'),
(57, 4, 27, 302, '35000', '300', '1', 1, '2016-10-16 19:23:03'),
(58, 5, 44, 302, '35000', '300', '1', 1, '2016-10-16 19:23:03'),
(59, 1, 16, 301, '35000', '300', '1', 1, '2016-10-16 19:25:00'),
(60, 2, 30, 301, '35000', '300', '1', 1, '2016-10-16 19:25:00'),
(61, 3, 5, 301, '35000', '300', '1', 1, '2016-10-16 19:25:00'),
(62, 4, 27, 301, '35000', '300', '1', 1, '2016-10-16 19:25:00'),
(63, 1, 16, 300, '476190', '300', '1', 1, '2016-10-16 19:25:00'),
(64, 2, 30, 300, '35000', '300', '1', 1, '2016-10-16 19:25:00'),
(65, 3, 5, 300, '35000', '300', '1', 1, '2016-10-16 19:25:00'),
(66, 4, 27, 300, '35000', '300', '1', 1, '2016-10-16 19:25:00'),
(67, 1, 16, 299, '35000', '300', '1', 1, '2016-10-16 19:25:00'),
(68, 2, 30, 299, '35000', '300', '1', 1, '2016-10-16 19:25:00'),
(69, 3, 5, 299, '35000', '300', '1', 1, '2016-10-16 19:25:00'),
(70, 4, 27, 299, '35000', '300', '1', 1, '2016-10-16 19:25:00'),
(71, 1, 16, 298, '35000', '300', '1', 1, '2016-10-16 19:25:00'),
(72, 2, 30, 298, '35000', '300', '1', 1, '2016-10-16 19:25:00'),
(73, 3, 5, 298, '35000', '300', '1', 1, '2016-10-16 19:25:00'),
(74, 4, 27, 298, '35000', '300', '1', 1, '2016-10-16 19:25:00'),
(75, 1, 16, 297, '35000', '300', '1', 1, '2016-10-16 19:26:55'),
(76, 2, 30, 297, '35000', '300', '1', 1, '2016-10-16 19:26:55'),
(77, 3, 5, 297, '35000', '300', '1', 1, '2016-10-16 19:26:55'),
(78, 1, 16, 296, '35000', '300', '1', 1, '2016-10-16 19:26:55'),
(79, 2, 30, 296, '35000', '300', '1', 1, '2016-10-16 19:26:55'),
(80, 3, 5, 296, '35000', '300', '1', 1, '2016-10-16 19:26:55'),
(81, 1, 16, 295, '35000', '300', '1', 1, '2016-10-16 19:26:55'),
(82, 2, 30, 295, '35000', '300', '1', 1, '2016-10-16 19:26:55'),
(83, 3, 5, 295, '35000', '300', '1', 1, '2016-10-16 19:26:55'),
(84, 1, 16, 294, '35000', '300', '1', 1, '2016-10-16 19:26:55'),
(85, 2, 30, 294, '35000', '300', '1', 1, '2016-10-16 19:26:55'),
(86, 3, 5, 294, '35000', '300', '1', 1, '2016-10-16 19:26:55'),
(87, 1, 16, 293, '35000', '300', '1', 1, '2016-10-16 19:26:55'),
(88, 2, 30, 293, '35000', '300', '1', 1, '2016-10-16 19:26:55'),
(89, 3, 5, 293, '35000', '300', '1', 1, '2016-10-16 19:26:55'),
(90, 1, 16, 292, '35000', '300', '1', 1, '2016-10-16 19:28:28'),
(91, 2, 30, 292, '35000', '300', '1', 1, '2016-10-16 19:28:28'),
(92, 1, 16, 291, '35000', '300', '1', 1, '2016-10-16 19:28:28'),
(93, 2, 30, 291, '35000', '300', '1', 1, '2016-10-16 19:28:28'),
(94, 1, 16, 290, '35000', '300', '1', 1, '2016-10-16 19:28:28'),
(95, 2, 30, 290, '35000', '300', '1', 1, '2016-10-16 19:28:28'),
(96, 1, 16, 289, '35000', '300', '1', 1, '2016-10-16 19:28:28'),
(97, 2, 30, 289, '35000', '300', '1', 1, '2016-10-16 19:28:28'),
(98, 1, 16, 288, '35000', '300', '1', 1, '2016-10-16 19:28:28'),
(99, 2, 30, 288, '35000', '300', '1', 1, '2016-10-16 19:28:28'),
(100, 1, 16, 287, '35000', '300', '1', 1, '2016-10-16 19:28:28'),
(101, 2, 30, 287, '35000', '300', '1', 1, '2016-10-16 19:28:28'),
(102, 1, 16, 286, '35000', '300', '1', 1, '2016-10-16 19:29:36'),
(103, 1, 16, 285, '35000', '300', '1', 4, '2016-10-16 19:29:36'),
(104, 1, 16, 284, '35000', '300', '1', 1, '2016-10-16 19:29:36'),
(105, 1, 16, 283, '35000', '300', '1', 1, '2016-10-16 19:29:36'),
(106, 1, 16, 282, '35000', '300', '1', 1, '2016-10-16 19:29:36'),
(107, 1, 16, 1, '79365', '300', '1', 4, '2016-10-17 01:51:01'),
(108, 1, 16, 3, '6000', '300', '1', 4, '2016-10-17 01:59:59'),
(109, 1, 16, 184, '35000', '300', '1', 1, '2016-12-08 20:29:09');

-- --------------------------------------------------------

--
-- Struktur dari tabel `t_proc_fq`
--

CREATE TABLE `t_proc_fq` (
  `t_proc_id` int(1) UNSIGNED NOT NULL,
  `t_proc_seq` int(1) UNSIGNED NOT NULL,
  `t_proc_cat` tinyint(1) UNSIGNED NOT NULL,
  `t_proc_prod_id` bigint(1) UNSIGNED NOT NULL,
  `t_proc_qty_in` decimal(10,0) UNSIGNED NOT NULL,
  `t_proc_qty_out` decimal(10,0) UNSIGNED NOT NULL,
  `t_proc_opr_nik` varchar(6) NOT NULL,
  `t_proc_machine` int(1) UNSIGNED NOT NULL,
  `t_proc_loc` smallint(1) UNSIGNED NOT NULL DEFAULT '1',
  `t_proc_time` timestamp NOT NULL DEFAULT CURRENT_TIMESTAMP,
  `t_proc_kbm` tinyint(1) UNSIGNED NOT NULL DEFAULT '0',
  `t_proc_done` tinyint(1) UNSIGNED NOT NULL DEFAULT '0'
) ENGINE=InnoDB DEFAULT CHARSET=latin1;

-- --------------------------------------------------------

--
-- Struktur dari tabel `t_proc_furnace`
--

CREATE TABLE `t_proc_furnace` (
  `t_proc_id` int(1) UNSIGNED NOT NULL,
  `t_proc_seq` int(1) UNSIGNED NOT NULL,
  `t_proc_cat` tinyint(1) UNSIGNED NOT NULL,
  `t_proc_prod_id` bigint(1) UNSIGNED NOT NULL,
  `t_proc_qty_in` decimal(10,0) UNSIGNED NOT NULL,
  `t_proc_qty_out` decimal(10,0) UNSIGNED NOT NULL,
  `t_proc_opr_nik` varchar(6) NOT NULL,
  `t_proc_machine` int(1) UNSIGNED NOT NULL,
  `t_proc_loc` smallint(1) UNSIGNED NOT NULL DEFAULT '1',
  `t_proc_time` timestamp NOT NULL DEFAULT CURRENT_TIMESTAMP,
  `t_proc_kbm` tinyint(1) UNSIGNED NOT NULL DEFAULT '0',
  `t_proc_done` tinyint(1) UNSIGNED NOT NULL DEFAULT '0'
) ENGINE=InnoDB DEFAULT CHARSET=latin1;

--
-- Dumping data untuk tabel `t_proc_furnace`
--

INSERT INTO `t_proc_furnace` (`t_proc_id`, `t_proc_seq`, `t_proc_cat`, `t_proc_prod_id`, `t_proc_qty_in`, `t_proc_qty_out`, `t_proc_opr_nik`, `t_proc_machine`, `t_proc_loc`, `t_proc_time`, `t_proc_kbm`, `t_proc_done`) VALUES
(1, 3, 15, 314, '6000', '6000', '300', 5, 1, '2018-04-20 08:20:02', 0, 1);

-- --------------------------------------------------------

--
-- Struktur dari tabel `t_proc_heading`
--

CREATE TABLE `t_proc_heading` (
  `t_proc_id` int(1) UNSIGNED NOT NULL,
  `t_proc_seq` int(1) UNSIGNED NOT NULL,
  `t_proc_cat` tinyint(1) UNSIGNED NOT NULL,
  `t_proc_prod_id` bigint(1) UNSIGNED NOT NULL,
  `t_proc_qty_in` decimal(10,0) UNSIGNED NOT NULL,
  `t_proc_qty_out` decimal(10,0) UNSIGNED NOT NULL,
  `t_proc_opr_nik` varchar(6) NOT NULL,
  `t_proc_machine` int(1) UNSIGNED NOT NULL,
  `t_proc_loc` smallint(1) UNSIGNED NOT NULL DEFAULT '1',
  `t_proc_time` timestamp NOT NULL DEFAULT CURRENT_TIMESTAMP,
  `t_proc_kbm` tinyint(1) UNSIGNED NOT NULL DEFAULT '0',
  `t_proc_done` tinyint(1) UNSIGNED NOT NULL DEFAULT '0'
) ENGINE=InnoDB DEFAULT CHARSET=latin1;

--
-- Dumping data untuk tabel `t_proc_heading`
--

INSERT INTO `t_proc_heading` (`t_proc_id`, `t_proc_seq`, `t_proc_cat`, `t_proc_prod_id`, `t_proc_qty_in`, `t_proc_qty_out`, `t_proc_opr_nik`, `t_proc_machine`, `t_proc_loc`, `t_proc_time`, `t_proc_kbm`, `t_proc_done`) VALUES
(1, 1, 16, 13, '6000', '6000', '300', 1, 1, '2018-04-11 01:29:16', 0, 1),
(2, 1, 16, 14, '6000', '6000', '300', 1, 1, '2018-04-11 03:59:00', 0, 1),
(3, 1, 16, 1, '100', '100', '300', 1, 1, '2018-04-11 03:59:03', 0, 0),
(4, 1, 16, 15, '6000', '6000', '300', 1, 1, '2018-04-11 03:59:37', 1, 0),
(5, 1, 16, 313, '6000', '6000', '300', 1, 1, '2018-04-20 07:11:24', 0, 1),
(6, 1, 16, 314, '6000', '6000', '300', 1, 1, '2018-04-20 07:41:14', 0, 1);

-- --------------------------------------------------------

--
-- Struktur dari tabel `t_proc_packing`
--

CREATE TABLE `t_proc_packing` (
  `t_proc_id` int(1) UNSIGNED NOT NULL,
  `t_proc_seq` int(1) UNSIGNED NOT NULL,
  `t_proc_cat` tinyint(1) UNSIGNED NOT NULL,
  `t_proc_prod_id` bigint(1) UNSIGNED NOT NULL,
  `t_proc_qty_in` decimal(10,0) UNSIGNED NOT NULL,
  `t_proc_qty_out` decimal(10,0) UNSIGNED NOT NULL,
  `t_proc_opr_nik` varchar(6) NOT NULL,
  `t_proc_machine` int(1) UNSIGNED NOT NULL,
  `t_proc_loc` smallint(1) UNSIGNED NOT NULL DEFAULT '1',
  `t_proc_time` timestamp NOT NULL DEFAULT CURRENT_TIMESTAMP,
  `t_proc_kbm` tinyint(1) UNSIGNED NOT NULL DEFAULT '0',
  `t_proc_done` tinyint(1) UNSIGNED NOT NULL DEFAULT '0'
) ENGINE=InnoDB DEFAULT CHARSET=latin1;

-- --------------------------------------------------------

--
-- Struktur dari tabel `t_proc_plating`
--

CREATE TABLE `t_proc_plating` (
  `t_proc_id` int(1) UNSIGNED NOT NULL,
  `t_proc_seq` int(1) UNSIGNED NOT NULL,
  `t_proc_cat` tinyint(1) UNSIGNED NOT NULL,
  `t_proc_prod_id` bigint(1) UNSIGNED NOT NULL,
  `t_proc_qty_in` decimal(10,0) UNSIGNED NOT NULL,
  `t_proc_qty_out` decimal(10,0) UNSIGNED NOT NULL,
  `t_proc_opr_nik` varchar(6) NOT NULL,
  `t_proc_machine` int(1) UNSIGNED NOT NULL,
  `t_proc_loc` smallint(1) UNSIGNED NOT NULL DEFAULT '1',
  `t_proc_time` timestamp NOT NULL DEFAULT CURRENT_TIMESTAMP,
  `t_proc_kbm` tinyint(1) UNSIGNED NOT NULL DEFAULT '0',
  `t_proc_done` tinyint(1) UNSIGNED NOT NULL DEFAULT '0'
) ENGINE=InnoDB DEFAULT CHARSET=latin1;

--
-- Dumping data untuk tabel `t_proc_plating`
--

INSERT INTO `t_proc_plating` (`t_proc_id`, `t_proc_seq`, `t_proc_cat`, `t_proc_prod_id`, `t_proc_qty_in`, `t_proc_qty_out`, `t_proc_opr_nik`, `t_proc_machine`, `t_proc_loc`, `t_proc_time`, `t_proc_kbm`, `t_proc_done`) VALUES
(1, 4, 19, 314, '6000', '6000', '300', 7, 1, '2018-04-20 08:29:38', 0, 0);

-- --------------------------------------------------------

--
-- Struktur dari tabel `t_proc_rolling`
--

CREATE TABLE `t_proc_rolling` (
  `t_proc_id` int(1) UNSIGNED NOT NULL,
  `t_proc_seq` int(1) UNSIGNED NOT NULL,
  `t_proc_cat` tinyint(1) UNSIGNED NOT NULL,
  `t_proc_prod_id` bigint(1) UNSIGNED NOT NULL,
  `t_proc_qty_in` decimal(10,0) UNSIGNED NOT NULL,
  `t_proc_qty_out` decimal(10,0) UNSIGNED NOT NULL,
  `t_proc_opr_nik` varchar(6) NOT NULL,
  `t_proc_machine` int(1) UNSIGNED NOT NULL,
  `t_proc_loc` smallint(1) UNSIGNED NOT NULL DEFAULT '1',
  `t_proc_time` timestamp NOT NULL DEFAULT CURRENT_TIMESTAMP,
  `t_proc_kbm` tinyint(1) UNSIGNED NOT NULL DEFAULT '0',
  `t_proc_done` tinyint(1) UNSIGNED NOT NULL DEFAULT '0'
) ENGINE=InnoDB DEFAULT CHARSET=latin1;

--
-- Dumping data untuk tabel `t_proc_rolling`
--

INSERT INTO `t_proc_rolling` (`t_proc_id`, `t_proc_seq`, `t_proc_cat`, `t_proc_prod_id`, `t_proc_qty_in`, `t_proc_qty_out`, `t_proc_opr_nik`, `t_proc_machine`, `t_proc_loc`, `t_proc_time`, `t_proc_kbm`, `t_proc_done`) VALUES
(1, 3, 15, 313, '6000', '6000', '300', 5, 1, '2018-04-20 07:12:44', 0, 1),
(2, 2, 27, 314, '6000', '6000', '300', 6, 1, '2018-04-20 07:41:22', 0, 1);

-- --------------------------------------------------------

--
-- Struktur dari tabel `t_proc_slotting`
--

CREATE TABLE `t_proc_slotting` (
  `t_proc_id` int(1) UNSIGNED NOT NULL,
  `t_proc_seq` int(1) UNSIGNED NOT NULL,
  `t_proc_cat` tinyint(1) UNSIGNED NOT NULL,
  `t_proc_prod_id` bigint(1) UNSIGNED NOT NULL,
  `t_proc_qty_in` decimal(10,0) UNSIGNED NOT NULL,
  `t_proc_qty_out` decimal(10,0) UNSIGNED NOT NULL,
  `t_proc_opr_nik` varchar(6) NOT NULL,
  `t_proc_machine` int(1) UNSIGNED NOT NULL,
  `t_proc_loc` smallint(1) UNSIGNED NOT NULL DEFAULT '1',
  `t_proc_time` timestamp NOT NULL DEFAULT CURRENT_TIMESTAMP,
  `t_proc_kbm` tinyint(1) UNSIGNED NOT NULL DEFAULT '0',
  `t_proc_done` tinyint(1) UNSIGNED NOT NULL DEFAULT '0'
) ENGINE=InnoDB DEFAULT CHARSET=latin1;

--
-- Dumping data untuk tabel `t_proc_slotting`
--

INSERT INTO `t_proc_slotting` (`t_proc_id`, `t_proc_seq`, `t_proc_cat`, `t_proc_prod_id`, `t_proc_qty_in`, `t_proc_qty_out`, `t_proc_opr_nik`, `t_proc_machine`, `t_proc_loc`, `t_proc_time`, `t_proc_kbm`, `t_proc_done`) VALUES
(2, 2, 30, 13, '39683', '39683', '300', 2, 1, '2018-04-11 01:30:50', 1, 0),
(3, 2, 30, 14, '3175', '3175', '300', 2, 1, '2018-04-13 10:39:02', 1, 0);

-- --------------------------------------------------------

--
-- Struktur dari tabel `t_prod`
--

CREATE TABLE `t_prod` (
  `t_prod_id` bigint(1) UNSIGNED NOT NULL,
  `t_prod_lot` varchar(10) NOT NULL,
  `t_prod_sublot` smallint(1) UNSIGNED NOT NULL,
  `t_prod_card` smallint(1) UNSIGNED NOT NULL,
  `t_prod_qty` decimal(10,0) UNSIGNED NOT NULL
) ENGINE=InnoDB DEFAULT CHARSET=latin1;

--
-- Dumping data untuk tabel `t_prod`
--

INSERT INTO `t_prod` (`t_prod_id`, `t_prod_lot`, `t_prod_sublot`, `t_prod_card`, `t_prod_qty`) VALUES
(1, '11121', 1, 1, '100'),
(3, '11212', 1, 1, '6000'),
(13, 't021', 1, 1, '6000'),
(14, 't021', 1, 2, '6000'),
(15, 't021', 1, 3, '6000'),
(16, 't021', 1, 4, '6000'),
(17, 't021', 1, 5, '6000'),
(18, 't021', 1, 6, '6000'),
(19, 't021', 2, 1, '6000'),
(20, 't021', 2, 2, '6000'),
(21, 't021', 2, 3, '6000'),
(22, 't021', 2, 4, '6000'),
(23, 't021', 2, 5, '6000'),
(24, 't021', 2, 6, '6000'),
(25, 't021', 3, 1, '6000'),
(26, 't021', 3, 2, '6000'),
(27, 't021', 3, 3, '6000'),
(28, 't021', 3, 4, '6000'),
(29, 't021', 3, 5, '6000'),
(30, 't021', 3, 6, '6000'),
(31, 't021', 4, 1, '6000'),
(32, 't021', 4, 2, '6000'),
(33, 't021', 4, 3, '6000'),
(34, 't021', 4, 4, '6000'),
(35, 't021', 4, 5, '6000'),
(36, 't021', 4, 6, '6000'),
(37, 't021', 5, 1, '6000'),
(38, 't021', 5, 2, '6000'),
(39, 't021', 5, 3, '6000'),
(40, 't021', 5, 4, '6000'),
(41, 't021', 5, 5, '6000'),
(42, 't021', 5, 6, '6000'),
(43, 't021', 6, 1, '6000'),
(44, 't021', 6, 2, '6000'),
(45, 't021', 6, 3, '6000'),
(46, 't021', 6, 4, '6000'),
(47, 't021', 6, 5, '6000'),
(48, 't021', 6, 6, '6000'),
(49, 't021', 7, 1, '6000'),
(50, 't021', 7, 2, '6000'),
(51, 't021', 7, 3, '6000'),
(52, 't021', 7, 4, '6000'),
(53, 't021', 7, 5, '6000'),
(54, 't021', 7, 6, '6000'),
(55, 't021', 8, 1, '6000'),
(56, 't021', 8, 2, '6000'),
(57, 't021', 8, 3, '6000'),
(58, 't021', 8, 4, '6000'),
(59, 't021', 8, 5, '6000'),
(60, 't021', 8, 6, '6000'),
(61, 't021', 9, 1, '6000'),
(62, 't021', 9, 2, '6000'),
(63, 't021', 9, 3, '6000'),
(64, 't021', 9, 4, '6000'),
(65, 't021', 9, 5, '6000'),
(66, 't021', 9, 6, '6000'),
(67, 't021', 10, 1, '6000'),
(68, 't021', 10, 2, '6000'),
(69, 't021', 10, 3, '6000'),
(70, 't021', 10, 4, '6000'),
(71, 't021', 10, 5, '6000'),
(72, 't021', 10, 6, '6000'),
(73, 't021', 11, 1, '6000'),
(74, 't021', 11, 2, '6000'),
(75, 't021', 11, 3, '6000'),
(76, 't021', 11, 4, '6000'),
(77, 't021', 11, 5, '6000'),
(78, 't021', 11, 6, '6000'),
(79, 't021', 12, 1, '6000'),
(80, 't021', 12, 2, '6000'),
(81, 't021', 12, 3, '6000'),
(82, 't021', 12, 4, '6000'),
(83, 't021', 12, 5, '6000'),
(84, 't021', 12, 6, '6000'),
(85, 't021', 13, 1, '6000'),
(86, 't021', 13, 2, '6000'),
(87, 't021', 13, 3, '6000'),
(88, 't021', 13, 4, '6000'),
(89, 't021', 13, 5, '6000'),
(90, 't021', 13, 6, '6000'),
(91, 't021', 14, 1, '6000'),
(92, 't021', 14, 2, '6000'),
(93, 't021', 14, 3, '6000'),
(94, 't021', 14, 4, '6000'),
(95, 't021', 14, 5, '6000'),
(96, 't021', 14, 6, '6000'),
(97, 't021', 15, 1, '6000'),
(98, 't021', 15, 2, '6000'),
(99, 't021', 15, 3, '6000'),
(100, 't021', 15, 4, '6000'),
(101, 't021', 15, 5, '6000'),
(102, 't021', 15, 6, '6000'),
(103, 't021', 16, 1, '6000'),
(104, 't021', 16, 2, '6000'),
(105, 't021', 16, 3, '6000'),
(106, 't021', 16, 4, '6000'),
(107, 't021', 16, 5, '6000'),
(108, 't021', 16, 6, '6000'),
(109, 't021', 17, 1, '6000'),
(110, 't021', 17, 2, '6000'),
(111, 't021', 17, 3, '6000'),
(112, 't021', 17, 4, '6000'),
(113, 't021', 17, 5, '6000'),
(114, 't021', 17, 6, '6000'),
(115, 't021', 18, 1, '6000'),
(116, 't021', 18, 2, '6000'),
(117, 't021', 18, 3, '6000'),
(118, 't021', 18, 4, '6000'),
(119, 't021', 18, 5, '6000'),
(120, 't021', 18, 6, '6000'),
(121, 't021', 19, 1, '6000'),
(122, 't021', 19, 2, '6000'),
(123, 't021', 19, 3, '6000'),
(124, 't021', 19, 4, '6000'),
(125, 't021', 19, 5, '6000'),
(126, 't021', 19, 6, '6000'),
(127, 't021', 20, 1, '6000'),
(128, 't021', 20, 2, '6000'),
(129, 't021', 20, 3, '6000'),
(130, 't021', 20, 4, '6000'),
(131, 't021', 20, 5, '6000'),
(132, 't021', 20, 6, '6000'),
(133, 't021', 21, 1, '6000'),
(134, 't021', 21, 2, '6000'),
(135, 't021', 21, 3, '6000'),
(136, 't021', 21, 4, '6000'),
(137, 't021', 21, 5, '6000'),
(138, 't021', 21, 6, '6000'),
(139, 't021', 22, 1, '6000'),
(140, 't021', 22, 2, '6000'),
(141, 't021', 22, 3, '6000'),
(142, 't021', 22, 4, '6000'),
(143, 't021', 22, 5, '6000'),
(144, 't021', 22, 6, '6000'),
(145, 't021', 23, 1, '6000'),
(146, 't021', 23, 2, '6000'),
(147, 't021', 23, 3, '6000'),
(148, 't021', 23, 4, '6000'),
(149, 't021', 23, 5, '6000'),
(150, 't021', 23, 6, '6000'),
(151, 't021', 24, 1, '6000'),
(152, 't021', 24, 2, '6000'),
(153, 't021', 24, 3, '6000'),
(154, 't021', 24, 4, '6000'),
(155, 't021', 24, 5, '6000'),
(156, 't021', 24, 6, '6000'),
(157, 't021', 25, 1, '6000'),
(158, 't021', 25, 2, '6000'),
(159, 't021', 25, 3, '6000'),
(160, 't021', 25, 4, '6000'),
(161, 't021', 25, 5, '6000'),
(162, 't021', 25, 6, '6000'),
(163, 't021', 26, 1, '6000'),
(164, 't021', 26, 2, '6000'),
(165, 't021', 26, 3, '6000'),
(166, 't021', 26, 4, '6000'),
(167, 't021', 26, 5, '6000'),
(168, 't021', 26, 6, '6000'),
(169, 't021', 27, 1, '6000'),
(170, 't021', 27, 2, '6000'),
(171, 't021', 27, 3, '6000'),
(172, 't021', 27, 4, '6000'),
(173, 't021', 27, 5, '6000'),
(174, 't021', 27, 6, '6000'),
(175, 't021', 28, 1, '6000'),
(176, 't021', 28, 2, '6000'),
(177, 't021', 28, 3, '6000'),
(178, 't021', 28, 4, '6000'),
(179, 't021', 28, 5, '4000'),
(180, '12', 1, 1, '6000'),
(181, '12', 1, 2, '3000'),
(182, 'dfg', 1, 1, '6000'),
(183, 'dfg', 1, 2, '6000'),
(184, 'S21', 1, 1, '6000'),
(185, 'S21', 1, 2, '6000'),
(186, 'S21', 1, 3, '6000'),
(187, 'S21', 1, 4, '6000'),
(188, 'S21', 1, 5, '6000'),
(189, 'S21', 1, 6, '6000'),
(190, 'S21', 2, 1, '6000'),
(191, 'S21', 2, 2, '6000'),
(192, 'S21', 2, 3, '6000'),
(193, '6ii6', 1, 1, '6000'),
(194, '6ii6', 1, 2, '6000'),
(195, '6ii6', 1, 3, '6000'),
(196, '6ii6', 1, 4, '6000'),
(197, '6ii6', 1, 5, '6000'),
(198, '6ii6', 1, 6, '6000'),
(199, '6ii6', 2, 1, '6000'),
(200, '6ii6', 2, 2, '6000'),
(201, '6ii6', 2, 3, '6000'),
(202, '6ii6', 2, 4, '6000'),
(203, '6ii6', 2, 5, '6000'),
(204, '6ii6', 2, 6, '6000'),
(205, '6ii6', 3, 1, '6000'),
(206, '6ii6', 3, 2, '6000'),
(207, '6ii6', 3, 3, '6000'),
(208, '6ii6', 3, 4, '6000'),
(209, '6ii6', 3, 5, '6000'),
(210, '6ii6', 3, 6, '6000'),
(211, '6ii6', 4, 1, '6000'),
(212, '6ii6', 4, 2, '6000'),
(213, '6ii6', 4, 3, '6000'),
(214, '6ii6', 4, 4, '6000'),
(215, '6ii6', 4, 5, '6000'),
(216, '6ii6', 4, 6, '6000'),
(217, '6ii6', 5, 1, '6000'),
(218, '6ii6', 5, 2, '6000'),
(219, '6ii6', 5, 3, '6000'),
(220, '6ii6', 5, 4, '6000'),
(221, '6ii6', 5, 5, '6000'),
(222, '6ii6', 5, 6, '6000'),
(223, '6ii6', 6, 1, '6000'),
(224, '6ii6', 6, 2, '6000'),
(225, '6ii6', 6, 3, '6000'),
(226, '6ii6', 6, 4, '6000'),
(227, '6ii6', 6, 5, '6000'),
(228, '6ii6', 6, 6, '6000'),
(229, '6ii6', 7, 1, '6000'),
(230, '6ii6', 7, 2, '6000'),
(231, '6ii6', 7, 3, '6000'),
(232, '6ii6', 7, 4, '6000'),
(233, '6ii6', 7, 5, '6000'),
(234, '6ii6', 7, 6, '6000'),
(235, '6ii6', 8, 1, '6000'),
(236, '6ii6', 8, 2, '6000'),
(237, '6ii6', 8, 3, '6000'),
(238, '6ii6', 8, 4, '6000'),
(239, '6ii6', 8, 5, '6000'),
(240, '6ii6', 8, 6, '6000'),
(241, '6ii6', 9, 1, '6000'),
(242, '6ii6', 9, 2, '6000'),
(243, '6ii6', 9, 3, '6000'),
(244, '6ii6', 9, 4, '6000'),
(245, '6ii6', 9, 5, '6000'),
(246, '6ii6', 9, 6, '6000'),
(247, '6ii6', 10, 1, '6000'),
(248, '6ii6', 10, 2, '6000'),
(249, '6ii6', 10, 3, '6000'),
(250, '6ii6', 10, 4, '6000'),
(251, '6ii6', 10, 5, '6000'),
(252, '6ii6', 10, 6, '6000'),
(253, '6ii6', 11, 1, '6000'),
(254, '6ii6', 11, 2, '6000'),
(255, '6ii6', 11, 3, '6000'),
(256, '6ii6', 11, 4, '6000'),
(257, '6ii6', 11, 5, '6000'),
(258, '6ii6', 11, 6, '6000'),
(259, '6ii6', 12, 1, '6000'),
(260, '6ii6', 12, 2, '6000'),
(261, '6ii6', 12, 3, '6000'),
(262, '6ii6', 12, 4, '6000'),
(263, '6ii6', 12, 5, '6000'),
(264, '6ii6', 12, 6, '6000'),
(265, '6ii6', 13, 1, '6000'),
(266, '6ii6', 13, 2, '6000'),
(267, '6ii6', 13, 3, '6000'),
(268, '6ii6', 13, 4, '6000'),
(269, '6ii6', 13, 5, '6000'),
(270, '6ii6', 13, 6, '6000'),
(271, '6ii6', 14, 1, '6000'),
(272, '6ii6', 14, 2, '6000'),
(273, '6ii6', 14, 3, '6000'),
(274, '6ii6', 14, 4, '6000'),
(275, '6ii6', 14, 5, '6000'),
(276, '6ii6', 14, 6, '2000'),
(282, 'R001', 1, 2, '35000'),
(283, 'R001', 1, 3, '35000'),
(284, 'R001', 1, 4, '35000'),
(285, 'R001', 1, 5, '35000'),
(286, 'R001', 1, 6, '35000'),
(287, 'R001', 2, 1, '35000'),
(288, 'R001', 2, 2, '35000'),
(289, 'R001', 2, 3, '35000'),
(290, 'R001', 2, 4, '35000'),
(291, 'R001', 2, 5, '35000'),
(292, 'R001', 2, 6, '35000'),
(293, 'R001', 3, 1, '35000'),
(294, 'R001', 3, 2, '35000'),
(295, 'R001', 3, 3, '35000'),
(296, 'R001', 3, 4, '35000'),
(297, 'R001', 3, 5, '35000'),
(298, 'R001', 3, 6, '35000'),
(299, 'R001', 4, 1, '35000'),
(300, 'R001', 4, 2, '35000'),
(301, 'R001', 4, 3, '35000'),
(302, 'R001', 4, 4, '35000'),
(303, 'R001', 4, 5, '35000'),
(304, 'R001', 4, 6, '35000'),
(305, 'R001', 5, 1, '35000'),
(306, 'R001', 5, 2, '35000'),
(307, 'R001', 5, 3, '35000'),
(308, 'R001', 5, 4, '35000'),
(309, 'R001', 5, 5, '11223'),
(310, 'R001', 1, 1, '35000'),
(311, '1501', 1, 1, '0'),
(312, '1567', 1, 1, '18000'),
(313, '1802593', 1, 1, '6000'),
(314, '1802593', 1, 2, '6000'),
(315, '1802593', 1, 3, '6000'),
(316, '1802593', 1, 4, '6000'),
(317, '1802593', 1, 5, '6000'),
(318, '1802593', 1, 6, '6000'),
(319, '1802593', 2, 1, '6000'),
(320, '1802593', 2, 2, '6000'),
(321, '1802593', 2, 3, '6000'),
(322, '1802593', 2, 4, '6000'),
(323, '1802593', 2, 5, '6000'),
(324, '1802593', 2, 6, '6000'),
(325, '1802593', 3, 1, '6000'),
(326, '1802593', 3, 2, '6000'),
(327, '1802593', 3, 3, '6000'),
(328, '1802593', 3, 4, '6000'),
(329, '1802593', 3, 5, '6000'),
(330, '1802593', 3, 6, '6000'),
(331, '1802593', 4, 1, '6000'),
(332, '1802593', 4, 2, '6000'),
(333, '1802593', 4, 3, '6000'),
(334, '1802593', 4, 4, '6000'),
(335, '1802593', 4, 5, '6000'),
(336, '1802593', 4, 6, '6000'),
(337, '1802593', 5, 1, '6000'),
(338, '1802593', 5, 2, '6000'),
(339, '1802593', 5, 3, '6000'),
(340, '1802593', 5, 4, '6000'),
(341, '1802593', 5, 5, '6000'),
(342, '1802593', 5, 6, '6000'),
(343, '1802593', 6, 1, '6000'),
(344, '1802593', 6, 2, '6000'),
(345, '1802593', 6, 3, '6000'),
(346, '1802593', 6, 4, '6000'),
(347, '1802593', 6, 5, '6000'),
(348, '1802593', 6, 6, '6000'),
(349, '1802593', 7, 1, '6000'),
(350, '1802593', 7, 2, '6000'),
(351, '1802593', 7, 3, '6000'),
(352, '1802593', 7, 4, '6000'),
(353, '1802593', 7, 5, '6000'),
(354, '1802593', 7, 6, '6000'),
(355, '1802593', 8, 1, '6000'),
(356, '1802593', 8, 2, '6000'),
(357, '1802593', 8, 3, '6000'),
(358, '1802593', 8, 4, '6000'),
(359, '1802593', 8, 5, '6000'),
(360, '1802593', 8, 6, '6000'),
(361, '1802593', 9, 1, '6000'),
(362, '1802593', 9, 2, '6000'),
(363, '1802593', 9, 3, '6000'),
(364, '1802593', 9, 4, '6000'),
(365, '1802593', 9, 5, '6000'),
(366, '1802593', 9, 6, '6000'),
(367, '1802593', 10, 1, '6000'),
(368, '1802593', 10, 2, '6000'),
(369, '1802593', 10, 3, '6000'),
(370, '1802593', 10, 4, '6000'),
(371, '1802593', 10, 5, '6000'),
(372, '1802593', 10, 6, '6000'),
(373, '1802593', 11, 1, '6000'),
(374, '1802593', 11, 2, '6000'),
(375, '1802593', 11, 3, '6000'),
(376, '1802593', 11, 4, '6000'),
(377, '1802593', 11, 5, '6000'),
(378, '1802593', 11, 6, '6000'),
(379, '1802593', 12, 1, '6000'),
(380, '1802593', 12, 2, '6000'),
(381, '1802593', 12, 3, '6000'),
(382, '1802593', 12, 4, '6000'),
(383, '1802593', 12, 5, '6000'),
(384, '1802593', 12, 6, '6000'),
(385, '1802593', 13, 1, '6000'),
(386, '1802593', 13, 2, '6000'),
(387, '1802593', 13, 3, '6000'),
(388, '1802593', 13, 4, '6000'),
(389, '1802593', 13, 5, '6000'),
(390, '1802593', 13, 6, '6000'),
(391, '1802593', 14, 1, '6000'),
(392, '1802593', 14, 2, '6000'),
(393, '1802593', 14, 3, '6000'),
(394, '1802593', 14, 4, '6000'),
(395, '1802593', 14, 5, '6000'),
(396, '1802593', 14, 6, '6000'),
(397, '1802593', 15, 1, '6000'),
(398, '1802593', 15, 2, '6000'),
(399, '1802593', 15, 3, '6000'),
(400, '1802593', 15, 4, '6000'),
(401, '1802593', 15, 5, '6000'),
(402, '1802593', 15, 6, '6000'),
(403, '1802593', 16, 1, '6000'),
(404, '1802593', 16, 2, '6000'),
(405, '1802593', 16, 3, '6000'),
(406, '1802593', 16, 4, '6000'),
(407, '1802593', 16, 5, '6000'),
(408, '1802593', 16, 6, '6000'),
(409, '1802593', 17, 1, '6000'),
(410, '1802593', 17, 2, '6000'),
(411, '1802593', 17, 3, '6000'),
(412, '1802593', 17, 4, '6000'),
(413, '1802593', 17, 5, '6000'),
(414, '1802593', 17, 6, '6000'),
(415, '1802593', 18, 1, '6000'),
(416, '1802593', 18, 2, '6000'),
(417, '1802593', 18, 3, '6000'),
(418, '1802593', 18, 4, '6000'),
(419, '1802593', 18, 5, '6000'),
(420, '1802593', 18, 6, '6000'),
(421, '1802593', 19, 1, '6000'),
(422, '1802593', 19, 2, '6000'),
(423, '1802593', 19, 3, '6000'),
(424, '1802593', 19, 4, '6000'),
(425, '1802593', 19, 5, '6000'),
(426, '1802593', 19, 6, '6000'),
(427, '1802593', 20, 1, '6000'),
(428, '1802593', 20, 2, '6000'),
(429, '1802593', 20, 3, '6000'),
(430, '1802593', 20, 4, '6000'),
(431, '1802593', 20, 5, '6000'),
(432, '1802593', 20, 6, '6000'),
(433, '1802593', 21, 1, '6000'),
(434, '1802593', 21, 2, '6000'),
(435, '1802593', 21, 3, '6000'),
(436, '1802593', 21, 4, '6000'),
(437, '1802593', 21, 5, '6000'),
(438, '1802593', 21, 6, '6000'),
(439, '1802593', 22, 1, '6000'),
(440, '1802593', 22, 2, '6000'),
(441, '1802593', 22, 3, '6000'),
(442, '1802593', 22, 4, '6000'),
(443, '1802593', 22, 5, '6000'),
(444, '1802593', 22, 6, '6000'),
(445, '1802593', 23, 1, '6000'),
(446, '1802593', 23, 2, '6000'),
(447, '1802593', 23, 3, '6000'),
(448, '1802593', 23, 4, '6000'),
(449, '1802593', 23, 5, '6000'),
(450, '1802593', 23, 6, '6000'),
(451, '1802593', 24, 1, '6000'),
(452, '1802593', 24, 2, '6000'),
(453, '1802593', 24, 3, '6000'),
(454, '1802593', 24, 4, '6000'),
(455, '1802593', 24, 5, '6000'),
(456, '1802593', 24, 6, '6000'),
(457, '1802593', 25, 1, '6000'),
(458, '1802593', 25, 2, '6000'),
(459, '1802593', 25, 3, '6000'),
(460, '1802593', 25, 4, '6000'),
(461, '1802593', 25, 5, '6000'),
(462, '1802593', 25, 6, '6000'),
(463, '1802593', 26, 1, '6000'),
(464, '1802593', 26, 2, '6000'),
(465, '1802593', 26, 3, '6000'),
(466, '1802593', 26, 4, '6000'),
(467, '1802593', 26, 5, '6000'),
(468, '1802593', 26, 6, '6000'),
(469, '1802593', 27, 1, '6000'),
(470, '1802593', 27, 2, '6000'),
(471, '1802593', 27, 3, '6000'),
(472, '1802593', 27, 4, '6000'),
(473, '1802593', 27, 5, '6000'),
(474, '1802593', 27, 6, '6000'),
(475, '1802593', 28, 1, '6000'),
(476, '1802593', 28, 2, '6000'),
(477, '1802593', 28, 3, '6000'),
(478, '1802593', 28, 4, '6000'),
(479, '1802593', 28, 5, '6000'),
(480, '1802593', 28, 6, '6000'),
(481, '1802593', 29, 1, '6000'),
(482, '1802593', 29, 2, '6000'),
(483, '1802593', 29, 3, '6000'),
(484, '1802593', 29, 4, '6000'),
(485, '1802593', 29, 5, '6000'),
(486, '1802593', 29, 6, '6000'),
(487, '1802593', 30, 1, '6000'),
(488, '1802593', 30, 2, '6000'),
(489, '1802593', 30, 3, '6000'),
(490, '1802593', 30, 4, '6000'),
(491, '1802593', 30, 5, '6000'),
(492, '1802593', 30, 6, '6000'),
(493, '1802593', 31, 1, '6000'),
(494, '1802593', 31, 2, '6000'),
(495, '1802593', 31, 3, '6000'),
(496, '1802593', 31, 4, '6000'),
(497, '1802593', 31, 5, '6000'),
(498, '1802593', 31, 6, '6000'),
(499, '1802593', 32, 1, '6000'),
(500, '1802593', 32, 2, '6000'),
(501, '1802593', 32, 3, '6000'),
(502, '1802593', 32, 4, '6000'),
(503, '1802593', 32, 5, '6000'),
(504, '1802593', 32, 6, '6000'),
(505, '1802593', 33, 1, '6000'),
(506, '1802593', 33, 2, '6000'),
(507, '1802593', 33, 3, '6000'),
(508, '1802593', 33, 4, '6000'),
(509, '1802593', 33, 5, '6000'),
(510, '1802593', 33, 6, '6000'),
(511, '1802593', 34, 1, '6000'),
(512, '1802593', 34, 2, '6000'),
(513, '1802593', 34, 3, '6000'),
(514, '1802593', 34, 4, '6000'),
(515, '1802593', 34, 5, '6000'),
(516, '1802593', 34, 6, '6000'),
(517, '1802593', 35, 1, '6000'),
(518, '1802593', 35, 2, '6000'),
(519, '1802593', 35, 3, '6000'),
(520, '1802593', 35, 4, '6000'),
(521, '1802593', 35, 5, '6000'),
(522, '1802593', 35, 6, '6000'),
(523, '1802593', 36, 1, '6000'),
(524, '1802593', 36, 2, '6000'),
(525, '1802593', 36, 3, '6000'),
(526, '1802593', 36, 4, '6000'),
(527, '1802593', 36, 5, '6000'),
(528, '1802593', 36, 6, '6000'),
(529, '1802593', 37, 1, '6000'),
(530, '1802593', 37, 2, '6000'),
(531, '1802593', 37, 3, '6000'),
(532, '1802593', 37, 4, '6000'),
(533, '1802593', 37, 5, '6000'),
(534, '1802593', 37, 6, '6000'),
(535, '1802593', 38, 1, '6000'),
(536, '1802593', 38, 2, '6000'),
(537, '1802593', 38, 3, '6000'),
(538, '1802593', 38, 4, '6000'),
(539, '1802593', 38, 5, '6000'),
(540, '1802593', 38, 6, '6000'),
(541, '1802593', 39, 1, '6000'),
(542, '1802593', 39, 2, '6000'),
(543, '1802593', 39, 3, '6000'),
(544, '1802593', 39, 4, '6000'),
(545, '1802593', 39, 5, '6000'),
(546, '1802593', 39, 6, '6000'),
(547, '1802593', 40, 1, '6000'),
(548, '1802593', 40, 2, '6000'),
(549, '1802593', 40, 3, '6000'),
(550, '1802593', 40, 4, '6000'),
(551, '1802593', 40, 5, '6000'),
(552, '1802593', 40, 6, '6000'),
(553, '1802593', 41, 1, '6000'),
(554, '1802593', 41, 2, '6000'),
(555, '1802593', 41, 3, '6000'),
(556, '1802593', 41, 4, '6000'),
(557, '1802593', 41, 5, '6000'),
(558, '1802593', 41, 6, '6000'),
(559, '1802593', 42, 1, '6000'),
(560, '1802593', 42, 2, '6000'),
(561, '1802593', 42, 3, '6000'),
(562, '1802593', 42, 4, '6000'),
(563, '1802593', 42, 5, '6000'),
(564, '1802593', 42, 6, '6000'),
(565, '1802593', 43, 1, '6000'),
(566, '1802593', 43, 2, '6000'),
(567, '1802593', 43, 3, '6000'),
(568, '1802593', 43, 4, '6000'),
(569, '1802593', 43, 5, '6000'),
(570, '1802593', 43, 6, '6000'),
(571, '1802593', 44, 1, '6000'),
(572, '1802593', 44, 2, '6000'),
(573, '1802593', 44, 3, '6000'),
(574, '1802593', 44, 4, '6000'),
(575, '1802593', 44, 5, '6000'),
(576, '1802593', 44, 6, '6000'),
(577, '1802593', 45, 1, '6000'),
(578, '1802593', 45, 2, '6000'),
(579, '1802593', 45, 3, '6000'),
(580, '1802593', 45, 4, '6000'),
(581, '1802593', 45, 5, '6000'),
(582, '1802593', 45, 6, '6000'),
(583, '1802593', 46, 1, '6000'),
(584, '1802593', 46, 2, '6000'),
(585, '1802593', 46, 3, '6000'),
(586, '1802593', 46, 4, '6000'),
(587, '1802593', 46, 5, '6000'),
(588, '1802593', 46, 6, '6000'),
(589, '1802593', 47, 1, '6000'),
(590, '1802593', 47, 2, '6000'),
(591, '1802593', 47, 3, '6000'),
(592, '1802593', 47, 4, '6000'),
(593, '1802593', 47, 5, '6000'),
(594, '1802593', 47, 6, '6000'),
(595, '1802593', 48, 1, '6000'),
(596, '1802593', 48, 2, '6000'),
(597, '1802593', 48, 3, '6000'),
(598, '1802593', 48, 4, '6000'),
(599, '1802593', 48, 5, '6000'),
(600, '1802593', 48, 6, '6000'),
(601, '1802593', 49, 1, '6000'),
(602, '1802593', 49, 2, '6000'),
(603, '1802593', 49, 3, '6000'),
(604, '1802593', 49, 4, '6000'),
(605, '1802593', 49, 5, '6000'),
(606, '1802593', 49, 6, '6000'),
(607, '1802593', 50, 1, '6000'),
(608, '1802593', 50, 2, '6000'),
(609, '1802593', 50, 3, '6000'),
(610, '1802593', 50, 4, '6000'),
(611, '1802593', 50, 5, '6000'),
(612, '1802593', 50, 6, '6000'),
(613, '1802593', 51, 1, '6000'),
(614, '1802593', 51, 2, '6000'),
(615, '1802593', 51, 3, '6000'),
(616, '1802593', 51, 4, '6000'),
(617, '1802593', 51, 5, '6000'),
(618, '1802593', 51, 6, '6000'),
(619, '1802593', 52, 1, '6000'),
(620, '1802593', 52, 2, '6000'),
(621, '1802593', 52, 3, '6000'),
(622, '1802593', 52, 4, '6000'),
(623, '1802593', 52, 5, '6000'),
(624, '1802593', 52, 6, '6000'),
(625, '1802593', 53, 1, '6000'),
(626, '1802593', 53, 2, '6000'),
(627, '1802593', 53, 3, '6000'),
(628, '1802593', 53, 4, '6000'),
(629, '1802593', 53, 5, '6000'),
(630, '1802593', 53, 6, '6000'),
(631, '1802593', 54, 1, '6000'),
(632, '1802593', 54, 2, '6000'),
(633, '1802593', 54, 3, '6000'),
(634, '1802593', 54, 4, '6000'),
(635, '1802593', 54, 5, '6000'),
(636, '1802593', 54, 6, '6000'),
(637, '1802593', 55, 1, '6000'),
(638, '1802593', 55, 2, '6000'),
(639, '1802593', 55, 3, '6000'),
(640, '1802593', 55, 4, '6000'),
(641, '1802593', 55, 5, '6000'),
(642, '1802593', 55, 6, '6000'),
(643, '1802593', 56, 1, '6000'),
(644, '1802593', 56, 2, '6000'),
(645, '1802593', 56, 3, '6000'),
(646, '1802593', 56, 4, '6000'),
(647, '1802593', 56, 5, '6000'),
(648, '1802593', 56, 6, '6000'),
(649, '1802593', 57, 1, '6000'),
(650, '1802593', 57, 2, '6000'),
(651, '1802593', 57, 3, '6000'),
(652, '1802593', 57, 4, '6000'),
(653, '1802593', 57, 5, '6000'),
(654, '1802593', 57, 6, '6000'),
(655, '1802593', 58, 1, '6000'),
(656, '1802593', 58, 2, '6000'),
(657, '1802593', 58, 3, '6000'),
(658, '1802593', 58, 4, '6000'),
(659, '1802593', 58, 5, '6000'),
(660, '1802593', 58, 6, '6000'),
(661, '1802593', 59, 1, '6000'),
(662, '1802593', 59, 2, '6000'),
(663, '1802593', 59, 3, '6000'),
(664, '1802593', 59, 4, '6000'),
(665, '1802593', 59, 5, '6000'),
(666, '1802593', 59, 6, '6000'),
(667, '1802593', 60, 1, '6000'),
(668, '1802593', 60, 2, '6000'),
(669, '1802593', 60, 3, '6000'),
(670, '1802593', 60, 4, '6000'),
(671, '1802593', 60, 5, '6000'),
(672, '1802593', 60, 6, '6000'),
(673, '1802593', 61, 1, '6000'),
(674, '1802593', 61, 2, '6000'),
(675, '1802593', 61, 3, '6000'),
(676, '1802593', 61, 4, '6000'),
(677, '1802593', 61, 5, '6000'),
(678, '1802593', 61, 6, '6000'),
(679, '1802593', 62, 1, '6000'),
(680, '1802593', 62, 2, '6000'),
(681, '1802593', 62, 3, '6000'),
(682, '1802593', 62, 4, '6000'),
(683, '1802593', 62, 5, '6000'),
(684, '1802593', 62, 6, '6000'),
(685, '1802593', 63, 1, '6000'),
(686, '1802593', 63, 2, '6000'),
(687, '1802593', 63, 3, '6000'),
(688, '1802593', 63, 4, '6000'),
(689, '1802593', 63, 5, '6000'),
(690, '1802593', 63, 6, '6000'),
(691, '1802593', 64, 1, '6000'),
(692, '1802593', 64, 2, '6000'),
(693, '1802593', 64, 3, '6000'),
(694, '1802593', 64, 4, '6000'),
(695, '1802593', 64, 5, '6000'),
(696, '1802593', 64, 6, '6000'),
(697, '1802593', 65, 1, '6000'),
(698, '1802593', 65, 2, '6000'),
(699, '1802593', 65, 3, '6000'),
(700, '1802593', 65, 4, '6000'),
(701, '1802593', 65, 5, '6000'),
(702, '1802593', 65, 6, '6000'),
(703, '1802593', 66, 1, '6000'),
(704, '1802593', 66, 2, '6000'),
(705, '1802593', 66, 3, '6000'),
(706, '1802593', 66, 4, '6000'),
(707, '1802593', 66, 5, '6000'),
(708, '1802593', 66, 6, '6000'),
(709, '1802593', 67, 1, '6000'),
(710, '1802593', 67, 2, '6000'),
(711, '1802593', 67, 3, '6000'),
(712, '1802593', 67, 4, '6000'),
(713, '1802593', 67, 5, '6000'),
(714, '1802593', 67, 6, '6000'),
(715, '1802593', 68, 1, '6000'),
(716, '1802593', 68, 2, '6000'),
(717, '1802593', 68, 3, '6000'),
(718, '1802593', 68, 4, '6000'),
(719, '1802593', 68, 5, '6000'),
(720, '1802593', 68, 6, '6000'),
(721, '1802593', 69, 1, '6000'),
(722, '1802593', 69, 2, '6000'),
(723, '1802593', 69, 3, '6000'),
(724, '1802593', 69, 4, '6000'),
(725, '1802593', 69, 5, '6000'),
(726, '1802593', 69, 6, '6000'),
(727, '1802593', 70, 1, '6000'),
(728, '1802593', 70, 2, '6000'),
(729, '1802593', 70, 3, '6000'),
(730, '1802593', 70, 4, '6000'),
(731, '1802593', 70, 5, '6000'),
(732, '1802593', 70, 6, '6000'),
(733, '1802593', 71, 1, '6000'),
(734, '1802593', 71, 2, '6000'),
(735, '1802593', 71, 3, '6000'),
(736, '1802593', 71, 4, '6000'),
(737, '1802593', 71, 5, '6000'),
(738, '1802593', 71, 6, '6000'),
(739, '1802593', 72, 1, '6000'),
(740, '1802593', 72, 2, '6000'),
(741, '1802593', 72, 3, '6000'),
(742, '1802593', 72, 4, '6000'),
(743, '1802593', 72, 5, '6000'),
(744, '1802593', 72, 6, '6000'),
(745, '1802593', 73, 1, '6000'),
(746, '1802593', 73, 2, '6000'),
(747, '1802593', 73, 3, '6000'),
(748, '1802593', 73, 4, '6000'),
(749, '1802593', 73, 5, '6000'),
(750, '1802593', 73, 6, '6000'),
(751, '1802593', 74, 1, '6000'),
(752, '1802593', 74, 2, '6000'),
(753, '1802593', 74, 3, '6000'),
(754, '1802593', 74, 4, '6000'),
(755, '1802593', 74, 5, '6000'),
(756, '1802593', 74, 6, '6000'),
(757, '1802593', 75, 1, '6000'),
(758, '1802593', 75, 2, '6000'),
(759, '1802593', 75, 3, '6000'),
(760, '1802593', 75, 4, '6000'),
(761, '1802593', 75, 5, '6000'),
(762, '1802593', 75, 6, '6000'),
(763, '1802593', 76, 1, '6000'),
(764, '1802593', 76, 2, '6000'),
(765, '1802593', 76, 3, '6000'),
(766, '1802593', 76, 4, '6000'),
(767, '1802593', 76, 5, '6000'),
(768, '1802593', 76, 6, '6000'),
(769, '1802593', 77, 1, '6000'),
(770, '1802593', 77, 2, '6000'),
(771, '1802593', 77, 3, '6000'),
(772, '1802593', 77, 4, '6000'),
(773, '1802593', 77, 5, '6000'),
(774, '1802593', 77, 6, '6000'),
(775, '1802593', 78, 1, '6000'),
(776, '1802593', 78, 2, '6000'),
(777, '1802593', 78, 3, '6000'),
(778, '1802593', 78, 4, '6000'),
(779, '1802593', 78, 5, '6000'),
(780, '1802593', 78, 6, '6000'),
(781, '1802593', 79, 1, '6000'),
(782, '1802593', 79, 2, '6000'),
(783, '1802593', 79, 3, '6000'),
(784, '1802593', 79, 4, '6000'),
(785, '1802593', 79, 5, '6000'),
(786, '1802593', 79, 6, '6000'),
(787, '1802593', 80, 1, '6000'),
(788, '1802593', 80, 2, '6000'),
(789, '1802593', 80, 3, '6000'),
(790, '1802593', 80, 4, '6000'),
(791, '1802593', 80, 5, '6000'),
(792, '1802593', 80, 6, '6000'),
(793, '1802593', 81, 1, '6000'),
(794, '1802593', 81, 2, '6000'),
(795, '1802593', 81, 3, '6000'),
(796, '1802593', 81, 4, '6000'),
(797, '1802593', 81, 5, '6000'),
(798, '1802593', 81, 6, '6000'),
(799, '1802593', 82, 1, '6000'),
(800, '1802593', 82, 2, '6000'),
(801, '1802593', 82, 3, '6000'),
(802, '1802593', 82, 4, '6000'),
(803, '1802593', 82, 5, '6000'),
(804, '1802593', 82, 6, '6000'),
(805, '1802593', 83, 1, '6000'),
(806, '1802593', 83, 2, '6000'),
(807, '1802593', 83, 3, '6000'),
(808, '1802593', 83, 4, '6000'),
(809, '1802593', 83, 5, '6000'),
(810, '1802593', 83, 6, '6000'),
(811, '1802593', 84, 1, '6000'),
(812, '1802593', 84, 2, '6000'),
(813, '1802593', 84, 3, '6000'),
(814, '1802593', 84, 4, '6000'),
(815, '1802593', 84, 5, '6000'),
(816, '1802593', 84, 6, '6000'),
(817, '1802593', 85, 1, '6000'),
(818, '1802593', 85, 2, '6000'),
(819, '1802593', 85, 3, '6000'),
(820, '1802593', 85, 4, '6000'),
(821, '1802593', 85, 5, '6000'),
(822, '1802593', 85, 6, '6000'),
(823, '1802616', 1, 1, '6000'),
(824, '1802616', 1, 2, '6000'),
(825, '1802616', 1, 3, '6000'),
(826, '1802616', 1, 4, '6000'),
(827, '1802616', 1, 5, '6000'),
(828, '1802616', 1, 6, '6000'),
(829, '1802616', 2, 1, '6000'),
(830, '1802616', 2, 2, '6000'),
(831, '1802616', 2, 3, '6000'),
(832, '1802616', 2, 4, '6000'),
(833, '1802616', 2, 5, '6000'),
(834, '1802616', 2, 6, '6000'),
(835, '1802616', 3, 1, '6000'),
(836, '1802616', 3, 2, '6000'),
(837, '1802616', 3, 3, '6000'),
(838, '1802616', 3, 4, '6000'),
(839, '1802616', 3, 5, '6000'),
(840, '1802616', 3, 6, '6000'),
(841, '1802616', 4, 1, '6000'),
(842, '1802616', 4, 2, '6000'),
(843, '1802616', 4, 3, '6000'),
(844, '1802616', 4, 4, '6000'),
(845, '1802616', 4, 5, '6000'),
(846, '1802616', 4, 6, '6000'),
(847, '1802616', 5, 1, '6000'),
(848, '1802616', 5, 2, '6000'),
(849, '1802616', 5, 3, '6000'),
(850, '1802616', 5, 4, '6000'),
(851, '1802616', 5, 5, '6000'),
(852, '1802616', 5, 6, '6000'),
(853, '1802616', 6, 1, '6000'),
(854, '1802616', 6, 2, '6000'),
(855, '1802616', 6, 3, '6000'),
(856, '1802616', 6, 4, '6000'),
(857, '1802616', 6, 5, '6000'),
(858, '1802616', 6, 6, '6000'),
(859, '1802616', 7, 1, '6000'),
(860, '1802616', 7, 2, '6000'),
(861, '1802616', 7, 3, '6000'),
(862, '1802616', 7, 4, '6000'),
(863, '1802616', 7, 5, '6000'),
(864, '1802616', 7, 6, '6000'),
(865, '1802616', 8, 1, '6000'),
(866, '1802616', 8, 2, '6000'),
(867, '1802616', 8, 3, '6000'),
(868, '1802616', 8, 4, '6000'),
(869, '1802616', 8, 5, '6000'),
(870, '1802616', 8, 6, '6000'),
(871, '1802616', 9, 1, '6000'),
(872, '1802616', 9, 2, '6000'),
(873, '1802616', 9, 3, '6000'),
(874, '1802616', 9, 4, '6000'),
(875, '1802616', 9, 5, '6000'),
(876, '1802616', 9, 6, '6000'),
(877, '1802616', 10, 1, '6000'),
(878, '1802616', 10, 2, '6000'),
(879, '1802616', 10, 3, '6000'),
(880, '1802616', 10, 4, '6000'),
(881, '1802616', 10, 5, '6000'),
(882, '1802616', 10, 6, '6000'),
(883, '1802616', 11, 1, '6000'),
(884, '1802616', 11, 2, '6000'),
(885, '1802616', 11, 3, '6000'),
(886, '1802616', 11, 4, '6000'),
(887, '1802616', 11, 5, '6000'),
(888, '1802616', 11, 6, '6000'),
(889, '1802616', 12, 1, '6000'),
(890, '1802616', 12, 2, '6000'),
(891, '1802616', 12, 3, '6000'),
(892, '1802616', 12, 4, '6000'),
(893, '1802616', 12, 5, '6000'),
(894, '1802616', 12, 6, '6000'),
(895, '1802616', 13, 1, '6000'),
(896, '1802616', 13, 2, '6000'),
(897, '1802616', 13, 3, '6000'),
(898, '1802616', 13, 4, '6000'),
(899, '1802616', 13, 5, '6000'),
(900, '1802616', 13, 6, '6000'),
(901, '1802616', 14, 1, '6000'),
(902, '1802616', 14, 2, '6000'),
(903, '1802616', 14, 3, '6000'),
(904, '1802616', 14, 4, '6000'),
(905, '1802616', 14, 5, '6000'),
(906, '1802616', 14, 6, '6000'),
(907, '1802616', 15, 1, '6000'),
(908, '1802616', 15, 2, '6000'),
(909, '1802616', 15, 3, '6000'),
(910, '1802616', 15, 4, '6000'),
(911, '1802616', 15, 5, '6000'),
(912, '1802616', 15, 6, '6000'),
(913, '1802616', 16, 1, '6000'),
(914, '1802616', 16, 2, '6000'),
(915, '1802616', 16, 3, '6000'),
(916, '1802616', 16, 4, '6000'),
(917, '1802616', 16, 5, '6000'),
(918, '1802616', 16, 6, '6000'),
(919, '1802616', 17, 1, '6000'),
(920, '1802616', 17, 2, '6000'),
(921, '1802616', 17, 3, '6000'),
(922, '1802616', 17, 4, '6000'),
(923, '1802616', 17, 5, '6000'),
(924, '1802616', 17, 6, '6000'),
(925, '1802616', 18, 1, '6000'),
(926, '1802616', 18, 2, '6000'),
(927, '1802616', 18, 3, '6000'),
(928, '1802616', 18, 4, '6000'),
(929, '1802616', 18, 5, '6000'),
(930, '1802616', 18, 6, '6000'),
(931, '1802616', 19, 1, '6000'),
(932, '1802616', 19, 2, '6000'),
(933, '1802616', 19, 3, '6000'),
(934, '1802616', 19, 4, '6000'),
(935, '1802616', 19, 5, '6000'),
(936, '1802616', 19, 6, '6000'),
(937, '1802616', 20, 1, '6000'),
(938, '1802616', 20, 2, '6000'),
(939, '1802616', 20, 3, '6000'),
(940, '1802616', 20, 4, '6000'),
(941, '1802616', 20, 5, '6000'),
(942, '1802616', 20, 6, '6000'),
(943, '1802616', 21, 1, '6000'),
(944, '1802616', 21, 2, '6000'),
(945, '1802616', 21, 3, '6000'),
(946, '1802616', 21, 4, '6000'),
(947, '1802616', 21, 5, '6000'),
(948, '1802616', 21, 6, '6000'),
(949, '1802616', 22, 1, '6000'),
(950, '1802616', 22, 2, '6000'),
(951, '1802616', 22, 3, '6000'),
(952, '1802616', 22, 4, '6000'),
(953, '1802616', 22, 5, '6000'),
(954, '1802616', 22, 6, '6000'),
(955, '1802616', 23, 1, '6000'),
(956, '1802616', 23, 2, '6000'),
(957, '1802616', 23, 3, '6000'),
(958, '1802616', 23, 4, '6000'),
(959, '1802616', 23, 5, '6000'),
(960, '1802616', 23, 6, '6000'),
(961, '1802616', 24, 1, '6000'),
(962, '1802616', 24, 2, '6000'),
(963, '1802616', 24, 3, '6000'),
(964, '1802616', 24, 4, '6000'),
(965, '1802616', 24, 5, '6000'),
(966, '1802616', 24, 6, '6000'),
(967, '1802616', 25, 1, '6000'),
(968, '1802616', 25, 2, '6000'),
(969, '1802616', 25, 3, '6000'),
(970, '1802616', 25, 4, '6000'),
(971, '1802616', 25, 5, '6000'),
(972, '1802616', 25, 6, '6000'),
(973, '1802616', 26, 1, '6000'),
(974, '1802616', 26, 2, '6000'),
(975, '1802616', 26, 3, '6000'),
(976, '1802616', 26, 4, '6000'),
(977, '1802616', 26, 5, '6000'),
(978, '1802616', 26, 6, '6000'),
(979, '1802616', 27, 1, '6000'),
(980, '1802616', 27, 2, '6000'),
(981, '1802616', 27, 3, '6000'),
(982, '1802616', 27, 4, '6000'),
(983, '1802616', 27, 5, '6000'),
(984, '1802616', 27, 6, '6000'),
(985, '1802616', 28, 1, '6000'),
(986, '1802616', 28, 2, '6000'),
(987, '1802616', 28, 3, '6000'),
(988, '1802616', 28, 4, '6000'),
(989, '1802616', 28, 5, '6000'),
(990, '1802616', 28, 6, '6000'),
(991, '1802616', 29, 1, '6000'),
(992, '1802616', 29, 2, '6000'),
(993, '1802616', 29, 3, '6000'),
(994, '1802616', 29, 4, '6000'),
(995, '1802616', 29, 5, '6000'),
(996, '1802616', 29, 6, '6000'),
(997, '1802616', 30, 1, '6000'),
(998, '1802616', 30, 2, '6000'),
(999, '1802616', 30, 3, '6000'),
(1000, '1802616', 30, 4, '6000'),
(1001, '1802616', 30, 5, '6000'),
(1002, '1802616', 30, 6, '6000'),
(1003, '1802616', 31, 1, '6000'),
(1004, '1802616', 31, 2, '6000'),
(1005, '1802616', 31, 3, '6000'),
(1006, '1802616', 31, 4, '6000'),
(1007, '1802616', 31, 5, '6000'),
(1008, '1802616', 31, 6, '6000'),
(1009, '1802616', 32, 1, '6000'),
(1010, '1802616', 32, 2, '6000'),
(1011, '1802616', 32, 3, '6000'),
(1012, '1802616', 32, 4, '6000'),
(1013, '1802616', 32, 5, '6000'),
(1014, '1802616', 32, 6, '6000'),
(1015, '1802616', 33, 1, '6000'),
(1016, '1802616', 33, 2, '6000'),
(1017, '1802616', 33, 3, '6000'),
(1018, '1802616', 33, 4, '6000'),
(1019, '1802616', 33, 5, '6000'),
(1020, '1802616', 33, 6, '6000'),
(1021, '1802616', 34, 1, '6000'),
(1022, '1802616', 34, 2, '6000'),
(1023, '1802616', 34, 3, '6000'),
(1024, '1802616', 34, 4, '6000'),
(1025, '1802616', 34, 5, '6000'),
(1026, '1802616', 34, 6, '6000'),
(1027, '1802616', 35, 1, '6000'),
(1028, '1802616', 35, 2, '6000'),
(1029, '1802616', 35, 3, '6000'),
(1030, '1802616', 35, 4, '6000'),
(1031, '1802616', 35, 5, '6000'),
(1032, '1802616', 35, 6, '6000'),
(1033, '1802616', 36, 1, '6000'),
(1034, '1802616', 36, 2, '6000'),
(1035, '1802616', 36, 3, '6000'),
(1036, '1802616', 36, 4, '6000'),
(1037, '1802616', 36, 5, '6000'),
(1038, '1802616', 36, 6, '6000'),
(1039, '1802616', 37, 1, '6000'),
(1040, '1802616', 37, 2, '6000'),
(1041, '1802616', 37, 3, '6000'),
(1042, '1802616', 37, 4, '6000'),
(1043, '1802616', 37, 5, '6000'),
(1044, '1802616', 37, 6, '6000'),
(1045, '1802616', 38, 1, '6000'),
(1046, '1802616', 38, 2, '6000'),
(1047, '1802616', 38, 3, '6000'),
(1048, '1802616', 38, 4, '6000'),
(1049, '1802616', 38, 5, '6000'),
(1050, '1802616', 38, 6, '6000'),
(1051, '1802616', 39, 1, '6000'),
(1052, '1802616', 39, 2, '6000'),
(1053, '1802616', 39, 3, '6000'),
(1054, '1802616', 39, 4, '6000'),
(1055, '1802616', 39, 5, '6000'),
(1056, '1802616', 39, 6, '6000'),
(1057, '1802616', 40, 1, '6000'),
(1058, '1802616', 40, 2, '6000'),
(1059, '1802616', 40, 3, '6000'),
(1060, '1802616', 40, 4, '6000'),
(1061, '1802616', 40, 5, '6000'),
(1062, '1802616', 40, 6, '6000'),
(1063, '1802616', 41, 1, '6000'),
(1064, '1802616', 41, 2, '6000'),
(1065, '1802616', 41, 3, '6000'),
(1066, '1802616', 41, 4, '6000'),
(1067, '1802616', 41, 5, '6000'),
(1068, '1802616', 41, 6, '6000'),
(1069, '1802616', 42, 1, '6000'),
(1070, '1802616', 42, 2, '6000'),
(1071, '1802616', 42, 3, '6000'),
(1072, '1802616', 42, 4, '6000'),
(1073, '1802616', 42, 5, '6000'),
(1074, '1802616', 42, 6, '6000'),
(1075, '1802616', 43, 1, '6000'),
(1076, '1802616', 43, 2, '6000'),
(1077, '1802616', 43, 3, '6000'),
(1078, '1802616', 43, 4, '6000'),
(1079, '1802616', 43, 5, '6000'),
(1080, '1802616', 43, 6, '6000'),
(1081, '1802616', 44, 1, '6000'),
(1082, '1802616', 44, 2, '6000'),
(1083, '1802616', 44, 3, '6000'),
(1084, '1802616', 44, 4, '6000'),
(1085, '1802616', 44, 5, '6000'),
(1086, '1802616', 44, 6, '6000'),
(1087, '1802616', 45, 1, '6000'),
(1088, '1802616', 45, 2, '6000'),
(1089, '1802616', 45, 3, '6000'),
(1090, '1802616', 45, 4, '6000'),
(1091, '1802616', 45, 5, '6000'),
(1092, '1802616', 45, 6, '6000'),
(1093, '1802616', 46, 1, '6000'),
(1094, '1802616', 46, 2, '6000'),
(1095, '1802616', 46, 3, '6000'),
(1096, '1802616', 46, 4, '6000'),
(1097, '1802616', 46, 5, '6000'),
(1098, '1802616', 46, 6, '6000'),
(1099, '1802616', 47, 1, '6000'),
(1100, '1802616', 47, 2, '6000'),
(1101, '1802616', 47, 3, '6000'),
(1102, '1802616', 47, 4, '6000'),
(1103, '1802616', 47, 5, '6000'),
(1104, '1802616', 47, 6, '6000'),
(1105, '1802616', 48, 1, '6000'),
(1106, '1802616', 48, 2, '6000'),
(1107, '1802616', 48, 3, '6000'),
(1108, '1802616', 48, 4, '6000'),
(1109, '1802616', 48, 5, '6000'),
(1110, '1802616', 48, 6, '6000'),
(1111, '1802616', 49, 1, '6000'),
(1112, '1802616', 49, 2, '6000'),
(1113, '1802616', 49, 3, '6000'),
(1114, '1802616', 49, 4, '6000'),
(1115, '1802616', 49, 5, '6000'),
(1116, '1802616', 49, 6, '6000'),
(1117, '1802616', 50, 1, '6000'),
(1118, '1802616', 50, 2, '6000'),
(1119, '1802616', 50, 3, '6000'),
(1120, '1802616', 50, 4, '6000'),
(1121, '1802616', 50, 5, '6000'),
(1122, '1802616', 50, 6, '6000'),
(1123, '1802616', 51, 1, '6000'),
(1124, '1802616', 51, 2, '6000'),
(1125, '1802616', 51, 3, '6000'),
(1126, '1802616', 51, 4, '6000'),
(1127, '1802616', 51, 5, '6000'),
(1128, '1802616', 51, 6, '6000'),
(1129, '1802616', 52, 1, '6000'),
(1130, '1802616', 52, 2, '6000'),
(1131, '1802616', 52, 3, '6000'),
(1132, '1802616', 52, 4, '6000'),
(1133, '1802616', 52, 5, '6000'),
(1134, '1802616', 52, 6, '6000'),
(1135, '1802616', 53, 1, '6000'),
(1136, '1802616', 53, 2, '6000'),
(1137, '1802616', 53, 3, '6000'),
(1138, '1802616', 53, 4, '6000'),
(1139, '1802616', 53, 5, '6000'),
(1140, '1802616', 53, 6, '6000'),
(1141, '1802616', 54, 1, '6000'),
(1142, '1802616', 54, 2, '6000'),
(1143, '1802616', 54, 3, '6000'),
(1144, '1802616', 54, 4, '6000'),
(1145, '1802616', 54, 5, '6000'),
(1146, '1802616', 54, 6, '6000'),
(1147, '1802616', 55, 1, '6000'),
(1148, '1802616', 55, 2, '6000'),
(1149, '1802616', 55, 3, '6000'),
(1150, '1802616', 55, 4, '6000'),
(1151, '1802616', 55, 5, '6000'),
(1152, '1802616', 55, 6, '6000'),
(1153, '1802616', 56, 1, '6000'),
(1154, '1802616', 56, 2, '6000'),
(1155, '1802616', 56, 3, '6000'),
(1156, '1802616', 56, 4, '6000'),
(1157, '1802616', 56, 5, '6000'),
(1158, '1802616', 56, 6, '6000'),
(1159, '1802616', 57, 1, '6000'),
(1160, '1802616', 57, 2, '6000'),
(1161, '1802616', 57, 3, '6000'),
(1162, '1802616', 57, 4, '6000'),
(1163, '1802616', 57, 5, '6000'),
(1164, '1802616', 57, 6, '6000'),
(1165, '1802616', 58, 1, '6000'),
(1166, '1802616', 58, 2, '6000'),
(1167, '1802616', 58, 3, '6000'),
(1168, '1802616', 58, 4, '6000'),
(1169, '1802616', 58, 5, '6000'),
(1170, '1802616', 58, 6, '6000'),
(1171, '1802616', 59, 1, '6000'),
(1172, '1802616', 59, 2, '6000'),
(1173, '1802616', 59, 3, '6000'),
(1174, '1802616', 59, 4, '6000'),
(1175, '1802616', 59, 5, '6000'),
(1176, '1802616', 59, 6, '6000'),
(1177, '1802616', 60, 1, '6000'),
(1178, '1802616', 60, 2, '6000'),
(1179, '1802616', 60, 3, '6000'),
(1180, '1802616', 60, 4, '6000'),
(1181, '1802616', 60, 5, '6000'),
(1182, '1802616', 60, 6, '6000'),
(1183, '1802616', 61, 1, '6000'),
(1184, '1802616', 61, 2, '6000'),
(1185, '1802616', 61, 3, '6000'),
(1186, '1802616', 61, 4, '6000'),
(1187, '1802616', 61, 5, '6000'),
(1188, '1802616', 61, 6, '6000'),
(1189, '1802616', 62, 1, '6000'),
(1190, '1802616', 62, 2, '6000'),
(1191, '1802616', 62, 3, '6000'),
(1192, '1802616', 62, 4, '6000'),
(1193, '1802616', 62, 5, '6000'),
(1194, '1802616', 62, 6, '6000'),
(1195, '1802616', 63, 1, '6000'),
(1196, '1802616', 63, 2, '6000'),
(1197, '1802616', 63, 3, '6000'),
(1198, '1802616', 63, 4, '6000'),
(1199, '1802616', 63, 5, '6000'),
(1200, '1802616', 63, 6, '6000'),
(1201, '1802616', 64, 1, '6000'),
(1202, '1802616', 64, 2, '6000'),
(1203, '1802616', 64, 3, '6000'),
(1204, '1802616', 64, 4, '6000'),
(1205, '1802616', 64, 5, '6000'),
(1206, '1802616', 64, 6, '6000'),
(1207, '1802616', 65, 1, '6000'),
(1208, '1802616', 65, 2, '6000'),
(1209, '1802616', 65, 3, '6000'),
(1210, '1802616', 65, 4, '6000'),
(1211, '1802616', 65, 5, '6000'),
(1212, '1802616', 65, 6, '6000'),
(1213, '1802616', 66, 1, '6000'),
(1214, '1802616', 66, 2, '6000'),
(1215, '1802616', 66, 3, '6000'),
(1216, '1802616', 66, 4, '6000'),
(1217, '1802616', 66, 5, '6000'),
(1218, '1802616', 66, 6, '6000'),
(1219, '1802616', 67, 1, '6000'),
(1220, '1802616', 67, 2, '6000'),
(1221, '1802616', 67, 3, '6000'),
(1222, '1802616', 67, 4, '6000'),
(1223, '1802616', 67, 5, '6000'),
(1224, '1802616', 67, 6, '6000'),
(1225, '1802616', 68, 1, '6000'),
(1226, '1802616', 68, 2, '6000'),
(1227, '1802616', 68, 3, '6000'),
(1228, '1802616', 68, 4, '6000'),
(1229, '1802616', 68, 5, '6000'),
(1230, '1802616', 68, 6, '6000'),
(1231, '1802616', 69, 1, '6000'),
(1232, '1802616', 69, 2, '6000'),
(1233, '1802616', 69, 3, '6000'),
(1234, '1802616', 69, 4, '6000'),
(1235, '1802616', 69, 5, '6000'),
(1236, '1802616', 69, 6, '6000'),
(1237, '1802616', 70, 1, '6000'),
(1238, '1802616', 70, 2, '6000'),
(1239, '1802616', 70, 3, '6000'),
(1240, '1802616', 70, 4, '6000'),
(1241, '1802616', 70, 5, '6000'),
(1242, '1802616', 70, 6, '6000'),
(1243, '1802616', 71, 1, '6000'),
(1244, '1802616', 71, 2, '6000'),
(1245, '1802616', 71, 3, '6000'),
(1246, '1802616', 71, 4, '6000'),
(1247, '1802616', 71, 5, '6000'),
(1248, '1802616', 71, 6, '6000'),
(1249, '1802616', 72, 1, '6000'),
(1250, '1802616', 72, 2, '6000'),
(1251, '1802616', 72, 3, '6000'),
(1252, '1802616', 72, 4, '6000'),
(1253, '1802616', 72, 5, '6000'),
(1254, '1802616', 72, 6, '6000'),
(1255, '1802616', 73, 1, '6000'),
(1256, '1802616', 73, 2, '6000'),
(1257, '1802616', 73, 3, '6000'),
(1258, '1802616', 73, 4, '6000'),
(1259, '1802616', 73, 5, '6000'),
(1260, '1802616', 73, 6, '6000'),
(1261, '1802616', 74, 1, '6000'),
(1262, '1802616', 74, 2, '6000'),
(1263, '1802616', 74, 3, '6000'),
(1264, '1802616', 74, 4, '6000'),
(1265, '1802616', 74, 5, '6000'),
(1266, '1802616', 74, 6, '6000'),
(1267, '1802616', 75, 1, '6000'),
(1268, '1802616', 75, 2, '6000'),
(1269, '1802616', 75, 3, '6000'),
(1270, '1802616', 75, 4, '6000'),
(1271, '1802616', 75, 5, '6000'),
(1272, '1802616', 75, 6, '6000'),
(1273, '1802616', 76, 1, '6000'),
(1274, '1802616', 76, 2, '6000'),
(1275, '1802616', 76, 3, '6000'),
(1276, '1802616', 76, 4, '6000'),
(1277, '1802616', 76, 5, '6000'),
(1278, '1802616', 76, 6, '6000'),
(1279, '1802616', 77, 1, '6000'),
(1280, '1802616', 77, 2, '6000'),
(1281, '1802616', 77, 3, '6000'),
(1282, '1802616', 77, 4, '6000'),
(1283, '1802616', 77, 5, '6000'),
(1284, '1802616', 77, 6, '6000'),
(1285, '1802616', 78, 1, '6000'),
(1286, '1802616', 78, 2, '6000'),
(1287, '1802616', 78, 3, '6000'),
(1288, '1802616', 78, 4, '6000'),
(1289, '1802616', 78, 5, '6000'),
(1290, '1802616', 78, 6, '6000'),
(1291, '1802616', 79, 1, '6000'),
(1292, '1802616', 79, 2, '6000'),
(1293, '1802616', 79, 3, '6000'),
(1294, '1802616', 79, 4, '6000'),
(1295, '1802616', 79, 5, '6000'),
(1296, '1802616', 79, 6, '6000'),
(1297, '1802616', 80, 1, '6000'),
(1298, '1802616', 80, 2, '6000'),
(1299, '1802616', 80, 3, '6000'),
(1300, '1802616', 80, 4, '6000'),
(1301, '1802616', 80, 5, '6000'),
(1302, '1802616', 80, 6, '6000'),
(1303, '1802616', 81, 1, '6000'),
(1304, '1802616', 81, 2, '6000'),
(1305, '1802616', 81, 3, '6000'),
(1306, '1802616', 81, 4, '6000'),
(1307, '1802616', 81, 5, '6000'),
(1308, '1802616', 81, 6, '6000'),
(1309, '1802616', 82, 1, '6000'),
(1310, '1802616', 82, 2, '6000'),
(1311, '1802616', 82, 3, '6000'),
(1312, '1802616', 82, 4, '6000'),
(1313, '1802616', 82, 5, '6000'),
(1314, '1802616', 82, 6, '6000'),
(1315, '1802616', 83, 1, '6000'),
(1316, '1802616', 83, 2, '6000'),
(1317, '1802616', 83, 3, '6000'),
(1318, '1802616', 83, 4, '6000'),
(1319, '1802616', 83, 5, '6000'),
(1320, '1802616', 83, 6, '6000'),
(1321, '1802616', 84, 1, '6000'),
(1322, '1802616', 84, 2, '6000'),
(1323, '1802616', 84, 3, '6000'),
(1324, '1802616', 84, 4, '6000'),
(1325, '1802616', 84, 5, '6000'),
(1326, '1802616', 84, 6, '6000'),
(1327, '1802616', 85, 1, '6000'),
(1328, '1802616', 85, 2, '6000'),
(1329, '1802616', 85, 3, '6000'),
(1330, '1802616', 85, 4, '6000'),
(1331, '1802616', 85, 5, '6000'),
(1332, '1802616', 85, 6, '6000'),
(1333, '1802616', 86, 1, '6000'),
(1334, '1802616', 86, 2, '6000'),
(1335, '1802616', 86, 3, '6000'),
(1336, '1802616', 86, 4, '6000'),
(1337, '1802616', 86, 5, '6000'),
(1338, '1802616', 86, 6, '6000'),
(1339, '1802616', 87, 1, '6000'),
(1340, '1802616', 87, 2, '6000'),
(1341, '1802616', 87, 3, '6000'),
(1342, '1802616', 87, 4, '6000'),
(1343, '1802616', 87, 5, '6000'),
(1344, '1802616', 87, 6, '6000'),
(1345, '1802616', 88, 1, '6000'),
(1346, '1802616', 88, 2, '6000'),
(1347, '1802616', 88, 3, '6000'),
(1348, '1802616', 88, 4, '6000'),
(1349, '1802616', 88, 5, '6000'),
(1350, '1802616', 88, 6, '6000'),
(1351, '1802616', 89, 1, '6000'),
(1352, '1802616', 89, 2, '6000'),
(1353, '1802616', 89, 3, '6000'),
(1354, '1802616', 89, 4, '6000'),
(1355, '1802616', 89, 5, '6000'),
(1356, '1802616', 89, 6, '6000'),
(1357, '1802616', 90, 1, '6000'),
(1358, '1802616', 90, 2, '6000'),
(1359, '1802616', 90, 3, '6000'),
(1360, '1802616', 90, 4, '6000'),
(1361, '1802616', 90, 5, '6000'),
(1362, '1802616', 90, 6, '6000'),
(1363, '1802616', 91, 1, '6000'),
(1364, '1802616', 91, 2, '6000'),
(1365, '1802616', 91, 3, '6000'),
(1366, '1802616', 91, 4, '6000'),
(1367, '1802616', 91, 5, '6000'),
(1368, '1802616', 91, 6, '6000'),
(1369, '1802616', 92, 1, '6000'),
(1370, '1802616', 92, 2, '6000'),
(1371, '1802616', 92, 3, '6000'),
(1372, '1802616', 92, 4, '6000'),
(1373, '1802616', 92, 5, '6000'),
(1374, '1802616', 92, 6, '6000'),
(1375, '1802616', 93, 1, '6000'),
(1376, '1802616', 93, 2, '6000'),
(1377, '1802616', 93, 3, '6000'),
(1378, '1802616', 93, 4, '6000'),
(1379, '1802616', 93, 5, '6000'),
(1380, '1802616', 93, 6, '6000'),
(1381, '1802616', 94, 1, '6000'),
(1382, '1802616', 94, 2, '6000'),
(1383, '1802616', 94, 3, '6000'),
(1384, '1802616', 94, 4, '6000'),
(1385, '1802616', 94, 5, '6000'),
(1386, '1802616', 94, 6, '6000'),
(1387, '1802616', 95, 1, '6000'),
(1388, '1802616', 95, 2, '6000'),
(1389, '1802616', 95, 3, '6000'),
(1390, '1802616', 95, 4, '6000'),
(1391, '1802616', 95, 5, '6000'),
(1392, '1802616', 95, 6, '6000');

-- --------------------------------------------------------

--
-- Struktur dari tabel `t_sub_in_head`
--

CREATE TABLE `t_sub_in_head` (
  `t_sub_in_head_id` int(1) UNSIGNED NOT NULL,
  `t_sub_in_head_no` varchar(17) NOT NULL,
  `t_sub_in_head_vendor` int(5) UNSIGNED ZEROFILL NOT NULL,
  `t_sub_in_head_date` date NOT NULL,
  `t_sub_in_head_opr` varchar(6) NOT NULL,
  `t_sub_in_head_retur` tinyint(1) UNSIGNED NOT NULL DEFAULT '0'
) ENGINE=InnoDB DEFAULT CHARSET=latin1;

--
-- Dumping data untuk tabel `t_sub_in_head`
--

INSERT INTO `t_sub_in_head` (`t_sub_in_head_id`, `t_sub_in_head_no`, `t_sub_in_head_vendor`, `t_sub_in_head_date`, `t_sub_in_head_opr`, `t_sub_in_head_retur`) VALUES
(1, '0141/PL/X/2016', 00031, '2016-10-25', '300', 0);

-- --------------------------------------------------------

--
-- Struktur dari tabel `t_sub_in_line`
--

CREATE TABLE `t_sub_in_line` (
  `t_sub_in_line_id` mediumint(1) UNSIGNED NOT NULL,
  `t_sub_in_line_header` int(1) UNSIGNED NOT NULL,
  `t_sub_in_line_prod_id` bigint(1) UNSIGNED NOT NULL,
  `t_sub_in_line_qty` decimal(10,0) NOT NULL,
  `t_sub_in_line_timestamp` timestamp NOT NULL DEFAULT CURRENT_TIMESTAMP
) ENGINE=InnoDB DEFAULT CHARSET=latin1;

--
-- Dumping data untuk tabel `t_sub_in_line`
--

INSERT INTO `t_sub_in_line` (`t_sub_in_line_id`, `t_sub_in_line_header`, `t_sub_in_line_prod_id`, `t_sub_in_line_qty`, `t_sub_in_line_timestamp`) VALUES
(1, 1, 300, '35000', '2016-10-21 03:12:37'),
(2, 1, 301, '35000', '2016-10-21 03:12:57');

-- --------------------------------------------------------

--
-- Struktur dari tabel `t_sub_out_head`
--

CREATE TABLE `t_sub_out_head` (
  `t_sub_out_head_id` int(1) UNSIGNED NOT NULL,
  `t_sub_out_head_no` varchar(17) NOT NULL,
  `t_sub_out_head_vendor` int(5) UNSIGNED ZEROFILL NOT NULL,
  `t_sub_out_head_date` date NOT NULL,
  `t_sub_out_head_opr` varchar(6) NOT NULL,
  `t_sub_out_head_retur` tinyint(1) UNSIGNED NOT NULL DEFAULT '0'
) ENGINE=InnoDB DEFAULT CHARSET=latin1;

--
-- Dumping data untuk tabel `t_sub_out_head`
--

INSERT INTO `t_sub_out_head` (`t_sub_out_head_id`, `t_sub_out_head_no`, `t_sub_out_head_vendor`, `t_sub_out_head_date`, `t_sub_out_head_opr`, `t_sub_out_head_retur`) VALUES
(1, '0141/PL/X/2016', 00031, '2016-10-25', '300', 0);

-- --------------------------------------------------------

--
-- Struktur dari tabel `t_sub_out_line`
--

CREATE TABLE `t_sub_out_line` (
  `t_sub_out_line_id` mediumint(1) UNSIGNED NOT NULL,
  `t_sub_out_line_header` int(1) UNSIGNED NOT NULL,
  `t_sub_out_line_prod_id` bigint(1) UNSIGNED NOT NULL,
  `t_sub_out_line_qty` decimal(10,0) NOT NULL,
  `t_sub_out_line_in` mediumint(1) NOT NULL,
  `t_sub_out_line_timestamp` timestamp NOT NULL DEFAULT CURRENT_TIMESTAMP
) ENGINE=InnoDB DEFAULT CHARSET=latin1;

--
-- Dumping data untuk tabel `t_sub_out_line`
--

INSERT INTO `t_sub_out_line` (`t_sub_out_line_id`, `t_sub_out_line_header`, `t_sub_out_line_prod_id`, `t_sub_out_line_qty`, `t_sub_out_line_in`, `t_sub_out_line_timestamp`) VALUES
(1, 1, 300, '35000', 0, '2016-10-21 03:12:37'),
(2, 1, 301, '35000', 0, '2016-10-21 03:12:57');

-- --------------------------------------------------------

--
-- Struktur dari tabel `user`
--

CREATE TABLE `user` (
  `id` int(1) NOT NULL,
  `name` varchar(100) NOT NULL,
  `username` varchar(100) CHARACTER SET latin1 COLLATE latin1_general_cs NOT NULL,
  `password` varchar(100) NOT NULL,
  `level` varchar(3) NOT NULL,
  `user_departemen` varchar(20) NOT NULL,
  `user_disetujui` enum('true','false') NOT NULL DEFAULT 'false',
  `user_diketahui` enum('true','false') NOT NULL DEFAULT 'false'
) ENGINE=InnoDB DEFAULT CHARSET=latin1 COMMENT='Master User';

--
-- Dumping data untuk tabel `user`
--

INSERT INTO `user` (`id`, `name`, `username`, `password`, `level`, `user_departemen`, `user_disetujui`, `user_diketahui`) VALUES
(1, 'Agus Setiawan', 'agus', 'c4ca4238a0b923820dcc509a6f75849b', '+1+', '1,2,3,4,5,6,7,8,9,10', 'true', 'true'),
(2, 'Dedi Sukardi', 'dedi', 'c4ca4238a0b923820dcc509a6f75849b', '+2+', '1,2', 'false', 'true'),
(3, 'Operator', 'operator', 'c4ca4238a0b923820dcc509a6f75849b', '+2+', '', 'false', 'false'),
(11, 'dasda', 'asdas', '7815696ecbf1c96e6894b779456d330e', 'asd', '', 'false', 'false');

-- --------------------------------------------------------

--
-- Stand-in structure for view `view_t_proc`
-- (Lihat di bawah untuk tampilan aktual)
--
CREATE TABLE `view_t_proc` (
`t_proc_id` int(11) unsigned
,`t_proc_seq` int(11) unsigned
,`t_proc_cat` tinyint(4) unsigned
,`t_proc_prod_id` bigint(20) unsigned
,`t_proc_qty_in` decimal(10,0) unsigned
,`t_proc_qty_out` decimal(10,0) unsigned
,`t_proc_opr_nik` varchar(6)
,`t_proc_machine` int(11) unsigned
,`t_proc_loc` smallint(6) unsigned
,`t_proc_time` timestamp
,`t_proc_kbm` tinyint(4) unsigned
,`t_proc_done` tinyint(4) unsigned
,`t_proc_cat_table` varchar(30)
);

-- --------------------------------------------------------

--
-- Struktur untuk view `view_t_proc`
--
DROP TABLE IF EXISTS `view_t_proc`;

CREATE ALGORITHM=UNDEFINED DEFINER=`root`@`localhost` SQL SECURITY DEFINER VIEW `view_t_proc`  AS  select `t_proc_fq`.`t_proc_id` AS `t_proc_id`,`t_proc_fq`.`t_proc_seq` AS `t_proc_seq`,`t_proc_fq`.`t_proc_cat` AS `t_proc_cat`,`t_proc_fq`.`t_proc_prod_id` AS `t_proc_prod_id`,`t_proc_fq`.`t_proc_qty_in` AS `t_proc_qty_in`,`t_proc_fq`.`t_proc_qty_out` AS `t_proc_qty_out`,`t_proc_fq`.`t_proc_opr_nik` AS `t_proc_opr_nik`,`t_proc_fq`.`t_proc_machine` AS `t_proc_machine`,`t_proc_fq`.`t_proc_loc` AS `t_proc_loc`,`t_proc_fq`.`t_proc_time` AS `t_proc_time`,`t_proc_fq`.`t_proc_kbm` AS `t_proc_kbm`,`t_proc_fq`.`t_proc_done` AS `t_proc_done`,`m_process_cat`.`m_process_cat_table` AS `t_proc_cat_table` from (`t_proc_fq` join `m_process_cat` on((`t_proc_fq`.`t_proc_cat` = `m_process_cat`.`m_process_cat_id`))) where (`t_proc_fq`.`t_proc_done` = 0) union all select `t_proc_furnace`.`t_proc_id` AS `t_proc_id`,`t_proc_furnace`.`t_proc_seq` AS `t_proc_seq`,`t_proc_furnace`.`t_proc_cat` AS `t_proc_cat`,`t_proc_furnace`.`t_proc_prod_id` AS `t_proc_prod_id`,`t_proc_furnace`.`t_proc_qty_in` AS `t_proc_qty_in`,`t_proc_furnace`.`t_proc_qty_out` AS `t_proc_qty_out`,`t_proc_furnace`.`t_proc_opr_nik` AS `t_proc_opr_nik`,`t_proc_furnace`.`t_proc_machine` AS `t_proc_machine`,`t_proc_furnace`.`t_proc_loc` AS `t_proc_loc`,`t_proc_furnace`.`t_proc_time` AS `t_proc_time`,`t_proc_furnace`.`t_proc_kbm` AS `t_proc_kbm`,`t_proc_furnace`.`t_proc_done` AS `t_proc_done`,`m_process_cat`.`m_process_cat_table` AS `t_proc_cat_table` from (`t_proc_furnace` join `m_process_cat` on((`t_proc_furnace`.`t_proc_cat` = `m_process_cat`.`m_process_cat_id`))) where (`t_proc_furnace`.`t_proc_done` = 0) union all select `t_proc_heading`.`t_proc_id` AS `t_proc_id`,`t_proc_heading`.`t_proc_seq` AS `t_proc_seq`,`t_proc_heading`.`t_proc_cat` AS `t_proc_cat`,`t_proc_heading`.`t_proc_prod_id` AS `t_proc_prod_id`,`t_proc_heading`.`t_proc_qty_in` AS `t_proc_qty_in`,`t_proc_heading`.`t_proc_qty_out` AS `t_proc_qty_out`,`t_proc_heading`.`t_proc_opr_nik` AS `t_proc_opr_nik`,`t_proc_heading`.`t_proc_machine` AS `t_proc_machine`,`t_proc_heading`.`t_proc_loc` AS `t_proc_loc`,`t_proc_heading`.`t_proc_time` AS `t_proc_time`,`t_proc_heading`.`t_proc_kbm` AS `t_proc_kbm`,`t_proc_heading`.`t_proc_done` AS `t_proc_done`,`m_process_cat`.`m_process_cat_table` AS `t_proc_cat_table` from (`t_proc_heading` join `m_process_cat` on((`t_proc_heading`.`t_proc_cat` = `m_process_cat`.`m_process_cat_id`))) where (`t_proc_heading`.`t_proc_done` = 0) union all select `t_proc_packing`.`t_proc_id` AS `t_proc_id`,`t_proc_packing`.`t_proc_seq` AS `t_proc_seq`,`t_proc_packing`.`t_proc_cat` AS `t_proc_cat`,`t_proc_packing`.`t_proc_prod_id` AS `t_proc_prod_id`,`t_proc_packing`.`t_proc_qty_in` AS `t_proc_qty_in`,`t_proc_packing`.`t_proc_qty_out` AS `t_proc_qty_out`,`t_proc_packing`.`t_proc_opr_nik` AS `t_proc_opr_nik`,`t_proc_packing`.`t_proc_machine` AS `t_proc_machine`,`t_proc_packing`.`t_proc_loc` AS `t_proc_loc`,`t_proc_packing`.`t_proc_time` AS `t_proc_time`,`t_proc_packing`.`t_proc_kbm` AS `t_proc_kbm`,`t_proc_packing`.`t_proc_done` AS `t_proc_done`,`m_process_cat`.`m_process_cat_table` AS `t_proc_cat_table` from (`t_proc_packing` join `m_process_cat` on((`t_proc_packing`.`t_proc_cat` = `m_process_cat`.`m_process_cat_id`))) where (`t_proc_packing`.`t_proc_done` = 0) union all select `t_proc_plating`.`t_proc_id` AS `t_proc_id`,`t_proc_plating`.`t_proc_seq` AS `t_proc_seq`,`t_proc_plating`.`t_proc_cat` AS `t_proc_cat`,`t_proc_plating`.`t_proc_prod_id` AS `t_proc_prod_id`,`t_proc_plating`.`t_proc_qty_in` AS `t_proc_qty_in`,`t_proc_plating`.`t_proc_qty_out` AS `t_proc_qty_out`,`t_proc_plating`.`t_proc_opr_nik` AS `t_proc_opr_nik`,`t_proc_plating`.`t_proc_machine` AS `t_proc_machine`,`t_proc_plating`.`t_proc_loc` AS `t_proc_loc`,`t_proc_plating`.`t_proc_time` AS `t_proc_time`,`t_proc_plating`.`t_proc_kbm` AS `t_proc_kbm`,`t_proc_plating`.`t_proc_done` AS `t_proc_done`,`m_process_cat`.`m_process_cat_table` AS `t_proc_cat_table` from (`t_proc_plating` join `m_process_cat` on((`t_proc_plating`.`t_proc_cat` = `m_process_cat`.`m_process_cat_id`))) where (`t_proc_plating`.`t_proc_done` = 0) union all select `t_proc_rolling`.`t_proc_id` AS `t_proc_id`,`t_proc_rolling`.`t_proc_seq` AS `t_proc_seq`,`t_proc_rolling`.`t_proc_cat` AS `t_proc_cat`,`t_proc_rolling`.`t_proc_prod_id` AS `t_proc_prod_id`,`t_proc_rolling`.`t_proc_qty_in` AS `t_proc_qty_in`,`t_proc_rolling`.`t_proc_qty_out` AS `t_proc_qty_out`,`t_proc_rolling`.`t_proc_opr_nik` AS `t_proc_opr_nik`,`t_proc_rolling`.`t_proc_machine` AS `t_proc_machine`,`t_proc_rolling`.`t_proc_loc` AS `t_proc_loc`,`t_proc_rolling`.`t_proc_time` AS `t_proc_time`,`t_proc_rolling`.`t_proc_kbm` AS `t_proc_kbm`,`t_proc_rolling`.`t_proc_done` AS `t_proc_done`,`m_process_cat`.`m_process_cat_table` AS `t_proc_cat_table` from (`t_proc_rolling` join `m_process_cat` on((`t_proc_rolling`.`t_proc_cat` = `m_process_cat`.`m_process_cat_id`))) where (`t_proc_rolling`.`t_proc_done` = 0) union all select `t_proc_slotting`.`t_proc_id` AS `t_proc_id`,`t_proc_slotting`.`t_proc_seq` AS `t_proc_seq`,`t_proc_slotting`.`t_proc_cat` AS `t_proc_cat`,`t_proc_slotting`.`t_proc_prod_id` AS `t_proc_prod_id`,`t_proc_slotting`.`t_proc_qty_in` AS `t_proc_qty_in`,`t_proc_slotting`.`t_proc_qty_out` AS `t_proc_qty_out`,`t_proc_slotting`.`t_proc_opr_nik` AS `t_proc_opr_nik`,`t_proc_slotting`.`t_proc_machine` AS `t_proc_machine`,`t_proc_slotting`.`t_proc_loc` AS `t_proc_loc`,`t_proc_slotting`.`t_proc_time` AS `t_proc_time`,`t_proc_slotting`.`t_proc_kbm` AS `t_proc_kbm`,`t_proc_slotting`.`t_proc_done` AS `t_proc_done`,`m_process_cat`.`m_process_cat_table` AS `t_proc_cat_table` from (`t_proc_slotting` join `m_process_cat` on((`t_proc_slotting`.`t_proc_cat` = `m_process_cat`.`m_process_cat_id`))) where (`t_proc_slotting`.`t_proc_done` = 0) ;

--
-- Indexes for dumped tables
--

--
-- Indexes for table `a_group`
--
ALTER TABLE `a_group`
  ADD PRIMARY KEY (`a_group_id`),
  ADD KEY `a_group_level` (`a_group_level`),
  ADD KEY `a_group_menu` (`a_group_menu`);

--
-- Indexes for table `a_level`
--
ALTER TABLE `a_level`
  ADD PRIMARY KEY (`a_level_id`),
  ADD UNIQUE KEY `a_level_name` (`a_level_name`);

--
-- Indexes for table `a_menu`
--
ALTER TABLE `a_menu`
  ADD PRIMARY KEY (`a_menu_id`);

--
-- Indexes for table `a_user`
--
ALTER TABLE `a_user`
  ADD PRIMARY KEY (`a_user_id`),
  ADD UNIQUE KEY `username` (`a_user_username`),
  ADD KEY `a_user_level` (`a_user_level`);

--
-- Indexes for table `menu`
--
ALTER TABLE `menu`
  ADD PRIMARY KEY (`id`);

--
-- Indexes for table `m_bom`
--
ALTER TABLE `m_bom`
  ADD KEY `m_bom_id` (`m_bom_id`),
  ADD KEY `m_bom_item` (`m_bom_item`);

--
-- Indexes for table `m_computer`
--
ALTER TABLE `m_computer`
  ADD PRIMARY KEY (`m_computer_id`),
  ADD UNIQUE KEY `m_computer_ip` (`m_computer_ip`),
  ADD KEY `m_computer_process_cat` (`m_computer_process_cat`);

--
-- Indexes for table `m_cust`
--
ALTER TABLE `m_cust`
  ADD PRIMARY KEY (`m_cust_id`),
  ADD KEY `cust_id` (`m_cust_id`);

--
-- Indexes for table `m_item`
--
ALTER TABLE `m_item`
  ADD PRIMARY KEY (`m_item_id`),
  ADD UNIQUE KEY `Nama_Barang` (`m_item_name`),
  ADD KEY `item_id` (`m_item_id`),
  ADD KEY `m_item_name` (`m_item_name`),
  ADD KEY `m_item_mark` (`m_item_mark`);

--
-- Indexes for table `m_item_bom`
--
ALTER TABLE `m_item_bom`
  ADD PRIMARY KEY (`m_item_bom_id`),
  ADD UNIQUE KEY `Nama_Barang` (`m_item_bom_name`),
  ADD KEY `m_item_bom_name` (`m_item_bom_name`);

--
-- Indexes for table `m_location`
--
ALTER TABLE `m_location`
  ADD PRIMARY KEY (`m_location_id`);

--
-- Indexes for table `m_machine`
--
ALTER TABLE `m_machine`
  ADD PRIMARY KEY (`m_machine_id`),
  ADD KEY `m_machine_proc` (`m_machine_proc`);

--
-- Indexes for table `m_marking`
--
ALTER TABLE `m_marking`
  ADD PRIMARY KEY (`m_marking_id`);

--
-- Indexes for table `m_operator`
--
ALTER TABLE `m_operator`
  ADD PRIMARY KEY (`m_operator_nik`);

--
-- Indexes for table `m_process`
--
ALTER TABLE `m_process`
  ADD KEY `m_process_id` (`m_process_id`),
  ADD KEY `m_process_seq` (`m_process_seq`),
  ADD KEY `m_process_name` (`m_process_proc_cat_id`);

--
-- Indexes for table `m_process_cat`
--
ALTER TABLE `m_process_cat`
  ADD PRIMARY KEY (`m_process_cat_id`);

--
-- Indexes for table `m_std_pack`
--
ALTER TABLE `m_std_pack`
  ADD KEY `m_std_pack_item` (`m_std_pack_item`),
  ADD KEY `m_std_pack_cust` (`m_std_pack_cust`);

--
-- Indexes for table `m_vend`
--
ALTER TABLE `m_vend`
  ADD PRIMARY KEY (`m_vend_id`),
  ADD KEY `cust_id` (`m_vend_id`);

--
-- Indexes for table `s_ci_sessions`
--
ALTER TABLE `s_ci_sessions`
  ADD PRIMARY KEY (`session_id`,`ip_address`),
  ADD KEY `last_activity_idx` (`last_activity`);

--
-- Indexes for table `s_ci_sessions_v3`
--
ALTER TABLE `s_ci_sessions_v3`
  ADD KEY `ci_sessions_timestamp` (`timestamp`);

--
-- Indexes for table `t_po_detail`
--
ALTER TABLE `t_po_detail`
  ADD PRIMARY KEY (`t_po_detail_lot_no`),
  ADD KEY `po_item` (`t_po_detail_item`),
  ADD KEY `po_cust` (`t_po_detail_cust`),
  ADD KEY `lot_no` (`t_po_detail_lot_no`),
  ADD KEY `t_po_detail_no` (`t_po_detail_no`);

--
-- Indexes for table `t_po_header`
--
ALTER TABLE `t_po_header`
  ADD PRIMARY KEY (`t_po_header_no`),
  ADD UNIQUE KEY `t_po_header_cust` (`t_po_header_cust`);

--
-- Indexes for table `t_process`
--
ALTER TABLE `t_process`
  ADD PRIMARY KEY (`t_process_id`),
  ADD KEY `t_process_prod_id` (`t_process_prod_id`),
  ADD KEY `t_process_operator` (`t_process_operator_nik`),
  ADD KEY `t_process_cat` (`t_process_cat`),
  ADD KEY `t_process_machine` (`t_process_machine`),
  ADD KEY `t_process_proc_seq` (`t_process_proc_seq`);

--
-- Indexes for table `t_proc_fq`
--
ALTER TABLE `t_proc_fq`
  ADD PRIMARY KEY (`t_proc_id`),
  ADD KEY `t_proc_fq_prod_id` (`t_proc_prod_id`),
  ADD KEY `t_proc_fq_opr_nik` (`t_proc_opr_nik`),
  ADD KEY `t_proc_fq_machine` (`t_proc_machine`),
  ADD KEY `t_proc_fq_loc` (`t_proc_loc`),
  ADD KEY `t_proc_fq_cat` (`t_proc_cat`);

--
-- Indexes for table `t_proc_furnace`
--
ALTER TABLE `t_proc_furnace`
  ADD PRIMARY KEY (`t_proc_id`),
  ADD KEY `t_proc_furnace_prod_id` (`t_proc_prod_id`),
  ADD KEY `t_proc_furnace_opr_nik` (`t_proc_opr_nik`),
  ADD KEY `t_proc_furnace_machine` (`t_proc_machine`),
  ADD KEY `t_proc_furnace_loc` (`t_proc_loc`),
  ADD KEY `t_proc_furnace_cat` (`t_proc_cat`);

--
-- Indexes for table `t_proc_heading`
--
ALTER TABLE `t_proc_heading`
  ADD PRIMARY KEY (`t_proc_id`),
  ADD KEY `t_proc_heading_prod_id` (`t_proc_prod_id`),
  ADD KEY `t_proc_heading_opr_nik` (`t_proc_opr_nik`),
  ADD KEY `t_proc_heading_machine` (`t_proc_machine`),
  ADD KEY `t_proc_heading_loc` (`t_proc_loc`),
  ADD KEY `t_proc_heading_cat` (`t_proc_cat`);

--
-- Indexes for table `t_proc_packing`
--
ALTER TABLE `t_proc_packing`
  ADD PRIMARY KEY (`t_proc_id`),
  ADD KEY `t_proc_packing_prod_id` (`t_proc_prod_id`),
  ADD KEY `t_proc_packing_opr_nik` (`t_proc_opr_nik`),
  ADD KEY `t_proc_packing_machine` (`t_proc_machine`),
  ADD KEY `t_proc_packing_loc` (`t_proc_loc`),
  ADD KEY `t_proc_packing_cat` (`t_proc_cat`);

--
-- Indexes for table `t_proc_plating`
--
ALTER TABLE `t_proc_plating`
  ADD PRIMARY KEY (`t_proc_id`),
  ADD KEY `t_proc_plating_prod_id` (`t_proc_prod_id`),
  ADD KEY `t_proc_plating_opr_nik` (`t_proc_opr_nik`),
  ADD KEY `t_proc_plating_machine` (`t_proc_machine`),
  ADD KEY `t_proc_plating_loc` (`t_proc_loc`),
  ADD KEY `t_proc_plating_cat` (`t_proc_cat`);

--
-- Indexes for table `t_proc_rolling`
--
ALTER TABLE `t_proc_rolling`
  ADD PRIMARY KEY (`t_proc_id`),
  ADD KEY `t_proc_heading_prod_id` (`t_proc_prod_id`),
  ADD KEY `t_proc_heading_opr_nik` (`t_proc_opr_nik`),
  ADD KEY `t_proc_heading_machine` (`t_proc_machine`),
  ADD KEY `t_proc_heading_loc` (`t_proc_loc`),
  ADD KEY `t_proc_heading_cat` (`t_proc_cat`);

--
-- Indexes for table `t_proc_slotting`
--
ALTER TABLE `t_proc_slotting`
  ADD PRIMARY KEY (`t_proc_id`),
  ADD KEY `t_proc_heading_prod_id` (`t_proc_prod_id`),
  ADD KEY `t_proc_heading_opr_nik` (`t_proc_opr_nik`),
  ADD KEY `t_proc_heading_machine` (`t_proc_machine`),
  ADD KEY `t_proc_heading_loc` (`t_proc_loc`),
  ADD KEY `t_proc_heading_cat` (`t_proc_cat`);

--
-- Indexes for table `t_prod`
--
ALTER TABLE `t_prod`
  ADD PRIMARY KEY (`t_prod_id`),
  ADD KEY `t_prod_lot` (`t_prod_lot`),
  ADD KEY `t_prod_sublot` (`t_prod_sublot`);

--
-- Indexes for table `t_sub_in_head`
--
ALTER TABLE `t_sub_in_head`
  ADD PRIMARY KEY (`t_sub_in_head_id`),
  ADD KEY `t_subcount_header_vendor` (`t_sub_in_head_vendor`),
  ADD KEY `t_sub_in_head_opr` (`t_sub_in_head_opr`);

--
-- Indexes for table `t_sub_in_line`
--
ALTER TABLE `t_sub_in_line`
  ADD PRIMARY KEY (`t_sub_in_line_id`),
  ADD KEY `t_subcount_detail_header` (`t_sub_in_line_header`),
  ADD KEY `t_subcount_detail_prod_id` (`t_sub_in_line_prod_id`);

--
-- Indexes for table `t_sub_out_head`
--
ALTER TABLE `t_sub_out_head`
  ADD PRIMARY KEY (`t_sub_out_head_id`),
  ADD KEY `t_subcount_header_vendor` (`t_sub_out_head_vendor`),
  ADD KEY `t_sub_out_head_opr` (`t_sub_out_head_opr`);

--
-- Indexes for table `t_sub_out_line`
--
ALTER TABLE `t_sub_out_line`
  ADD PRIMARY KEY (`t_sub_out_line_id`),
  ADD KEY `t_subcount_detail_header` (`t_sub_out_line_header`),
  ADD KEY `t_subcount_detail_prod_id` (`t_sub_out_line_prod_id`),
  ADD KEY `t_sub_out_line_in` (`t_sub_out_line_in`);

--
-- Indexes for table `user`
--
ALTER TABLE `user`
  ADD PRIMARY KEY (`id`),
  ADD UNIQUE KEY `username` (`username`);

--
-- AUTO_INCREMENT for dumped tables
--

--
-- AUTO_INCREMENT for table `a_group`
--
ALTER TABLE `a_group`
  MODIFY `a_group_id` int(1) UNSIGNED NOT NULL AUTO_INCREMENT, AUTO_INCREMENT=117;

--
-- AUTO_INCREMENT for table `a_level`
--
ALTER TABLE `a_level`
  MODIFY `a_level_id` int(1) UNSIGNED NOT NULL AUTO_INCREMENT, AUTO_INCREMENT=8;

--
-- AUTO_INCREMENT for table `a_menu`
--
ALTER TABLE `a_menu`
  MODIFY `a_menu_id` int(1) UNSIGNED NOT NULL AUTO_INCREMENT, AUTO_INCREMENT=58;

--
-- AUTO_INCREMENT for table `a_user`
--
ALTER TABLE `a_user`
  MODIFY `a_user_id` int(1) NOT NULL AUTO_INCREMENT, AUTO_INCREMENT=5;

--
-- AUTO_INCREMENT for table `menu`
--
ALTER TABLE `menu`
  MODIFY `id` int(1) NOT NULL AUTO_INCREMENT, AUTO_INCREMENT=24;

--
-- AUTO_INCREMENT for table `m_computer`
--
ALTER TABLE `m_computer`
  MODIFY `m_computer_id` int(1) UNSIGNED NOT NULL AUTO_INCREMENT, AUTO_INCREMENT=24;

--
-- AUTO_INCREMENT for table `m_location`
--
ALTER TABLE `m_location`
  MODIFY `m_location_id` smallint(1) UNSIGNED NOT NULL AUTO_INCREMENT, AUTO_INCREMENT=2;

--
-- AUTO_INCREMENT for table `m_machine`
--
ALTER TABLE `m_machine`
  MODIFY `m_machine_id` int(1) UNSIGNED NOT NULL AUTO_INCREMENT, AUTO_INCREMENT=8;

--
-- AUTO_INCREMENT for table `m_marking`
--
ALTER TABLE `m_marking`
  MODIFY `m_marking_id` tinyint(1) UNSIGNED NOT NULL AUTO_INCREMENT, AUTO_INCREMENT=3;

--
-- AUTO_INCREMENT for table `m_process_cat`
--
ALTER TABLE `m_process_cat`
  MODIFY `m_process_cat_id` tinyint(1) UNSIGNED NOT NULL AUTO_INCREMENT, AUTO_INCREMENT=50;

--
-- AUTO_INCREMENT for table `t_process`
--
ALTER TABLE `t_process`
  MODIFY `t_process_id` bigint(1) UNSIGNED NOT NULL AUTO_INCREMENT, AUTO_INCREMENT=110;

--
-- AUTO_INCREMENT for table `t_proc_fq`
--
ALTER TABLE `t_proc_fq`
  MODIFY `t_proc_id` int(1) UNSIGNED NOT NULL AUTO_INCREMENT;

--
-- AUTO_INCREMENT for table `t_proc_furnace`
--
ALTER TABLE `t_proc_furnace`
  MODIFY `t_proc_id` int(1) UNSIGNED NOT NULL AUTO_INCREMENT, AUTO_INCREMENT=2;

--
-- AUTO_INCREMENT for table `t_proc_heading`
--
ALTER TABLE `t_proc_heading`
  MODIFY `t_proc_id` int(1) UNSIGNED NOT NULL AUTO_INCREMENT, AUTO_INCREMENT=7;

--
-- AUTO_INCREMENT for table `t_proc_packing`
--
ALTER TABLE `t_proc_packing`
  MODIFY `t_proc_id` int(1) UNSIGNED NOT NULL AUTO_INCREMENT;

--
-- AUTO_INCREMENT for table `t_proc_plating`
--
ALTER TABLE `t_proc_plating`
  MODIFY `t_proc_id` int(1) UNSIGNED NOT NULL AUTO_INCREMENT, AUTO_INCREMENT=2;

--
-- AUTO_INCREMENT for table `t_proc_rolling`
--
ALTER TABLE `t_proc_rolling`
  MODIFY `t_proc_id` int(1) UNSIGNED NOT NULL AUTO_INCREMENT, AUTO_INCREMENT=3;

--
-- AUTO_INCREMENT for table `t_proc_slotting`
--
ALTER TABLE `t_proc_slotting`
  MODIFY `t_proc_id` int(1) UNSIGNED NOT NULL AUTO_INCREMENT, AUTO_INCREMENT=4;

--
-- AUTO_INCREMENT for table `t_prod`
--
ALTER TABLE `t_prod`
  MODIFY `t_prod_id` bigint(1) UNSIGNED NOT NULL AUTO_INCREMENT, AUTO_INCREMENT=1393;

--
-- AUTO_INCREMENT for table `t_sub_in_head`
--
ALTER TABLE `t_sub_in_head`
  MODIFY `t_sub_in_head_id` int(1) UNSIGNED NOT NULL AUTO_INCREMENT, AUTO_INCREMENT=2;

--
-- AUTO_INCREMENT for table `t_sub_in_line`
--
ALTER TABLE `t_sub_in_line`
  MODIFY `t_sub_in_line_id` mediumint(1) UNSIGNED NOT NULL AUTO_INCREMENT, AUTO_INCREMENT=3;

--
-- AUTO_INCREMENT for table `t_sub_out_head`
--
ALTER TABLE `t_sub_out_head`
  MODIFY `t_sub_out_head_id` int(1) UNSIGNED NOT NULL AUTO_INCREMENT, AUTO_INCREMENT=2;

--
-- AUTO_INCREMENT for table `t_sub_out_line`
--
ALTER TABLE `t_sub_out_line`
  MODIFY `t_sub_out_line_id` mediumint(1) UNSIGNED NOT NULL AUTO_INCREMENT, AUTO_INCREMENT=3;

--
-- AUTO_INCREMENT for table `user`
--
ALTER TABLE `user`
  MODIFY `id` int(1) NOT NULL AUTO_INCREMENT, AUTO_INCREMENT=12;

--
-- Ketidakleluasaan untuk tabel pelimpahan (Dumped Tables)
--

--
-- Ketidakleluasaan untuk tabel `a_group`
--
ALTER TABLE `a_group`
  ADD CONSTRAINT `a_group_ibfk_3` FOREIGN KEY (`a_group_menu`) REFERENCES `a_menu` (`a_menu_id`) ON DELETE CASCADE ON UPDATE CASCADE,
  ADD CONSTRAINT `a_group_ibfk_4` FOREIGN KEY (`a_group_level`) REFERENCES `a_level` (`a_level_id`) ON DELETE CASCADE ON UPDATE CASCADE;

--
-- Ketidakleluasaan untuk tabel `a_user`
--
ALTER TABLE `a_user`
  ADD CONSTRAINT `a_user_ibfk_1` FOREIGN KEY (`a_user_level`) REFERENCES `a_level` (`a_level_id`);

--
-- Ketidakleluasaan untuk tabel `m_bom`
--
ALTER TABLE `m_bom`
  ADD CONSTRAINT `m_bom_ibfk_3` FOREIGN KEY (`m_bom_id`) REFERENCES `m_item` (`m_item_id`) ON UPDATE CASCADE,
  ADD CONSTRAINT `m_bom_ibfk_4` FOREIGN KEY (`m_bom_item`) REFERENCES `m_item_bom` (`m_item_bom_id`) ON UPDATE CASCADE;

--
-- Ketidakleluasaan untuk tabel `m_computer`
--
ALTER TABLE `m_computer`
  ADD CONSTRAINT `m_computer_ibfk_1` FOREIGN KEY (`m_computer_process_cat`) REFERENCES `m_process_cat` (`m_process_cat_id`);

--
-- Ketidakleluasaan untuk tabel `m_item`
--
ALTER TABLE `m_item`
  ADD CONSTRAINT `m_item_ibfk_1` FOREIGN KEY (`m_item_mark`) REFERENCES `m_marking` (`m_marking_id`);

--
-- Ketidakleluasaan untuk tabel `m_machine`
--
ALTER TABLE `m_machine`
  ADD CONSTRAINT `m_machine_ibfk_1` FOREIGN KEY (`m_machine_proc`) REFERENCES `m_process_cat` (`m_process_cat_id`);

--
-- Ketidakleluasaan untuk tabel `m_process`
--
ALTER TABLE `m_process`
  ADD CONSTRAINT `m_process_ibfk_1` FOREIGN KEY (`m_process_id`) REFERENCES `m_item` (`m_item_id`) ON UPDATE CASCADE,
  ADD CONSTRAINT `m_process_ibfk_2` FOREIGN KEY (`m_process_proc_cat_id`) REFERENCES `m_process_cat` (`m_process_cat_id`);

--
-- Ketidakleluasaan untuk tabel `m_std_pack`
--
ALTER TABLE `m_std_pack`
  ADD CONSTRAINT `m_std_pack_ibfk_1` FOREIGN KEY (`m_std_pack_cust`) REFERENCES `m_cust` (`m_cust_id`),
  ADD CONSTRAINT `m_std_pack_ibfk_2` FOREIGN KEY (`m_std_pack_item`) REFERENCES `m_item` (`m_item_id`) ON UPDATE CASCADE;

--
-- Ketidakleluasaan untuk tabel `t_po_detail`
--
ALTER TABLE `t_po_detail`
  ADD CONSTRAINT `t_po_detail_ibfk_1` FOREIGN KEY (`t_po_detail_no`) REFERENCES `t_po_header` (`t_po_header_no`) ON UPDATE CASCADE,
  ADD CONSTRAINT `t_po_detail_ibfk_2` FOREIGN KEY (`t_po_detail_cust`) REFERENCES `m_cust` (`m_cust_id`),
  ADD CONSTRAINT `t_po_detail_ibfk_3` FOREIGN KEY (`t_po_detail_item`) REFERENCES `m_item` (`m_item_id`) ON UPDATE CASCADE;

--
-- Ketidakleluasaan untuk tabel `t_process`
--
ALTER TABLE `t_process`
  ADD CONSTRAINT `t_process_ibfk_1` FOREIGN KEY (`t_process_cat`) REFERENCES `m_process_cat` (`m_process_cat_id`),
  ADD CONSTRAINT `t_process_ibfk_2` FOREIGN KEY (`t_process_prod_id`) REFERENCES `t_prod` (`t_prod_id`),
  ADD CONSTRAINT `t_process_ibfk_3` FOREIGN KEY (`t_process_operator_nik`) REFERENCES `m_operator` (`m_operator_nik`),
  ADD CONSTRAINT `t_process_ibfk_4` FOREIGN KEY (`t_process_machine`) REFERENCES `m_machine` (`m_machine_id`);

--
-- Ketidakleluasaan untuk tabel `t_proc_fq`
--
ALTER TABLE `t_proc_fq`
  ADD CONSTRAINT `t_proc_fq_ibfk_1` FOREIGN KEY (`t_proc_prod_id`) REFERENCES `t_prod` (`t_prod_id`),
  ADD CONSTRAINT `t_proc_fq_ibfk_2` FOREIGN KEY (`t_proc_opr_nik`) REFERENCES `m_operator` (`m_operator_nik`),
  ADD CONSTRAINT `t_proc_fq_ibfk_3` FOREIGN KEY (`t_proc_machine`) REFERENCES `m_machine` (`m_machine_id`),
  ADD CONSTRAINT `t_proc_fq_ibfk_4` FOREIGN KEY (`t_proc_loc`) REFERENCES `m_location` (`m_location_id`),
  ADD CONSTRAINT `t_proc_fq_ibfk_5` FOREIGN KEY (`t_proc_cat`) REFERENCES `m_process_cat` (`m_process_cat_id`);

--
-- Ketidakleluasaan untuk tabel `t_proc_furnace`
--
ALTER TABLE `t_proc_furnace`
  ADD CONSTRAINT `t_proc_furnace_ibfk_1` FOREIGN KEY (`t_proc_prod_id`) REFERENCES `t_prod` (`t_prod_id`),
  ADD CONSTRAINT `t_proc_furnace_ibfk_2` FOREIGN KEY (`t_proc_opr_nik`) REFERENCES `m_operator` (`m_operator_nik`),
  ADD CONSTRAINT `t_proc_furnace_ibfk_3` FOREIGN KEY (`t_proc_machine`) REFERENCES `m_machine` (`m_machine_id`),
  ADD CONSTRAINT `t_proc_furnace_ibfk_4` FOREIGN KEY (`t_proc_loc`) REFERENCES `m_location` (`m_location_id`),
  ADD CONSTRAINT `t_proc_furnace_ibfk_5` FOREIGN KEY (`t_proc_cat`) REFERENCES `m_process_cat` (`m_process_cat_id`);

--
-- Ketidakleluasaan untuk tabel `t_proc_heading`
--
ALTER TABLE `t_proc_heading`
  ADD CONSTRAINT `t_proc_heading_ibfk_1` FOREIGN KEY (`t_proc_prod_id`) REFERENCES `t_prod` (`t_prod_id`),
  ADD CONSTRAINT `t_proc_heading_ibfk_2` FOREIGN KEY (`t_proc_opr_nik`) REFERENCES `m_operator` (`m_operator_nik`),
  ADD CONSTRAINT `t_proc_heading_ibfk_3` FOREIGN KEY (`t_proc_machine`) REFERENCES `m_machine` (`m_machine_id`),
  ADD CONSTRAINT `t_proc_heading_ibfk_4` FOREIGN KEY (`t_proc_loc`) REFERENCES `m_location` (`m_location_id`),
  ADD CONSTRAINT `t_proc_heading_ibfk_5` FOREIGN KEY (`t_proc_cat`) REFERENCES `m_process_cat` (`m_process_cat_id`);

--
-- Ketidakleluasaan untuk tabel `t_proc_packing`
--
ALTER TABLE `t_proc_packing`
  ADD CONSTRAINT `t_proc_packing_ibfk_1` FOREIGN KEY (`t_proc_prod_id`) REFERENCES `t_prod` (`t_prod_id`),
  ADD CONSTRAINT `t_proc_packing_ibfk_2` FOREIGN KEY (`t_proc_opr_nik`) REFERENCES `m_operator` (`m_operator_nik`),
  ADD CONSTRAINT `t_proc_packing_ibfk_3` FOREIGN KEY (`t_proc_machine`) REFERENCES `m_machine` (`m_machine_id`),
  ADD CONSTRAINT `t_proc_packing_ibfk_4` FOREIGN KEY (`t_proc_loc`) REFERENCES `m_location` (`m_location_id`),
  ADD CONSTRAINT `t_proc_packing_ibfk_5` FOREIGN KEY (`t_proc_cat`) REFERENCES `m_process_cat` (`m_process_cat_id`);

--
-- Ketidakleluasaan untuk tabel `t_proc_plating`
--
ALTER TABLE `t_proc_plating`
  ADD CONSTRAINT `t_proc_plating_ibfk_1` FOREIGN KEY (`t_proc_prod_id`) REFERENCES `t_prod` (`t_prod_id`),
  ADD CONSTRAINT `t_proc_plating_ibfk_2` FOREIGN KEY (`t_proc_opr_nik`) REFERENCES `m_operator` (`m_operator_nik`),
  ADD CONSTRAINT `t_proc_plating_ibfk_3` FOREIGN KEY (`t_proc_machine`) REFERENCES `m_machine` (`m_machine_id`),
  ADD CONSTRAINT `t_proc_plating_ibfk_4` FOREIGN KEY (`t_proc_loc`) REFERENCES `m_location` (`m_location_id`),
  ADD CONSTRAINT `t_proc_plating_ibfk_5` FOREIGN KEY (`t_proc_cat`) REFERENCES `m_process_cat` (`m_process_cat_id`);

--
-- Ketidakleluasaan untuk tabel `t_proc_rolling`
--
ALTER TABLE `t_proc_rolling`
  ADD CONSTRAINT `t_proc_rolling_ibfk_1` FOREIGN KEY (`t_proc_prod_id`) REFERENCES `t_prod` (`t_prod_id`),
  ADD CONSTRAINT `t_proc_rolling_ibfk_2` FOREIGN KEY (`t_proc_opr_nik`) REFERENCES `m_operator` (`m_operator_nik`),
  ADD CONSTRAINT `t_proc_rolling_ibfk_3` FOREIGN KEY (`t_proc_machine`) REFERENCES `m_machine` (`m_machine_id`),
  ADD CONSTRAINT `t_proc_rolling_ibfk_4` FOREIGN KEY (`t_proc_loc`) REFERENCES `m_location` (`m_location_id`),
  ADD CONSTRAINT `t_proc_rolling_ibfk_5` FOREIGN KEY (`t_proc_cat`) REFERENCES `m_process_cat` (`m_process_cat_id`);

--
-- Ketidakleluasaan untuk tabel `t_proc_slotting`
--
ALTER TABLE `t_proc_slotting`
  ADD CONSTRAINT `t_proc_slotting_ibfk_1` FOREIGN KEY (`t_proc_opr_nik`) REFERENCES `m_operator` (`m_operator_nik`),
  ADD CONSTRAINT `t_proc_slotting_ibfk_2` FOREIGN KEY (`t_proc_machine`) REFERENCES `m_machine` (`m_machine_id`),
  ADD CONSTRAINT `t_proc_slotting_ibfk_3` FOREIGN KEY (`t_proc_loc`) REFERENCES `m_location` (`m_location_id`),
  ADD CONSTRAINT `t_proc_slotting_ibfk_4` FOREIGN KEY (`t_proc_cat`) REFERENCES `m_process_cat` (`m_process_cat_id`),
  ADD CONSTRAINT `t_proc_slotting_ibfk_5` FOREIGN KEY (`t_proc_prod_id`) REFERENCES `t_prod` (`t_prod_id`);

--
-- Ketidakleluasaan untuk tabel `t_prod`
--
ALTER TABLE `t_prod`
  ADD CONSTRAINT `t_prod_ibfk_1` FOREIGN KEY (`t_prod_lot`) REFERENCES `t_po_detail` (`t_po_detail_lot_no`);

--
-- Ketidakleluasaan untuk tabel `t_sub_in_head`
--
ALTER TABLE `t_sub_in_head`
  ADD CONSTRAINT `t_sub_in_head_ibfk_1` FOREIGN KEY (`t_sub_in_head_vendor`) REFERENCES `m_vend` (`m_vend_id`),
  ADD CONSTRAINT `t_sub_in_head_ibfk_2` FOREIGN KEY (`t_sub_in_head_opr`) REFERENCES `m_operator` (`m_operator_nik`);

--
-- Ketidakleluasaan untuk tabel `t_sub_in_line`
--
ALTER TABLE `t_sub_in_line`
  ADD CONSTRAINT `t_sub_in_line_ibfk_1` FOREIGN KEY (`t_sub_in_line_header`) REFERENCES `t_sub_in_head` (`t_sub_in_head_id`),
  ADD CONSTRAINT `t_sub_in_line_ibfk_2` FOREIGN KEY (`t_sub_in_line_prod_id`) REFERENCES `t_prod` (`t_prod_id`);

--
-- Ketidakleluasaan untuk tabel `t_sub_out_head`
--
ALTER TABLE `t_sub_out_head`
  ADD CONSTRAINT `t_sub_out_head_ibfk_1` FOREIGN KEY (`t_sub_out_head_vendor`) REFERENCES `m_vend` (`m_vend_id`),
  ADD CONSTRAINT `t_sub_out_head_ibfk_2` FOREIGN KEY (`t_sub_out_head_opr`) REFERENCES `m_operator` (`m_operator_nik`);

--
-- Ketidakleluasaan untuk tabel `t_sub_out_line`
--
ALTER TABLE `t_sub_out_line`
  ADD CONSTRAINT `t_sub_out_line_ibfk_1` FOREIGN KEY (`t_sub_out_line_header`) REFERENCES `t_sub_out_head` (`t_sub_out_head_id`),
  ADD CONSTRAINT `t_sub_out_line_ibfk_2` FOREIGN KEY (`t_sub_out_line_prod_id`) REFERENCES `t_prod` (`t_prod_id`);
COMMIT;

/*!40101 SET CHARACTER_SET_CLIENT=@OLD_CHARACTER_SET_CLIENT */;
/*!40101 SET CHARACTER_SET_RESULTS=@OLD_CHARACTER_SET_RESULTS */;
/*!40101 SET COLLATION_CONNECTION=@OLD_COLLATION_CONNECTION */;
